Mutations_str,Date,ID,Lineage,Location,Ancestor_ID,kshell,wdks
3037(SNP:C->T);14408(SNP:C->T);15324(SNP:C->T);23403(SNP:A->G);25433(SNP:C->T);29546(SNP:C->T),2020-03-30,['EPI_ISL_429776' 'EPI_ISL_418418' 'EPI_ISL_418419'],B.1.147,France,"['EPI_ISL_418663' 'EPI_ISL_418811' 'EPI_ISL_420409' 'EPI_ISL_420445'
 'EPI_ISL_429806' 'EPI_ISL_429811' 'EPI_ISL_429816' 'LR794668.1'
 'EPI_ISL_420847' 'EPI_ISL_444495' 'EPI_ISL_451168' 'EPI_ISL_447120']",1,4.739185230899658e-06
3037(SNP:C->T);14408(SNP:C->T);15324(SNP:C->T);21724(SNP:G->T);23403(SNP:A->G);25433(SNP:C->T),2020-03-23,['EPI_ISL_416757'],B.1.147,France,"['EPI_ISL_418663' 'EPI_ISL_418811' 'EPI_ISL_420409' 'EPI_ISL_420445'
 'EPI_ISL_429806' 'EPI_ISL_429811' 'EPI_ISL_429816' 'LR794668.1'
 'EPI_ISL_420847' 'EPI_ISL_444495' 'EPI_ISL_451168' 'EPI_ISL_447120']",1,4.739185230899658e-06
3037(SNP:C->T);14408(SNP:C->T);15324(SNP:C->T);18656(SNP:C->T);23403(SNP:A->G);25433(SNP:C->T),2020-03-29,['EPI_ISL_418222'],B.1.147,France,"['EPI_ISL_418663' 'EPI_ISL_418811' 'EPI_ISL_420409' 'EPI_ISL_420445'
 'EPI_ISL_429806' 'EPI_ISL_429811' 'EPI_ISL_429816' 'LR794668.1'
 'EPI_ISL_420847' 'EPI_ISL_444495' 'EPI_ISL_451168' 'EPI_ISL_447120']",1,4.739185230899658e-06
3037(SNP:C->T);14408(SNP:C->T);15324(SNP:C->T);23403(SNP:A->G);25433(SNP:C->T);26313(SNP:C->T),2020-03-30,['EPI_ISL_418653'],B.1.147,Belgium,"['EPI_ISL_418663' 'EPI_ISL_418811' 'EPI_ISL_420409' 'EPI_ISL_420445'
 'EPI_ISL_429806' 'EPI_ISL_429811' 'EPI_ISL_429816' 'LR794668.1'
 'EPI_ISL_420847' 'EPI_ISL_444495' 'EPI_ISL_451168' 'EPI_ISL_447120']",1,4.739185230899658e-06
3037(SNP:C->T);11083(SNP:G->T);14408(SNP:C->T);15324(SNP:C->T);18828(SNP:C->T);23403(SNP:A->G),2020-04-29,['EPI_ISL_434502'],B.1,Luxembourg,['EPI_ISL_420381' 'EPI_ISL_437352' 'MT506893.1'],1,4.739185230899658e-06
3037(SNP:C->T);11083(SNP:G->T);14408(SNP:C->T);15324(SNP:C->T);23403(SNP:A->G);29555(SNP:C->T),2020-05-08,['EPI_ISL_437338'],B.1,Democratic Republic of the Congo,['EPI_ISL_420381' 'EPI_ISL_437352' 'MT506893.1'],1,4.739185230899658e-06
3037(SNP:C->T);4158(SNP:C->T);11572(SNP:C->T);14408(SNP:C->T);15324(SNP:C->T);23403(SNP:A->G),2020-05-08,['EPI_ISL_437337'],B.1.149,Democratic Republic of the Congo,"['EPI_ISL_416493' 'EPI_ISL_417946' 'EPI_ISL_417947' 'EPI_ISL_418024'
 'EPI_ISL_418230' 'EPI_ISL_418231' 'EPI_ISL_418234' 'EPI_ISL_418628'
 'EPI_ISL_418632' 'EPI_ISL_418634' 'EPI_ISL_418635' 'EPI_ISL_418648'
 'EPI_ISL_418657' 'EPI_ISL_418659' 'EPI_ISL_418795' 'EPI_ISL_419593'
 'EPI_ISL_420035' 'EPI_ISL_420039' 'EPI_ISL_420083' 'EPI_ISL_420365'
 'EPI_ISL_420368' 'EPI_ISL_420373' 'EPI_ISL_420380' 'EPI_ISL_420382'
 'EPI_ISL_420384' 'EPI_ISL_420389' 'EPI_ISL_420390' 'EPI_ISL_420395'
 'EPI_ISL_420396' 'EPI_ISL_420397' 'EPI_ISL_420427' 'EPI_ISL_420432'
 'EPI_ISL_420434' 'EPI_ISL_420440' 'EPI_ISL_420452' 'EPI_ISL_421508'
 'EPI_ISL_421745' 'EPI_ISL_421746' 'MT320538.2' 'EPI_ISL_427394'
 'EPI_ISL_428890' 'EPI_ISL_429724' 'EPI_ISL_429766' 'EPI_ISL_429782'
 'EPI_ISL_434621' 'EPI_ISL_434622' 'EPI_ISL_434623' 'EPI_ISL_434624'
 'EPI_ISL_434625' 'EPI_ISL_434631' 'EPI_ISL_434632' 'EPI_ISL_434633'
 'EPI_ISL_434634' 'EPI_ISL_435032' 'EPI_ISL_433646' 'EPI_ISL_437348'
 'EPI_ISL_437350' 'FR994049.1' 'EPI_ISL_443291' 'EPI_ISL_444969'
 'EPI_ISL_445069' 'MT358643.1' 'MT470101.1' 'MT470102.1' 'MT470106.1'
 'MT470110.1' 'MT470113.1' 'MT470114.1' 'MT470118.1' 'MT470124.1'
 'MT470133.1' 'MT470136.1' 'MT470138.1' 'MT470140.1' 'MT470143.1'
 'MT470148.1' 'MT470155.1' 'MT470162.1' 'MT470164.1' 'MT470165.1'
 'MT470167.1' 'MT470173.1' 'MT470176.1' 'EPI_ISL_445216' 'EPI_ISL_445272'
 'EPI_ISL_450519' 'LR824235.1' 'LR824247.1' 'LR824250.1' 'LR824268.1'
 'LR824263.1' 'LR824266.1' 'LR824283.1' 'LR824301.1' 'LR824326.1'
 'LR824321.1' 'LR824318.1' 'LR824325.1' 'LR824342.1' 'LR824371.1'
 'LR824381.1' 'LR824400.1' 'LR824409.1' 'LR824413.1' 'LR824414.1'
 'EPI_ISL_451935' 'EPI_ISL_452148' 'EPI_ISL_452151' 'EPI_ISL_452152'
 'EPI_ISL_453982' 'EPI_ISL_457974' 'NMDC60013159' 'NMDC60013162'
 'NMDC60013163' 'NMDC60013164' 'NMDC60013165' 'NMDC60013166'
 'NMDC60013167' 'NMDC60013168' 'NMDC60013169' 'NMDC60013170'
 'NMDC60013171' 'NMDC60013172' 'NMDC60013173' 'NMDC60013174'
 'NMDC60013175' 'NMDC60013176' 'NMDC60013177' 'NMDC60013184'
 'NMDC60013186' 'NMDC60013188' 'NMDC60013189' 'NMDC60013190'
 'NMDC60013191' 'NMDC60013192' 'NMDC60013193' 'NMDC60013194'
 'NMDC60013195' 'NMDC60013196' 'NMDC60013197' 'NMDC60013198'
 'NMDC60013199' 'NMDC60013239' 'NMDC60013240' 'NMDC60013242' 'LR794385.1'
 'LR794405.1' 'LR794433.1' 'LR794462.1' 'LR794514.1' 'LR794519.1'
 'LR794530.1' 'LR794549.1' 'LR794564.1' 'LR794619.1' 'LR794620.1'
 'LR794650.1' 'EPI_ISL_421932' 'EPI_ISL_420624' 'EPI_ISL_420620'
 'EPI_ISL_420609' 'EPI_ISL_420611' 'EPI_ISL_420619' 'EPI_ISL_420598'
 'EPI_ISL_420605' 'EPI_ISL_451091' 'EPI_ISL_434889' 'EPI_ISL_451087'
 'EPI_ISL_451084' 'EPI_ISL_455978' 'EPI_ISL_439246' 'EPI_ISL_453745'
 'EPI_ISL_453760' 'EPI_ISL_439159' 'EPI_ISL_432762' 'EPI_ISL_434503'
 'EPI_ISL_434493' 'EPI_ISL_442479' 'EPI_ISL_427379' 'EPI_ISL_427385'
 'EPI_ISL_432478' 'EPI_ISL_424658' 'EPI_ISL_424652' 'EPI_ISL_424655'
 'EPI_ISL_424644' 'EPI_ISL_424642' 'EPI_ISL_424650' 'EPI_ISL_424633'
 'EPI_ISL_424640' 'EPI_ISL_428944' 'EPI_ISL_421204' 'EPI_ISL_423583'
 'EPI_ISL_433499' 'EPI_ISL_429571' 'EPI_ISL_435421' 'EPI_ISL_428359'
 'EPI_ISL_443301' 'EPI_ISL_421512' 'EPI_ISL_428352' 'EPI_ISL_432864'
 'EPI_ISL_419182' 'EPI_ISL_419185' 'EPI_ISL_419186' 'EPI_ISL_420063'
 'EPI_ISL_425899' 'EPI_ISL_419170' 'EPI_ISL_443310' 'EPI_ISL_417526'
 'EPI_ISL_420044' 'EPI_ISL_418423' 'EPI_ISL_418427' 'EPI_ISL_421750'
 'EPI_ISL_418422' 'EPI_ISL_418424' 'EPI_ISL_447136' 'EPI_ISL_417437'
 'EPI_ISL_420038' 'EPI_ISL_420046' 'EPI_ISL_420055' 'EPI_ISL_421738'
 'EPI_ISL_421752' 'EPI_ISL_421753' 'EPI_ISL_418417' 'EPI_ISL_418240'
 'EPI_ISL_420040' 'EPI_ISL_419587' 'EPI_ISL_416499' 'EPI_ISL_417339'
 'EPI_ISL_419578' 'EPI_ISL_417337' 'EPI_ISL_416754' 'EPI_ISL_416756'
 'EPI_ISL_415651' 'EPI_ISL_415652' 'EPI_ISL_416751' 'EPI_ISL_417334'
 'EPI_ISL_416747' 'EPI_ISL_416749' 'EPI_ISL_416752' 'MT451041.1'
 'MT451177.1' 'MT451179.1' 'MT451194.1' 'EPI_ISL_445282' 'EPI_ISL_445311'
 'EPI_ISL_452223' 'EPI_ISL_429115' 'EPI_ISL_415704' 'EPI_ISL_429212'
 'EPI_ISL_415706' 'EPI_ISL_429208' 'EPI_ISL_429196' 'EPI_ISL_415705'
 'EPI_ISL_429211' 'EPI_ISL_415707' 'EPI_ISL_421453']",1,0.001327564262805766
3037(SNP:C->T);9924(SNP:C->T);11083(SNP:G->T);14408(SNP:C->T);15324(SNP:C->T);23403(SNP:A->G),2020-05-08,['EPI_ISL_437339'],B.1,Democratic Republic of the Congo,['EPI_ISL_420381' 'EPI_ISL_437352' 'MT506893.1'],1,4.739185230899658e-06
1593(SNP:C->T);3037(SNP:C->T);9438(SNP:C->T);14408(SNP:C->T);15324(SNP:C->T);23403(SNP:A->G),2020-05-12,['EPI_ISL_443261'],B.1,France,"['EPI_ISL_416493' 'EPI_ISL_417946' 'EPI_ISL_417947' 'EPI_ISL_418024'
 'EPI_ISL_418230' 'EPI_ISL_418231' 'EPI_ISL_418234' 'EPI_ISL_418628'
 'EPI_ISL_418632' 'EPI_ISL_418634' 'EPI_ISL_418635' 'EPI_ISL_418648'
 'EPI_ISL_418657' 'EPI_ISL_418659' 'EPI_ISL_418795' 'EPI_ISL_419593'
 'EPI_ISL_420035' 'EPI_ISL_420039' 'EPI_ISL_420083' 'EPI_ISL_420365'
 'EPI_ISL_420368' 'EPI_ISL_420373' 'EPI_ISL_420380' 'EPI_ISL_420382'
 'EPI_ISL_420384' 'EPI_ISL_420389' 'EPI_ISL_420390' 'EPI_ISL_420395'
 'EPI_ISL_420396' 'EPI_ISL_420397' 'EPI_ISL_420427' 'EPI_ISL_420432'
 'EPI_ISL_420434' 'EPI_ISL_420440' 'EPI_ISL_420452' 'EPI_ISL_421508'
 'EPI_ISL_421745' 'EPI_ISL_421746' 'MT320538.2' 'EPI_ISL_427394'
 'EPI_ISL_428890' 'EPI_ISL_429724' 'EPI_ISL_429766' 'EPI_ISL_429782'
 'EPI_ISL_434621' 'EPI_ISL_434622' 'EPI_ISL_434623' 'EPI_ISL_434624'
 'EPI_ISL_434625' 'EPI_ISL_434631' 'EPI_ISL_434632' 'EPI_ISL_434633'
 'EPI_ISL_434634' 'EPI_ISL_435032' 'EPI_ISL_433646' 'EPI_ISL_437348'
 'EPI_ISL_437350' 'FR994049.1' 'EPI_ISL_443291' 'EPI_ISL_444969'
 'EPI_ISL_445069' 'MT358643.1' 'MT470101.1' 'MT470102.1' 'MT470106.1'
 'MT470110.1' 'MT470113.1' 'MT470114.1' 'MT470118.1' 'MT470124.1'
 'MT470133.1' 'MT470136.1' 'MT470138.1' 'MT470140.1' 'MT470143.1'
 'MT470148.1' 'MT470155.1' 'MT470162.1' 'MT470164.1' 'MT470165.1'
 'MT470167.1' 'MT470173.1' 'MT470176.1' 'EPI_ISL_445216' 'EPI_ISL_445272'
 'EPI_ISL_450519' 'LR824235.1' 'LR824247.1' 'LR824250.1' 'LR824268.1'
 'LR824263.1' 'LR824266.1' 'LR824283.1' 'LR824301.1' 'LR824326.1'
 'LR824321.1' 'LR824318.1' 'LR824325.1' 'LR824342.1' 'LR824371.1'
 'LR824381.1' 'LR824400.1' 'LR824409.1' 'LR824413.1' 'LR824414.1'
 'EPI_ISL_451935' 'EPI_ISL_452148' 'EPI_ISL_452151' 'EPI_ISL_452152'
 'EPI_ISL_453982' 'EPI_ISL_457974' 'NMDC60013159' 'NMDC60013162'
 'NMDC60013163' 'NMDC60013164' 'NMDC60013165' 'NMDC60013166'
 'NMDC60013167' 'NMDC60013168' 'NMDC60013169' 'NMDC60013170'
 'NMDC60013171' 'NMDC60013172' 'NMDC60013173' 'NMDC60013174'
 'NMDC60013175' 'NMDC60013176' 'NMDC60013177' 'NMDC60013184'
 'NMDC60013186' 'NMDC60013188' 'NMDC60013189' 'NMDC60013190'
 'NMDC60013191' 'NMDC60013192' 'NMDC60013193' 'NMDC60013194'
 'NMDC60013195' 'NMDC60013196' 'NMDC60013197' 'NMDC60013198'
 'NMDC60013199' 'NMDC60013239' 'NMDC60013240' 'NMDC60013242' 'LR794385.1'
 'LR794405.1' 'LR794433.1' 'LR794462.1' 'LR794514.1' 'LR794519.1'
 'LR794530.1' 'LR794549.1' 'LR794564.1' 'LR794619.1' 'LR794620.1'
 'LR794650.1' 'EPI_ISL_421932' 'EPI_ISL_420624' 'EPI_ISL_420620'
 'EPI_ISL_420609' 'EPI_ISL_420611' 'EPI_ISL_420619' 'EPI_ISL_420598'
 'EPI_ISL_420605' 'EPI_ISL_451091' 'EPI_ISL_434889' 'EPI_ISL_451087'
 'EPI_ISL_451084' 'EPI_ISL_455978' 'EPI_ISL_439246' 'EPI_ISL_453745'
 'EPI_ISL_453760' 'EPI_ISL_439159' 'EPI_ISL_432762' 'EPI_ISL_434503'
 'EPI_ISL_434493' 'EPI_ISL_442479' 'EPI_ISL_427379' 'EPI_ISL_427385'
 'EPI_ISL_432478' 'EPI_ISL_424658' 'EPI_ISL_424652' 'EPI_ISL_424655'
 'EPI_ISL_424644' 'EPI_ISL_424642' 'EPI_ISL_424650' 'EPI_ISL_424633'
 'EPI_ISL_424640' 'EPI_ISL_428944' 'EPI_ISL_421204' 'EPI_ISL_423583'
 'EPI_ISL_433499' 'EPI_ISL_429571' 'EPI_ISL_435421' 'EPI_ISL_428359'
 'EPI_ISL_443301' 'EPI_ISL_421512' 'EPI_ISL_428352' 'EPI_ISL_432864'
 'EPI_ISL_419182' 'EPI_ISL_419185' 'EPI_ISL_419186' 'EPI_ISL_420063'
 'EPI_ISL_425899' 'EPI_ISL_419170' 'EPI_ISL_443310' 'EPI_ISL_417526'
 'EPI_ISL_420044' 'EPI_ISL_418423' 'EPI_ISL_418427' 'EPI_ISL_421750'
 'EPI_ISL_418422' 'EPI_ISL_418424' 'EPI_ISL_447136' 'EPI_ISL_417437'
 'EPI_ISL_420038' 'EPI_ISL_420046' 'EPI_ISL_420055' 'EPI_ISL_421738'
 'EPI_ISL_421752' 'EPI_ISL_421753' 'EPI_ISL_418417' 'EPI_ISL_418240'
 'EPI_ISL_420040' 'EPI_ISL_419587' 'EPI_ISL_416499' 'EPI_ISL_417339'
 'EPI_ISL_419578' 'EPI_ISL_417337' 'EPI_ISL_416754' 'EPI_ISL_416756'
 'EPI_ISL_415651' 'EPI_ISL_415652' 'EPI_ISL_416751' 'EPI_ISL_417334'
 'EPI_ISL_416747' 'EPI_ISL_416749' 'EPI_ISL_416752' 'MT451041.1'
 'MT451177.1' 'MT451179.1' 'MT451194.1' 'EPI_ISL_445282' 'EPI_ISL_445311'
 'EPI_ISL_452223' 'EPI_ISL_429115' 'EPI_ISL_415704' 'EPI_ISL_429212'
 'EPI_ISL_415706' 'EPI_ISL_429208' 'EPI_ISL_429196' 'EPI_ISL_415705'
 'EPI_ISL_429211' 'EPI_ISL_415707' 'EPI_ISL_421453']",1,0.001327564262805766
3037(SNP:C->T);10396(SNP:G->T);14408(SNP:C->T);15324(SNP:C->T);23403(SNP:A->G);27493(SNP:C->T),2020-05-12,['EPI_ISL_443293'],B.1,France,"['EPI_ISL_416493' 'EPI_ISL_417946' 'EPI_ISL_417947' 'EPI_ISL_418024'
 'EPI_ISL_418230' 'EPI_ISL_418231' 'EPI_ISL_418234' 'EPI_ISL_418628'
 'EPI_ISL_418632' 'EPI_ISL_418634' 'EPI_ISL_418635' 'EPI_ISL_418648'
 'EPI_ISL_418657' 'EPI_ISL_418659' 'EPI_ISL_418795' 'EPI_ISL_419593'
 'EPI_ISL_420035' 'EPI_ISL_420039' 'EPI_ISL_420083' 'EPI_ISL_420365'
 'EPI_ISL_420368' 'EPI_ISL_420373' 'EPI_ISL_420380' 'EPI_ISL_420382'
 'EPI_ISL_420384' 'EPI_ISL_420389' 'EPI_ISL_420390' 'EPI_ISL_420395'
 'EPI_ISL_420396' 'EPI_ISL_420397' 'EPI_ISL_420427' 'EPI_ISL_420432'
 'EPI_ISL_420434' 'EPI_ISL_420440' 'EPI_ISL_420452' 'EPI_ISL_421508'
 'EPI_ISL_421745' 'EPI_ISL_421746' 'MT320538.2' 'EPI_ISL_427394'
 'EPI_ISL_428890' 'EPI_ISL_429724' 'EPI_ISL_429766' 'EPI_ISL_429782'
 'EPI_ISL_434621' 'EPI_ISL_434622' 'EPI_ISL_434623' 'EPI_ISL_434624'
 'EPI_ISL_434625' 'EPI_ISL_434631' 'EPI_ISL_434632' 'EPI_ISL_434633'
 'EPI_ISL_434634' 'EPI_ISL_435032' 'EPI_ISL_433646' 'EPI_ISL_437348'
 'EPI_ISL_437350' 'FR994049.1' 'EPI_ISL_443291' 'EPI_ISL_444969'
 'EPI_ISL_445069' 'MT358643.1' 'MT470101.1' 'MT470102.1' 'MT470106.1'
 'MT470110.1' 'MT470113.1' 'MT470114.1' 'MT470118.1' 'MT470124.1'
 'MT470133.1' 'MT470136.1' 'MT470138.1' 'MT470140.1' 'MT470143.1'
 'MT470148.1' 'MT470155.1' 'MT470162.1' 'MT470164.1' 'MT470165.1'
 'MT470167.1' 'MT470173.1' 'MT470176.1' 'EPI_ISL_445216' 'EPI_ISL_445272'
 'EPI_ISL_450519' 'LR824235.1' 'LR824247.1' 'LR824250.1' 'LR824268.1'
 'LR824263.1' 'LR824266.1' 'LR824283.1' 'LR824301.1' 'LR824326.1'
 'LR824321.1' 'LR824318.1' 'LR824325.1' 'LR824342.1' 'LR824371.1'
 'LR824381.1' 'LR824400.1' 'LR824409.1' 'LR824413.1' 'LR824414.1'
 'EPI_ISL_451935' 'EPI_ISL_452148' 'EPI_ISL_452151' 'EPI_ISL_452152'
 'EPI_ISL_453982' 'EPI_ISL_457974' 'NMDC60013159' 'NMDC60013162'
 'NMDC60013163' 'NMDC60013164' 'NMDC60013165' 'NMDC60013166'
 'NMDC60013167' 'NMDC60013168' 'NMDC60013169' 'NMDC60013170'
 'NMDC60013171' 'NMDC60013172' 'NMDC60013173' 'NMDC60013174'
 'NMDC60013175' 'NMDC60013176' 'NMDC60013177' 'NMDC60013184'
 'NMDC60013186' 'NMDC60013188' 'NMDC60013189' 'NMDC60013190'
 'NMDC60013191' 'NMDC60013192' 'NMDC60013193' 'NMDC60013194'
 'NMDC60013195' 'NMDC60013196' 'NMDC60013197' 'NMDC60013198'
 'NMDC60013199' 'NMDC60013239' 'NMDC60013240' 'NMDC60013242' 'LR794385.1'
 'LR794405.1' 'LR794433.1' 'LR794462.1' 'LR794514.1' 'LR794519.1'
 'LR794530.1' 'LR794549.1' 'LR794564.1' 'LR794619.1' 'LR794620.1'
 'LR794650.1' 'EPI_ISL_421932' 'EPI_ISL_420624' 'EPI_ISL_420620'
 'EPI_ISL_420609' 'EPI_ISL_420611' 'EPI_ISL_420619' 'EPI_ISL_420598'
 'EPI_ISL_420605' 'EPI_ISL_451091' 'EPI_ISL_434889' 'EPI_ISL_451087'
 'EPI_ISL_451084' 'EPI_ISL_455978' 'EPI_ISL_439246' 'EPI_ISL_453745'
 'EPI_ISL_453760' 'EPI_ISL_439159' 'EPI_ISL_432762' 'EPI_ISL_434503'
 'EPI_ISL_434493' 'EPI_ISL_442479' 'EPI_ISL_427379' 'EPI_ISL_427385'
 'EPI_ISL_432478' 'EPI_ISL_424658' 'EPI_ISL_424652' 'EPI_ISL_424655'
 'EPI_ISL_424644' 'EPI_ISL_424642' 'EPI_ISL_424650' 'EPI_ISL_424633'
 'EPI_ISL_424640' 'EPI_ISL_428944' 'EPI_ISL_421204' 'EPI_ISL_423583'
 'EPI_ISL_433499' 'EPI_ISL_429571' 'EPI_ISL_435421' 'EPI_ISL_428359'
 'EPI_ISL_443301' 'EPI_ISL_421512' 'EPI_ISL_428352' 'EPI_ISL_432864'
 'EPI_ISL_419182' 'EPI_ISL_419185' 'EPI_ISL_419186' 'EPI_ISL_420063'
 'EPI_ISL_425899' 'EPI_ISL_419170' 'EPI_ISL_443310' 'EPI_ISL_417526'
 'EPI_ISL_420044' 'EPI_ISL_418423' 'EPI_ISL_418427' 'EPI_ISL_421750'
 'EPI_ISL_418422' 'EPI_ISL_418424' 'EPI_ISL_447136' 'EPI_ISL_417437'
 'EPI_ISL_420038' 'EPI_ISL_420046' 'EPI_ISL_420055' 'EPI_ISL_421738'
 'EPI_ISL_421752' 'EPI_ISL_421753' 'EPI_ISL_418417' 'EPI_ISL_418240'
 'EPI_ISL_420040' 'EPI_ISL_419587' 'EPI_ISL_416499' 'EPI_ISL_417339'
 'EPI_ISL_419578' 'EPI_ISL_417337' 'EPI_ISL_416754' 'EPI_ISL_416756'
 'EPI_ISL_415651' 'EPI_ISL_415652' 'EPI_ISL_416751' 'EPI_ISL_417334'
 'EPI_ISL_416747' 'EPI_ISL_416749' 'EPI_ISL_416752' 'MT451041.1'
 'MT451177.1' 'MT451179.1' 'MT451194.1' 'EPI_ISL_445282' 'EPI_ISL_445311'
 'EPI_ISL_452223' 'EPI_ISL_429115' 'EPI_ISL_415704' 'EPI_ISL_429212'
 'EPI_ISL_415706' 'EPI_ISL_429208' 'EPI_ISL_429196' 'EPI_ISL_415705'
 'EPI_ISL_429211' 'EPI_ISL_415707' 'EPI_ISL_421453']",1,0.001327564262805766
3037(SNP:C->T);9286(SNP:C->T);11083(SNP:G->T);14408(SNP:C->T);15324(SNP:C->T);23403(SNP:A->G),2020-05-28,['EPI_ISL_453999'],B.1,Portugal,['EPI_ISL_420381' 'EPI_ISL_437352' 'MT506893.1'],1,4.739185230899658e-06
3037(SNP:C->T);14408(SNP:C->T);15324(SNP:C->T);19542(SNP:G->T);20679(SNP:G->A);23403(SNP:A->G),2020-06-02,['EPI_ISL_456998'],B.1,United Kingdom,"['EPI_ISL_416493' 'EPI_ISL_417946' 'EPI_ISL_417947' 'EPI_ISL_418024'
 'EPI_ISL_418230' 'EPI_ISL_418231' 'EPI_ISL_418234' 'EPI_ISL_418628'
 'EPI_ISL_418632' 'EPI_ISL_418634' 'EPI_ISL_418635' 'EPI_ISL_418648'
 'EPI_ISL_418657' 'EPI_ISL_418659' 'EPI_ISL_418795' 'EPI_ISL_419593'
 'EPI_ISL_420035' 'EPI_ISL_420039' 'EPI_ISL_420083' 'EPI_ISL_420365'
 'EPI_ISL_420368' 'EPI_ISL_420373' 'EPI_ISL_420380' 'EPI_ISL_420382'
 'EPI_ISL_420384' 'EPI_ISL_420389' 'EPI_ISL_420390' 'EPI_ISL_420395'
 'EPI_ISL_420396' 'EPI_ISL_420397' 'EPI_ISL_420427' 'EPI_ISL_420432'
 'EPI_ISL_420434' 'EPI_ISL_420440' 'EPI_ISL_420452' 'EPI_ISL_421508'
 'EPI_ISL_421745' 'EPI_ISL_421746' 'MT320538.2' 'EPI_ISL_427394'
 'EPI_ISL_428890' 'EPI_ISL_429724' 'EPI_ISL_429766' 'EPI_ISL_429782'
 'EPI_ISL_434621' 'EPI_ISL_434622' 'EPI_ISL_434623' 'EPI_ISL_434624'
 'EPI_ISL_434625' 'EPI_ISL_434631' 'EPI_ISL_434632' 'EPI_ISL_434633'
 'EPI_ISL_434634' 'EPI_ISL_435032' 'EPI_ISL_433646' 'EPI_ISL_437348'
 'EPI_ISL_437350' 'FR994049.1' 'EPI_ISL_443291' 'EPI_ISL_444969'
 'EPI_ISL_445069' 'MT358643.1' 'MT470101.1' 'MT470102.1' 'MT470106.1'
 'MT470110.1' 'MT470113.1' 'MT470114.1' 'MT470118.1' 'MT470124.1'
 'MT470133.1' 'MT470136.1' 'MT470138.1' 'MT470140.1' 'MT470143.1'
 'MT470148.1' 'MT470155.1' 'MT470162.1' 'MT470164.1' 'MT470165.1'
 'MT470167.1' 'MT470173.1' 'MT470176.1' 'EPI_ISL_445216' 'EPI_ISL_445272'
 'EPI_ISL_450519' 'LR824235.1' 'LR824247.1' 'LR824250.1' 'LR824268.1'
 'LR824263.1' 'LR824266.1' 'LR824283.1' 'LR824301.1' 'LR824326.1'
 'LR824321.1' 'LR824318.1' 'LR824325.1' 'LR824342.1' 'LR824371.1'
 'LR824381.1' 'LR824400.1' 'LR824409.1' 'LR824413.1' 'LR824414.1'
 'EPI_ISL_451935' 'EPI_ISL_452148' 'EPI_ISL_452151' 'EPI_ISL_452152'
 'EPI_ISL_453982' 'EPI_ISL_457974' 'NMDC60013159' 'NMDC60013162'
 'NMDC60013163' 'NMDC60013164' 'NMDC60013165' 'NMDC60013166'
 'NMDC60013167' 'NMDC60013168' 'NMDC60013169' 'NMDC60013170'
 'NMDC60013171' 'NMDC60013172' 'NMDC60013173' 'NMDC60013174'
 'NMDC60013175' 'NMDC60013176' 'NMDC60013177' 'NMDC60013184'
 'NMDC60013186' 'NMDC60013188' 'NMDC60013189' 'NMDC60013190'
 'NMDC60013191' 'NMDC60013192' 'NMDC60013193' 'NMDC60013194'
 'NMDC60013195' 'NMDC60013196' 'NMDC60013197' 'NMDC60013198'
 'NMDC60013199' 'NMDC60013239' 'NMDC60013240' 'NMDC60013242' 'LR794385.1'
 'LR794405.1' 'LR794433.1' 'LR794462.1' 'LR794514.1' 'LR794519.1'
 'LR794530.1' 'LR794549.1' 'LR794564.1' 'LR794619.1' 'LR794620.1'
 'LR794650.1' 'EPI_ISL_421932' 'EPI_ISL_420624' 'EPI_ISL_420620'
 'EPI_ISL_420609' 'EPI_ISL_420611' 'EPI_ISL_420619' 'EPI_ISL_420598'
 'EPI_ISL_420605' 'EPI_ISL_451091' 'EPI_ISL_434889' 'EPI_ISL_451087'
 'EPI_ISL_451084' 'EPI_ISL_455978' 'EPI_ISL_439246' 'EPI_ISL_453745'
 'EPI_ISL_453760' 'EPI_ISL_439159' 'EPI_ISL_432762' 'EPI_ISL_434503'
 'EPI_ISL_434493' 'EPI_ISL_442479' 'EPI_ISL_427379' 'EPI_ISL_427385'
 'EPI_ISL_432478' 'EPI_ISL_424658' 'EPI_ISL_424652' 'EPI_ISL_424655'
 'EPI_ISL_424644' 'EPI_ISL_424642' 'EPI_ISL_424650' 'EPI_ISL_424633'
 'EPI_ISL_424640' 'EPI_ISL_428944' 'EPI_ISL_421204' 'EPI_ISL_423583'
 'EPI_ISL_433499' 'EPI_ISL_429571' 'EPI_ISL_435421' 'EPI_ISL_428359'
 'EPI_ISL_443301' 'EPI_ISL_421512' 'EPI_ISL_428352' 'EPI_ISL_432864'
 'EPI_ISL_419182' 'EPI_ISL_419185' 'EPI_ISL_419186' 'EPI_ISL_420063'
 'EPI_ISL_425899' 'EPI_ISL_419170' 'EPI_ISL_443310' 'EPI_ISL_417526'
 'EPI_ISL_420044' 'EPI_ISL_418423' 'EPI_ISL_418427' 'EPI_ISL_421750'
 'EPI_ISL_418422' 'EPI_ISL_418424' 'EPI_ISL_447136' 'EPI_ISL_417437'
 'EPI_ISL_420038' 'EPI_ISL_420046' 'EPI_ISL_420055' 'EPI_ISL_421738'
 'EPI_ISL_421752' 'EPI_ISL_421753' 'EPI_ISL_418417' 'EPI_ISL_418240'
 'EPI_ISL_420040' 'EPI_ISL_419587' 'EPI_ISL_416499' 'EPI_ISL_417339'
 'EPI_ISL_419578' 'EPI_ISL_417337' 'EPI_ISL_416754' 'EPI_ISL_416756'
 'EPI_ISL_415651' 'EPI_ISL_415652' 'EPI_ISL_416751' 'EPI_ISL_417334'
 'EPI_ISL_416747' 'EPI_ISL_416749' 'EPI_ISL_416752' 'MT451041.1'
 'MT451177.1' 'MT451179.1' 'MT451194.1' 'EPI_ISL_445282' 'EPI_ISL_445311'
 'EPI_ISL_452223' 'EPI_ISL_429115' 'EPI_ISL_415704' 'EPI_ISL_429212'
 'EPI_ISL_415706' 'EPI_ISL_429208' 'EPI_ISL_429196' 'EPI_ISL_415705'
 'EPI_ISL_429211' 'EPI_ISL_415707' 'EPI_ISL_421453']",1,0.001327564262805766
3037(SNP:C->T);14408(SNP:C->T);15324(SNP:C->T);23403(SNP:A->G);25433(SNP:C->T),2020-03-30,"['EPI_ISL_418663' 'EPI_ISL_418811' 'EPI_ISL_420409' 'EPI_ISL_420445'
 'EPI_ISL_429806' 'EPI_ISL_429811' 'EPI_ISL_429816' 'LR794668.1'
 'EPI_ISL_420847' 'EPI_ISL_444495' 'EPI_ISL_451168' 'EPI_ISL_447120']",B.1.147,Belgium,"['EPI_ISL_416493' 'EPI_ISL_417946' 'EPI_ISL_417947' 'EPI_ISL_418024'
 'EPI_ISL_418230' 'EPI_ISL_418231' 'EPI_ISL_418234' 'EPI_ISL_418628'
 'EPI_ISL_418632' 'EPI_ISL_418634' 'EPI_ISL_418635' 'EPI_ISL_418648'
 'EPI_ISL_418657' 'EPI_ISL_418659' 'EPI_ISL_418795' 'EPI_ISL_419593'
 'EPI_ISL_420035' 'EPI_ISL_420039' 'EPI_ISL_420083' 'EPI_ISL_420365'
 'EPI_ISL_420368' 'EPI_ISL_420373' 'EPI_ISL_420380' 'EPI_ISL_420382'
 'EPI_ISL_420384' 'EPI_ISL_420389' 'EPI_ISL_420390' 'EPI_ISL_420395'
 'EPI_ISL_420396' 'EPI_ISL_420397' 'EPI_ISL_420427' 'EPI_ISL_420432'
 'EPI_ISL_420434' 'EPI_ISL_420440' 'EPI_ISL_420452' 'EPI_ISL_421508'
 'EPI_ISL_421745' 'EPI_ISL_421746' 'MT320538.2' 'EPI_ISL_427394'
 'EPI_ISL_428890' 'EPI_ISL_429724' 'EPI_ISL_429766' 'EPI_ISL_429782'
 'EPI_ISL_434621' 'EPI_ISL_434622' 'EPI_ISL_434623' 'EPI_ISL_434624'
 'EPI_ISL_434625' 'EPI_ISL_434631' 'EPI_ISL_434632' 'EPI_ISL_434633'
 'EPI_ISL_434634' 'EPI_ISL_435032' 'EPI_ISL_433646' 'EPI_ISL_437348'
 'EPI_ISL_437350' 'FR994049.1' 'EPI_ISL_443291' 'EPI_ISL_444969'
 'EPI_ISL_445069' 'MT358643.1' 'MT470101.1' 'MT470102.1' 'MT470106.1'
 'MT470110.1' 'MT470113.1' 'MT470114.1' 'MT470118.1' 'MT470124.1'
 'MT470133.1' 'MT470136.1' 'MT470138.1' 'MT470140.1' 'MT470143.1'
 'MT470148.1' 'MT470155.1' 'MT470162.1' 'MT470164.1' 'MT470165.1'
 'MT470167.1' 'MT470173.1' 'MT470176.1' 'EPI_ISL_445216' 'EPI_ISL_445272'
 'EPI_ISL_450519' 'LR824235.1' 'LR824247.1' 'LR824250.1' 'LR824268.1'
 'LR824263.1' 'LR824266.1' 'LR824283.1' 'LR824301.1' 'LR824326.1'
 'LR824321.1' 'LR824318.1' 'LR824325.1' 'LR824342.1' 'LR824371.1'
 'LR824381.1' 'LR824400.1' 'LR824409.1' 'LR824413.1' 'LR824414.1'
 'EPI_ISL_451935' 'EPI_ISL_452148' 'EPI_ISL_452151' 'EPI_ISL_452152'
 'EPI_ISL_453982' 'EPI_ISL_457974' 'NMDC60013159' 'NMDC60013162'
 'NMDC60013163' 'NMDC60013164' 'NMDC60013165' 'NMDC60013166'
 'NMDC60013167' 'NMDC60013168' 'NMDC60013169' 'NMDC60013170'
 'NMDC60013171' 'NMDC60013172' 'NMDC60013173' 'NMDC60013174'
 'NMDC60013175' 'NMDC60013176' 'NMDC60013177' 'NMDC60013184'
 'NMDC60013186' 'NMDC60013188' 'NMDC60013189' 'NMDC60013190'
 'NMDC60013191' 'NMDC60013192' 'NMDC60013193' 'NMDC60013194'
 'NMDC60013195' 'NMDC60013196' 'NMDC60013197' 'NMDC60013198'
 'NMDC60013199' 'NMDC60013239' 'NMDC60013240' 'NMDC60013242' 'LR794385.1'
 'LR794405.1' 'LR794433.1' 'LR794462.1' 'LR794514.1' 'LR794519.1'
 'LR794530.1' 'LR794549.1' 'LR794564.1' 'LR794619.1' 'LR794620.1'
 'LR794650.1' 'EPI_ISL_421932' 'EPI_ISL_420624' 'EPI_ISL_420620'
 'EPI_ISL_420609' 'EPI_ISL_420611' 'EPI_ISL_420619' 'EPI_ISL_420598'
 'EPI_ISL_420605' 'EPI_ISL_451091' 'EPI_ISL_434889' 'EPI_ISL_451087'
 'EPI_ISL_451084' 'EPI_ISL_455978' 'EPI_ISL_439246' 'EPI_ISL_453745'
 'EPI_ISL_453760' 'EPI_ISL_439159' 'EPI_ISL_432762' 'EPI_ISL_434503'
 'EPI_ISL_434493' 'EPI_ISL_442479' 'EPI_ISL_427379' 'EPI_ISL_427385'
 'EPI_ISL_432478' 'EPI_ISL_424658' 'EPI_ISL_424652' 'EPI_ISL_424655'
 'EPI_ISL_424644' 'EPI_ISL_424642' 'EPI_ISL_424650' 'EPI_ISL_424633'
 'EPI_ISL_424640' 'EPI_ISL_428944' 'EPI_ISL_421204' 'EPI_ISL_423583'
 'EPI_ISL_433499' 'EPI_ISL_429571' 'EPI_ISL_435421' 'EPI_ISL_428359'
 'EPI_ISL_443301' 'EPI_ISL_421512' 'EPI_ISL_428352' 'EPI_ISL_432864'
 'EPI_ISL_419182' 'EPI_ISL_419185' 'EPI_ISL_419186' 'EPI_ISL_420063'
 'EPI_ISL_425899' 'EPI_ISL_419170' 'EPI_ISL_443310' 'EPI_ISL_417526'
 'EPI_ISL_420044' 'EPI_ISL_418423' 'EPI_ISL_418427' 'EPI_ISL_421750'
 'EPI_ISL_418422' 'EPI_ISL_418424' 'EPI_ISL_447136' 'EPI_ISL_417437'
 'EPI_ISL_420038' 'EPI_ISL_420046' 'EPI_ISL_420055' 'EPI_ISL_421738'
 'EPI_ISL_421752' 'EPI_ISL_421753' 'EPI_ISL_418417' 'EPI_ISL_418240'
 'EPI_ISL_420040' 'EPI_ISL_419587' 'EPI_ISL_416499' 'EPI_ISL_417339'
 'EPI_ISL_419578' 'EPI_ISL_417337' 'EPI_ISL_416754' 'EPI_ISL_416756'
 'EPI_ISL_415651' 'EPI_ISL_415652' 'EPI_ISL_416751' 'EPI_ISL_417334'
 'EPI_ISL_416747' 'EPI_ISL_416749' 'EPI_ISL_416752' 'MT451041.1'
 'MT451177.1' 'MT451179.1' 'MT451194.1' 'EPI_ISL_445282' 'EPI_ISL_445311'
 'EPI_ISL_452223' 'EPI_ISL_429115' 'EPI_ISL_415704' 'EPI_ISL_429212'
 'EPI_ISL_415706' 'EPI_ISL_429208' 'EPI_ISL_429196' 'EPI_ISL_415705'
 'EPI_ISL_429211' 'EPI_ISL_415707' 'EPI_ISL_421453']",1,0.006775028096263837
3037(SNP:C->T);14408(SNP:C->T);15324(SNP:C->T);23403(SNP:A->G);25606(SNP:G->T),2020-04-06,"['EPI_ISL_420372' 'EPI_ISL_443265' 'EPI_ISL_453070' 'EPI_ISL_439014'
 'EPI_ISL_445735' 'EPI_ISL_443270']",B.1.151,Belgium,"['EPI_ISL_416493' 'EPI_ISL_417946' 'EPI_ISL_417947' 'EPI_ISL_418024'
 'EPI_ISL_418230' 'EPI_ISL_418231' 'EPI_ISL_418234' 'EPI_ISL_418628'
 'EPI_ISL_418632' 'EPI_ISL_418634' 'EPI_ISL_418635' 'EPI_ISL_418648'
 'EPI_ISL_418657' 'EPI_ISL_418659' 'EPI_ISL_418795' 'EPI_ISL_419593'
 'EPI_ISL_420035' 'EPI_ISL_420039' 'EPI_ISL_420083' 'EPI_ISL_420365'
 'EPI_ISL_420368' 'EPI_ISL_420373' 'EPI_ISL_420380' 'EPI_ISL_420382'
 'EPI_ISL_420384' 'EPI_ISL_420389' 'EPI_ISL_420390' 'EPI_ISL_420395'
 'EPI_ISL_420396' 'EPI_ISL_420397' 'EPI_ISL_420427' 'EPI_ISL_420432'
 'EPI_ISL_420434' 'EPI_ISL_420440' 'EPI_ISL_420452' 'EPI_ISL_421508'
 'EPI_ISL_421745' 'EPI_ISL_421746' 'MT320538.2' 'EPI_ISL_427394'
 'EPI_ISL_428890' 'EPI_ISL_429724' 'EPI_ISL_429766' 'EPI_ISL_429782'
 'EPI_ISL_434621' 'EPI_ISL_434622' 'EPI_ISL_434623' 'EPI_ISL_434624'
 'EPI_ISL_434625' 'EPI_ISL_434631' 'EPI_ISL_434632' 'EPI_ISL_434633'
 'EPI_ISL_434634' 'EPI_ISL_435032' 'EPI_ISL_433646' 'EPI_ISL_437348'
 'EPI_ISL_437350' 'FR994049.1' 'EPI_ISL_443291' 'EPI_ISL_444969'
 'EPI_ISL_445069' 'MT358643.1' 'MT470101.1' 'MT470102.1' 'MT470106.1'
 'MT470110.1' 'MT470113.1' 'MT470114.1' 'MT470118.1' 'MT470124.1'
 'MT470133.1' 'MT470136.1' 'MT470138.1' 'MT470140.1' 'MT470143.1'
 'MT470148.1' 'MT470155.1' 'MT470162.1' 'MT470164.1' 'MT470165.1'
 'MT470167.1' 'MT470173.1' 'MT470176.1' 'EPI_ISL_445216' 'EPI_ISL_445272'
 'EPI_ISL_450519' 'LR824235.1' 'LR824247.1' 'LR824250.1' 'LR824268.1'
 'LR824263.1' 'LR824266.1' 'LR824283.1' 'LR824301.1' 'LR824326.1'
 'LR824321.1' 'LR824318.1' 'LR824325.1' 'LR824342.1' 'LR824371.1'
 'LR824381.1' 'LR824400.1' 'LR824409.1' 'LR824413.1' 'LR824414.1'
 'EPI_ISL_451935' 'EPI_ISL_452148' 'EPI_ISL_452151' 'EPI_ISL_452152'
 'EPI_ISL_453982' 'EPI_ISL_457974' 'NMDC60013159' 'NMDC60013162'
 'NMDC60013163' 'NMDC60013164' 'NMDC60013165' 'NMDC60013166'
 'NMDC60013167' 'NMDC60013168' 'NMDC60013169' 'NMDC60013170'
 'NMDC60013171' 'NMDC60013172' 'NMDC60013173' 'NMDC60013174'
 'NMDC60013175' 'NMDC60013176' 'NMDC60013177' 'NMDC60013184'
 'NMDC60013186' 'NMDC60013188' 'NMDC60013189' 'NMDC60013190'
 'NMDC60013191' 'NMDC60013192' 'NMDC60013193' 'NMDC60013194'
 'NMDC60013195' 'NMDC60013196' 'NMDC60013197' 'NMDC60013198'
 'NMDC60013199' 'NMDC60013239' 'NMDC60013240' 'NMDC60013242' 'LR794385.1'
 'LR794405.1' 'LR794433.1' 'LR794462.1' 'LR794514.1' 'LR794519.1'
 'LR794530.1' 'LR794549.1' 'LR794564.1' 'LR794619.1' 'LR794620.1'
 'LR794650.1' 'EPI_ISL_421932' 'EPI_ISL_420624' 'EPI_ISL_420620'
 'EPI_ISL_420609' 'EPI_ISL_420611' 'EPI_ISL_420619' 'EPI_ISL_420598'
 'EPI_ISL_420605' 'EPI_ISL_451091' 'EPI_ISL_434889' 'EPI_ISL_451087'
 'EPI_ISL_451084' 'EPI_ISL_455978' 'EPI_ISL_439246' 'EPI_ISL_453745'
 'EPI_ISL_453760' 'EPI_ISL_439159' 'EPI_ISL_432762' 'EPI_ISL_434503'
 'EPI_ISL_434493' 'EPI_ISL_442479' 'EPI_ISL_427379' 'EPI_ISL_427385'
 'EPI_ISL_432478' 'EPI_ISL_424658' 'EPI_ISL_424652' 'EPI_ISL_424655'
 'EPI_ISL_424644' 'EPI_ISL_424642' 'EPI_ISL_424650' 'EPI_ISL_424633'
 'EPI_ISL_424640' 'EPI_ISL_428944' 'EPI_ISL_421204' 'EPI_ISL_423583'
 'EPI_ISL_433499' 'EPI_ISL_429571' 'EPI_ISL_435421' 'EPI_ISL_428359'
 'EPI_ISL_443301' 'EPI_ISL_421512' 'EPI_ISL_428352' 'EPI_ISL_432864'
 'EPI_ISL_419182' 'EPI_ISL_419185' 'EPI_ISL_419186' 'EPI_ISL_420063'
 'EPI_ISL_425899' 'EPI_ISL_419170' 'EPI_ISL_443310' 'EPI_ISL_417526'
 'EPI_ISL_420044' 'EPI_ISL_418423' 'EPI_ISL_418427' 'EPI_ISL_421750'
 'EPI_ISL_418422' 'EPI_ISL_418424' 'EPI_ISL_447136' 'EPI_ISL_417437'
 'EPI_ISL_420038' 'EPI_ISL_420046' 'EPI_ISL_420055' 'EPI_ISL_421738'
 'EPI_ISL_421752' 'EPI_ISL_421753' 'EPI_ISL_418417' 'EPI_ISL_418240'
 'EPI_ISL_420040' 'EPI_ISL_419587' 'EPI_ISL_416499' 'EPI_ISL_417339'
 'EPI_ISL_419578' 'EPI_ISL_417337' 'EPI_ISL_416754' 'EPI_ISL_416756'
 'EPI_ISL_415651' 'EPI_ISL_415652' 'EPI_ISL_416751' 'EPI_ISL_417334'
 'EPI_ISL_416747' 'EPI_ISL_416749' 'EPI_ISL_416752' 'MT451041.1'
 'MT451177.1' 'MT451179.1' 'MT451194.1' 'EPI_ISL_445282' 'EPI_ISL_445311'
 'EPI_ISL_452223' 'EPI_ISL_429115' 'EPI_ISL_415704' 'EPI_ISL_429212'
 'EPI_ISL_415706' 'EPI_ISL_429208' 'EPI_ISL_429196' 'EPI_ISL_415705'
 'EPI_ISL_429211' 'EPI_ISL_415707' 'EPI_ISL_421453']",1,0.001327564262805766
3037(SNP:C->T);4582(SNP:C->T);14408(SNP:C->T);15324(SNP:C->T);23403(SNP:A->G),2020-04-06,['EPI_ISL_420358' 'EPI_ISL_420359' 'EPI_ISL_420360' 'EPI_ISL_420361'],B.1,Belgium,"['EPI_ISL_416493' 'EPI_ISL_417946' 'EPI_ISL_417947' 'EPI_ISL_418024'
 'EPI_ISL_418230' 'EPI_ISL_418231' 'EPI_ISL_418234' 'EPI_ISL_418628'
 'EPI_ISL_418632' 'EPI_ISL_418634' 'EPI_ISL_418635' 'EPI_ISL_418648'
 'EPI_ISL_418657' 'EPI_ISL_418659' 'EPI_ISL_418795' 'EPI_ISL_419593'
 'EPI_ISL_420035' 'EPI_ISL_420039' 'EPI_ISL_420083' 'EPI_ISL_420365'
 'EPI_ISL_420368' 'EPI_ISL_420373' 'EPI_ISL_420380' 'EPI_ISL_420382'
 'EPI_ISL_420384' 'EPI_ISL_420389' 'EPI_ISL_420390' 'EPI_ISL_420395'
 'EPI_ISL_420396' 'EPI_ISL_420397' 'EPI_ISL_420427' 'EPI_ISL_420432'
 'EPI_ISL_420434' 'EPI_ISL_420440' 'EPI_ISL_420452' 'EPI_ISL_421508'
 'EPI_ISL_421745' 'EPI_ISL_421746' 'MT320538.2' 'EPI_ISL_427394'
 'EPI_ISL_428890' 'EPI_ISL_429724' 'EPI_ISL_429766' 'EPI_ISL_429782'
 'EPI_ISL_434621' 'EPI_ISL_434622' 'EPI_ISL_434623' 'EPI_ISL_434624'
 'EPI_ISL_434625' 'EPI_ISL_434631' 'EPI_ISL_434632' 'EPI_ISL_434633'
 'EPI_ISL_434634' 'EPI_ISL_435032' 'EPI_ISL_433646' 'EPI_ISL_437348'
 'EPI_ISL_437350' 'FR994049.1' 'EPI_ISL_443291' 'EPI_ISL_444969'
 'EPI_ISL_445069' 'MT358643.1' 'MT470101.1' 'MT470102.1' 'MT470106.1'
 'MT470110.1' 'MT470113.1' 'MT470114.1' 'MT470118.1' 'MT470124.1'
 'MT470133.1' 'MT470136.1' 'MT470138.1' 'MT470140.1' 'MT470143.1'
 'MT470148.1' 'MT470155.1' 'MT470162.1' 'MT470164.1' 'MT470165.1'
 'MT470167.1' 'MT470173.1' 'MT470176.1' 'EPI_ISL_445216' 'EPI_ISL_445272'
 'EPI_ISL_450519' 'LR824235.1' 'LR824247.1' 'LR824250.1' 'LR824268.1'
 'LR824263.1' 'LR824266.1' 'LR824283.1' 'LR824301.1' 'LR824326.1'
 'LR824321.1' 'LR824318.1' 'LR824325.1' 'LR824342.1' 'LR824371.1'
 'LR824381.1' 'LR824400.1' 'LR824409.1' 'LR824413.1' 'LR824414.1'
 'EPI_ISL_451935' 'EPI_ISL_452148' 'EPI_ISL_452151' 'EPI_ISL_452152'
 'EPI_ISL_453982' 'EPI_ISL_457974' 'NMDC60013159' 'NMDC60013162'
 'NMDC60013163' 'NMDC60013164' 'NMDC60013165' 'NMDC60013166'
 'NMDC60013167' 'NMDC60013168' 'NMDC60013169' 'NMDC60013170'
 'NMDC60013171' 'NMDC60013172' 'NMDC60013173' 'NMDC60013174'
 'NMDC60013175' 'NMDC60013176' 'NMDC60013177' 'NMDC60013184'
 'NMDC60013186' 'NMDC60013188' 'NMDC60013189' 'NMDC60013190'
 'NMDC60013191' 'NMDC60013192' 'NMDC60013193' 'NMDC60013194'
 'NMDC60013195' 'NMDC60013196' 'NMDC60013197' 'NMDC60013198'
 'NMDC60013199' 'NMDC60013239' 'NMDC60013240' 'NMDC60013242' 'LR794385.1'
 'LR794405.1' 'LR794433.1' 'LR794462.1' 'LR794514.1' 'LR794519.1'
 'LR794530.1' 'LR794549.1' 'LR794564.1' 'LR794619.1' 'LR794620.1'
 'LR794650.1' 'EPI_ISL_421932' 'EPI_ISL_420624' 'EPI_ISL_420620'
 'EPI_ISL_420609' 'EPI_ISL_420611' 'EPI_ISL_420619' 'EPI_ISL_420598'
 'EPI_ISL_420605' 'EPI_ISL_451091' 'EPI_ISL_434889' 'EPI_ISL_451087'
 'EPI_ISL_451084' 'EPI_ISL_455978' 'EPI_ISL_439246' 'EPI_ISL_453745'
 'EPI_ISL_453760' 'EPI_ISL_439159' 'EPI_ISL_432762' 'EPI_ISL_434503'
 'EPI_ISL_434493' 'EPI_ISL_442479' 'EPI_ISL_427379' 'EPI_ISL_427385'
 'EPI_ISL_432478' 'EPI_ISL_424658' 'EPI_ISL_424652' 'EPI_ISL_424655'
 'EPI_ISL_424644' 'EPI_ISL_424642' 'EPI_ISL_424650' 'EPI_ISL_424633'
 'EPI_ISL_424640' 'EPI_ISL_428944' 'EPI_ISL_421204' 'EPI_ISL_423583'
 'EPI_ISL_433499' 'EPI_ISL_429571' 'EPI_ISL_435421' 'EPI_ISL_428359'
 'EPI_ISL_443301' 'EPI_ISL_421512' 'EPI_ISL_428352' 'EPI_ISL_432864'
 'EPI_ISL_419182' 'EPI_ISL_419185' 'EPI_ISL_419186' 'EPI_ISL_420063'
 'EPI_ISL_425899' 'EPI_ISL_419170' 'EPI_ISL_443310' 'EPI_ISL_417526'
 'EPI_ISL_420044' 'EPI_ISL_418423' 'EPI_ISL_418427' 'EPI_ISL_421750'
 'EPI_ISL_418422' 'EPI_ISL_418424' 'EPI_ISL_447136' 'EPI_ISL_417437'
 'EPI_ISL_420038' 'EPI_ISL_420046' 'EPI_ISL_420055' 'EPI_ISL_421738'
 'EPI_ISL_421752' 'EPI_ISL_421753' 'EPI_ISL_418417' 'EPI_ISL_418240'
 'EPI_ISL_420040' 'EPI_ISL_419587' 'EPI_ISL_416499' 'EPI_ISL_417339'
 'EPI_ISL_419578' 'EPI_ISL_417337' 'EPI_ISL_416754' 'EPI_ISL_416756'
 'EPI_ISL_415651' 'EPI_ISL_415652' 'EPI_ISL_416751' 'EPI_ISL_417334'
 'EPI_ISL_416747' 'EPI_ISL_416749' 'EPI_ISL_416752' 'MT451041.1'
 'MT451177.1' 'MT451179.1' 'MT451194.1' 'EPI_ISL_445282' 'EPI_ISL_445311'
 'EPI_ISL_452223' 'EPI_ISL_429115' 'EPI_ISL_415704' 'EPI_ISL_429212'
 'EPI_ISL_415706' 'EPI_ISL_429208' 'EPI_ISL_429196' 'EPI_ISL_415705'
 'EPI_ISL_429211' 'EPI_ISL_415707' 'EPI_ISL_421453']",1,0.001327564262805766
3037(SNP:C->T);14408(SNP:C->T);15324(SNP:C->T);23403(SNP:A->G);28881(SNP:G->T),2020-04-23,['LR824273.1' 'LR824271.1' 'LR824327.1' 'EPI_ISL_429214'],B.1,Switzerland,"['EPI_ISL_416493' 'EPI_ISL_417946' 'EPI_ISL_417947' 'EPI_ISL_418024'
 'EPI_ISL_418230' 'EPI_ISL_418231' 'EPI_ISL_418234' 'EPI_ISL_418628'
 'EPI_ISL_418632' 'EPI_ISL_418634' 'EPI_ISL_418635' 'EPI_ISL_418648'
 'EPI_ISL_418657' 'EPI_ISL_418659' 'EPI_ISL_418795' 'EPI_ISL_419593'
 'EPI_ISL_420035' 'EPI_ISL_420039' 'EPI_ISL_420083' 'EPI_ISL_420365'
 'EPI_ISL_420368' 'EPI_ISL_420373' 'EPI_ISL_420380' 'EPI_ISL_420382'
 'EPI_ISL_420384' 'EPI_ISL_420389' 'EPI_ISL_420390' 'EPI_ISL_420395'
 'EPI_ISL_420396' 'EPI_ISL_420397' 'EPI_ISL_420427' 'EPI_ISL_420432'
 'EPI_ISL_420434' 'EPI_ISL_420440' 'EPI_ISL_420452' 'EPI_ISL_421508'
 'EPI_ISL_421745' 'EPI_ISL_421746' 'MT320538.2' 'EPI_ISL_427394'
 'EPI_ISL_428890' 'EPI_ISL_429724' 'EPI_ISL_429766' 'EPI_ISL_429782'
 'EPI_ISL_434621' 'EPI_ISL_434622' 'EPI_ISL_434623' 'EPI_ISL_434624'
 'EPI_ISL_434625' 'EPI_ISL_434631' 'EPI_ISL_434632' 'EPI_ISL_434633'
 'EPI_ISL_434634' 'EPI_ISL_435032' 'EPI_ISL_433646' 'EPI_ISL_437348'
 'EPI_ISL_437350' 'FR994049.1' 'EPI_ISL_443291' 'EPI_ISL_444969'
 'EPI_ISL_445069' 'MT358643.1' 'MT470101.1' 'MT470102.1' 'MT470106.1'
 'MT470110.1' 'MT470113.1' 'MT470114.1' 'MT470118.1' 'MT470124.1'
 'MT470133.1' 'MT470136.1' 'MT470138.1' 'MT470140.1' 'MT470143.1'
 'MT470148.1' 'MT470155.1' 'MT470162.1' 'MT470164.1' 'MT470165.1'
 'MT470167.1' 'MT470173.1' 'MT470176.1' 'EPI_ISL_445216' 'EPI_ISL_445272'
 'EPI_ISL_450519' 'LR824235.1' 'LR824247.1' 'LR824250.1' 'LR824268.1'
 'LR824263.1' 'LR824266.1' 'LR824283.1' 'LR824301.1' 'LR824326.1'
 'LR824321.1' 'LR824318.1' 'LR824325.1' 'LR824342.1' 'LR824371.1'
 'LR824381.1' 'LR824400.1' 'LR824409.1' 'LR824413.1' 'LR824414.1'
 'EPI_ISL_451935' 'EPI_ISL_452148' 'EPI_ISL_452151' 'EPI_ISL_452152'
 'EPI_ISL_453982' 'EPI_ISL_457974' 'NMDC60013159' 'NMDC60013162'
 'NMDC60013163' 'NMDC60013164' 'NMDC60013165' 'NMDC60013166'
 'NMDC60013167' 'NMDC60013168' 'NMDC60013169' 'NMDC60013170'
 'NMDC60013171' 'NMDC60013172' 'NMDC60013173' 'NMDC60013174'
 'NMDC60013175' 'NMDC60013176' 'NMDC60013177' 'NMDC60013184'
 'NMDC60013186' 'NMDC60013188' 'NMDC60013189' 'NMDC60013190'
 'NMDC60013191' 'NMDC60013192' 'NMDC60013193' 'NMDC60013194'
 'NMDC60013195' 'NMDC60013196' 'NMDC60013197' 'NMDC60013198'
 'NMDC60013199' 'NMDC60013239' 'NMDC60013240' 'NMDC60013242' 'LR794385.1'
 'LR794405.1' 'LR794433.1' 'LR794462.1' 'LR794514.1' 'LR794519.1'
 'LR794530.1' 'LR794549.1' 'LR794564.1' 'LR794619.1' 'LR794620.1'
 'LR794650.1' 'EPI_ISL_421932' 'EPI_ISL_420624' 'EPI_ISL_420620'
 'EPI_ISL_420609' 'EPI_ISL_420611' 'EPI_ISL_420619' 'EPI_ISL_420598'
 'EPI_ISL_420605' 'EPI_ISL_451091' 'EPI_ISL_434889' 'EPI_ISL_451087'
 'EPI_ISL_451084' 'EPI_ISL_455978' 'EPI_ISL_439246' 'EPI_ISL_453745'
 'EPI_ISL_453760' 'EPI_ISL_439159' 'EPI_ISL_432762' 'EPI_ISL_434503'
 'EPI_ISL_434493' 'EPI_ISL_442479' 'EPI_ISL_427379' 'EPI_ISL_427385'
 'EPI_ISL_432478' 'EPI_ISL_424658' 'EPI_ISL_424652' 'EPI_ISL_424655'
 'EPI_ISL_424644' 'EPI_ISL_424642' 'EPI_ISL_424650' 'EPI_ISL_424633'
 'EPI_ISL_424640' 'EPI_ISL_428944' 'EPI_ISL_421204' 'EPI_ISL_423583'
 'EPI_ISL_433499' 'EPI_ISL_429571' 'EPI_ISL_435421' 'EPI_ISL_428359'
 'EPI_ISL_443301' 'EPI_ISL_421512' 'EPI_ISL_428352' 'EPI_ISL_432864'
 'EPI_ISL_419182' 'EPI_ISL_419185' 'EPI_ISL_419186' 'EPI_ISL_420063'
 'EPI_ISL_425899' 'EPI_ISL_419170' 'EPI_ISL_443310' 'EPI_ISL_417526'
 'EPI_ISL_420044' 'EPI_ISL_418423' 'EPI_ISL_418427' 'EPI_ISL_421750'
 'EPI_ISL_418422' 'EPI_ISL_418424' 'EPI_ISL_447136' 'EPI_ISL_417437'
 'EPI_ISL_420038' 'EPI_ISL_420046' 'EPI_ISL_420055' 'EPI_ISL_421738'
 'EPI_ISL_421752' 'EPI_ISL_421753' 'EPI_ISL_418417' 'EPI_ISL_418240'
 'EPI_ISL_420040' 'EPI_ISL_419587' 'EPI_ISL_416499' 'EPI_ISL_417339'
 'EPI_ISL_419578' 'EPI_ISL_417337' 'EPI_ISL_416754' 'EPI_ISL_416756'
 'EPI_ISL_415651' 'EPI_ISL_415652' 'EPI_ISL_416751' 'EPI_ISL_417334'
 'EPI_ISL_416747' 'EPI_ISL_416749' 'EPI_ISL_416752' 'MT451041.1'
 'MT451177.1' 'MT451179.1' 'MT451194.1' 'EPI_ISL_445282' 'EPI_ISL_445311'
 'EPI_ISL_452223' 'EPI_ISL_429115' 'EPI_ISL_415704' 'EPI_ISL_429212'
 'EPI_ISL_415706' 'EPI_ISL_429208' 'EPI_ISL_429196' 'EPI_ISL_415705'
 'EPI_ISL_429211' 'EPI_ISL_415707' 'EPI_ISL_421453']",1,0.001327564262805766
3037(SNP:C->T);11083(SNP:G->T);14408(SNP:C->T);15324(SNP:C->T);23403(SNP:A->G),2020-04-06,['EPI_ISL_420381' 'EPI_ISL_437352' 'MT506893.1'],B.1,Belgium,"['EPI_ISL_416493' 'EPI_ISL_417946' 'EPI_ISL_417947' 'EPI_ISL_418024'
 'EPI_ISL_418230' 'EPI_ISL_418231' 'EPI_ISL_418234' 'EPI_ISL_418628'
 'EPI_ISL_418632' 'EPI_ISL_418634' 'EPI_ISL_418635' 'EPI_ISL_418648'
 'EPI_ISL_418657' 'EPI_ISL_418659' 'EPI_ISL_418795' 'EPI_ISL_419593'
 'EPI_ISL_420035' 'EPI_ISL_420039' 'EPI_ISL_420083' 'EPI_ISL_420365'
 'EPI_ISL_420368' 'EPI_ISL_420373' 'EPI_ISL_420380' 'EPI_ISL_420382'
 'EPI_ISL_420384' 'EPI_ISL_420389' 'EPI_ISL_420390' 'EPI_ISL_420395'
 'EPI_ISL_420396' 'EPI_ISL_420397' 'EPI_ISL_420427' 'EPI_ISL_420432'
 'EPI_ISL_420434' 'EPI_ISL_420440' 'EPI_ISL_420452' 'EPI_ISL_421508'
 'EPI_ISL_421745' 'EPI_ISL_421746' 'MT320538.2' 'EPI_ISL_427394'
 'EPI_ISL_428890' 'EPI_ISL_429724' 'EPI_ISL_429766' 'EPI_ISL_429782'
 'EPI_ISL_434621' 'EPI_ISL_434622' 'EPI_ISL_434623' 'EPI_ISL_434624'
 'EPI_ISL_434625' 'EPI_ISL_434631' 'EPI_ISL_434632' 'EPI_ISL_434633'
 'EPI_ISL_434634' 'EPI_ISL_435032' 'EPI_ISL_433646' 'EPI_ISL_437348'
 'EPI_ISL_437350' 'FR994049.1' 'EPI_ISL_443291' 'EPI_ISL_444969'
 'EPI_ISL_445069' 'MT358643.1' 'MT470101.1' 'MT470102.1' 'MT470106.1'
 'MT470110.1' 'MT470113.1' 'MT470114.1' 'MT470118.1' 'MT470124.1'
 'MT470133.1' 'MT470136.1' 'MT470138.1' 'MT470140.1' 'MT470143.1'
 'MT470148.1' 'MT470155.1' 'MT470162.1' 'MT470164.1' 'MT470165.1'
 'MT470167.1' 'MT470173.1' 'MT470176.1' 'EPI_ISL_445216' 'EPI_ISL_445272'
 'EPI_ISL_450519' 'LR824235.1' 'LR824247.1' 'LR824250.1' 'LR824268.1'
 'LR824263.1' 'LR824266.1' 'LR824283.1' 'LR824301.1' 'LR824326.1'
 'LR824321.1' 'LR824318.1' 'LR824325.1' 'LR824342.1' 'LR824371.1'
 'LR824381.1' 'LR824400.1' 'LR824409.1' 'LR824413.1' 'LR824414.1'
 'EPI_ISL_451935' 'EPI_ISL_452148' 'EPI_ISL_452151' 'EPI_ISL_452152'
 'EPI_ISL_453982' 'EPI_ISL_457974' 'NMDC60013159' 'NMDC60013162'
 'NMDC60013163' 'NMDC60013164' 'NMDC60013165' 'NMDC60013166'
 'NMDC60013167' 'NMDC60013168' 'NMDC60013169' 'NMDC60013170'
 'NMDC60013171' 'NMDC60013172' 'NMDC60013173' 'NMDC60013174'
 'NMDC60013175' 'NMDC60013176' 'NMDC60013177' 'NMDC60013184'
 'NMDC60013186' 'NMDC60013188' 'NMDC60013189' 'NMDC60013190'
 'NMDC60013191' 'NMDC60013192' 'NMDC60013193' 'NMDC60013194'
 'NMDC60013195' 'NMDC60013196' 'NMDC60013197' 'NMDC60013198'
 'NMDC60013199' 'NMDC60013239' 'NMDC60013240' 'NMDC60013242' 'LR794385.1'
 'LR794405.1' 'LR794433.1' 'LR794462.1' 'LR794514.1' 'LR794519.1'
 'LR794530.1' 'LR794549.1' 'LR794564.1' 'LR794619.1' 'LR794620.1'
 'LR794650.1' 'EPI_ISL_421932' 'EPI_ISL_420624' 'EPI_ISL_420620'
 'EPI_ISL_420609' 'EPI_ISL_420611' 'EPI_ISL_420619' 'EPI_ISL_420598'
 'EPI_ISL_420605' 'EPI_ISL_451091' 'EPI_ISL_434889' 'EPI_ISL_451087'
 'EPI_ISL_451084' 'EPI_ISL_455978' 'EPI_ISL_439246' 'EPI_ISL_453745'
 'EPI_ISL_453760' 'EPI_ISL_439159' 'EPI_ISL_432762' 'EPI_ISL_434503'
 'EPI_ISL_434493' 'EPI_ISL_442479' 'EPI_ISL_427379' 'EPI_ISL_427385'
 'EPI_ISL_432478' 'EPI_ISL_424658' 'EPI_ISL_424652' 'EPI_ISL_424655'
 'EPI_ISL_424644' 'EPI_ISL_424642' 'EPI_ISL_424650' 'EPI_ISL_424633'
 'EPI_ISL_424640' 'EPI_ISL_428944' 'EPI_ISL_421204' 'EPI_ISL_423583'
 'EPI_ISL_433499' 'EPI_ISL_429571' 'EPI_ISL_435421' 'EPI_ISL_428359'
 'EPI_ISL_443301' 'EPI_ISL_421512' 'EPI_ISL_428352' 'EPI_ISL_432864'
 'EPI_ISL_419182' 'EPI_ISL_419185' 'EPI_ISL_419186' 'EPI_ISL_420063'
 'EPI_ISL_425899' 'EPI_ISL_419170' 'EPI_ISL_443310' 'EPI_ISL_417526'
 'EPI_ISL_420044' 'EPI_ISL_418423' 'EPI_ISL_418427' 'EPI_ISL_421750'
 'EPI_ISL_418422' 'EPI_ISL_418424' 'EPI_ISL_447136' 'EPI_ISL_417437'
 'EPI_ISL_420038' 'EPI_ISL_420046' 'EPI_ISL_420055' 'EPI_ISL_421738'
 'EPI_ISL_421752' 'EPI_ISL_421753' 'EPI_ISL_418417' 'EPI_ISL_418240'
 'EPI_ISL_420040' 'EPI_ISL_419587' 'EPI_ISL_416499' 'EPI_ISL_417339'
 'EPI_ISL_419578' 'EPI_ISL_417337' 'EPI_ISL_416754' 'EPI_ISL_416756'
 'EPI_ISL_415651' 'EPI_ISL_415652' 'EPI_ISL_416751' 'EPI_ISL_417334'
 'EPI_ISL_416747' 'EPI_ISL_416749' 'EPI_ISL_416752' 'MT451041.1'
 'MT451177.1' 'MT451179.1' 'MT451194.1' 'EPI_ISL_445282' 'EPI_ISL_445311'
 'EPI_ISL_452223' 'EPI_ISL_429115' 'EPI_ISL_415704' 'EPI_ISL_429212'
 'EPI_ISL_415706' 'EPI_ISL_429208' 'EPI_ISL_429196' 'EPI_ISL_415705'
 'EPI_ISL_429211' 'EPI_ISL_415707' 'EPI_ISL_421453']",1,0.006775028096263837
3037(SNP:C->T);14408(SNP:C->T);15324(SNP:C->T);16428(SNP:C->T);23403(SNP:A->G),2020-03-15,['EPI_ISL_414629' 'EPI_ISL_428348'],B.1.212,France,"['EPI_ISL_416493' 'EPI_ISL_417946' 'EPI_ISL_417947' 'EPI_ISL_418024'
 'EPI_ISL_418230' 'EPI_ISL_418231' 'EPI_ISL_418234' 'EPI_ISL_418628'
 'EPI_ISL_418632' 'EPI_ISL_418634' 'EPI_ISL_418635' 'EPI_ISL_418648'
 'EPI_ISL_418657' 'EPI_ISL_418659' 'EPI_ISL_418795' 'EPI_ISL_419593'
 'EPI_ISL_420035' 'EPI_ISL_420039' 'EPI_ISL_420083' 'EPI_ISL_420365'
 'EPI_ISL_420368' 'EPI_ISL_420373' 'EPI_ISL_420380' 'EPI_ISL_420382'
 'EPI_ISL_420384' 'EPI_ISL_420389' 'EPI_ISL_420390' 'EPI_ISL_420395'
 'EPI_ISL_420396' 'EPI_ISL_420397' 'EPI_ISL_420427' 'EPI_ISL_420432'
 'EPI_ISL_420434' 'EPI_ISL_420440' 'EPI_ISL_420452' 'EPI_ISL_421508'
 'EPI_ISL_421745' 'EPI_ISL_421746' 'MT320538.2' 'EPI_ISL_427394'
 'EPI_ISL_428890' 'EPI_ISL_429724' 'EPI_ISL_429766' 'EPI_ISL_429782'
 'EPI_ISL_434621' 'EPI_ISL_434622' 'EPI_ISL_434623' 'EPI_ISL_434624'
 'EPI_ISL_434625' 'EPI_ISL_434631' 'EPI_ISL_434632' 'EPI_ISL_434633'
 'EPI_ISL_434634' 'EPI_ISL_435032' 'EPI_ISL_433646' 'EPI_ISL_437348'
 'EPI_ISL_437350' 'FR994049.1' 'EPI_ISL_443291' 'EPI_ISL_444969'
 'EPI_ISL_445069' 'MT358643.1' 'MT470101.1' 'MT470102.1' 'MT470106.1'
 'MT470110.1' 'MT470113.1' 'MT470114.1' 'MT470118.1' 'MT470124.1'
 'MT470133.1' 'MT470136.1' 'MT470138.1' 'MT470140.1' 'MT470143.1'
 'MT470148.1' 'MT470155.1' 'MT470162.1' 'MT470164.1' 'MT470165.1'
 'MT470167.1' 'MT470173.1' 'MT470176.1' 'EPI_ISL_445216' 'EPI_ISL_445272'
 'EPI_ISL_450519' 'LR824235.1' 'LR824247.1' 'LR824250.1' 'LR824268.1'
 'LR824263.1' 'LR824266.1' 'LR824283.1' 'LR824301.1' 'LR824326.1'
 'LR824321.1' 'LR824318.1' 'LR824325.1' 'LR824342.1' 'LR824371.1'
 'LR824381.1' 'LR824400.1' 'LR824409.1' 'LR824413.1' 'LR824414.1'
 'EPI_ISL_451935' 'EPI_ISL_452148' 'EPI_ISL_452151' 'EPI_ISL_452152'
 'EPI_ISL_453982' 'EPI_ISL_457974' 'NMDC60013159' 'NMDC60013162'
 'NMDC60013163' 'NMDC60013164' 'NMDC60013165' 'NMDC60013166'
 'NMDC60013167' 'NMDC60013168' 'NMDC60013169' 'NMDC60013170'
 'NMDC60013171' 'NMDC60013172' 'NMDC60013173' 'NMDC60013174'
 'NMDC60013175' 'NMDC60013176' 'NMDC60013177' 'NMDC60013184'
 'NMDC60013186' 'NMDC60013188' 'NMDC60013189' 'NMDC60013190'
 'NMDC60013191' 'NMDC60013192' 'NMDC60013193' 'NMDC60013194'
 'NMDC60013195' 'NMDC60013196' 'NMDC60013197' 'NMDC60013198'
 'NMDC60013199' 'NMDC60013239' 'NMDC60013240' 'NMDC60013242' 'LR794385.1'
 'LR794405.1' 'LR794433.1' 'LR794462.1' 'LR794514.1' 'LR794519.1'
 'LR794530.1' 'LR794549.1' 'LR794564.1' 'LR794619.1' 'LR794620.1'
 'LR794650.1' 'EPI_ISL_421932' 'EPI_ISL_420624' 'EPI_ISL_420620'
 'EPI_ISL_420609' 'EPI_ISL_420611' 'EPI_ISL_420619' 'EPI_ISL_420598'
 'EPI_ISL_420605' 'EPI_ISL_451091' 'EPI_ISL_434889' 'EPI_ISL_451087'
 'EPI_ISL_451084' 'EPI_ISL_455978' 'EPI_ISL_439246' 'EPI_ISL_453745'
 'EPI_ISL_453760' 'EPI_ISL_439159' 'EPI_ISL_432762' 'EPI_ISL_434503'
 'EPI_ISL_434493' 'EPI_ISL_442479' 'EPI_ISL_427379' 'EPI_ISL_427385'
 'EPI_ISL_432478' 'EPI_ISL_424658' 'EPI_ISL_424652' 'EPI_ISL_424655'
 'EPI_ISL_424644' 'EPI_ISL_424642' 'EPI_ISL_424650' 'EPI_ISL_424633'
 'EPI_ISL_424640' 'EPI_ISL_428944' 'EPI_ISL_421204' 'EPI_ISL_423583'
 'EPI_ISL_433499' 'EPI_ISL_429571' 'EPI_ISL_435421' 'EPI_ISL_428359'
 'EPI_ISL_443301' 'EPI_ISL_421512' 'EPI_ISL_428352' 'EPI_ISL_432864'
 'EPI_ISL_419182' 'EPI_ISL_419185' 'EPI_ISL_419186' 'EPI_ISL_420063'
 'EPI_ISL_425899' 'EPI_ISL_419170' 'EPI_ISL_443310' 'EPI_ISL_417526'
 'EPI_ISL_420044' 'EPI_ISL_418423' 'EPI_ISL_418427' 'EPI_ISL_421750'
 'EPI_ISL_418422' 'EPI_ISL_418424' 'EPI_ISL_447136' 'EPI_ISL_417437'
 'EPI_ISL_420038' 'EPI_ISL_420046' 'EPI_ISL_420055' 'EPI_ISL_421738'
 'EPI_ISL_421752' 'EPI_ISL_421753' 'EPI_ISL_418417' 'EPI_ISL_418240'
 'EPI_ISL_420040' 'EPI_ISL_419587' 'EPI_ISL_416499' 'EPI_ISL_417339'
 'EPI_ISL_419578' 'EPI_ISL_417337' 'EPI_ISL_416754' 'EPI_ISL_416756'
 'EPI_ISL_415651' 'EPI_ISL_415652' 'EPI_ISL_416751' 'EPI_ISL_417334'
 'EPI_ISL_416747' 'EPI_ISL_416749' 'EPI_ISL_416752' 'MT451041.1'
 'MT451177.1' 'MT451179.1' 'MT451194.1' 'EPI_ISL_445282' 'EPI_ISL_445311'
 'EPI_ISL_452223' 'EPI_ISL_429115' 'EPI_ISL_415704' 'EPI_ISL_429212'
 'EPI_ISL_415706' 'EPI_ISL_429208' 'EPI_ISL_429196' 'EPI_ISL_415705'
 'EPI_ISL_429211' 'EPI_ISL_415707' 'EPI_ISL_421453']",1,0.001327564262805766
3037(SNP:C->T);10323(SNP:A->G);14408(SNP:C->T);15324(SNP:C->T);23403(SNP:A->G),2020-04-04,['EPI_ISL_420059' 'NMDC60013185'],B.1,France,"['EPI_ISL_416493' 'EPI_ISL_417946' 'EPI_ISL_417947' 'EPI_ISL_418024'
 'EPI_ISL_418230' 'EPI_ISL_418231' 'EPI_ISL_418234' 'EPI_ISL_418628'
 'EPI_ISL_418632' 'EPI_ISL_418634' 'EPI_ISL_418635' 'EPI_ISL_418648'
 'EPI_ISL_418657' 'EPI_ISL_418659' 'EPI_ISL_418795' 'EPI_ISL_419593'
 'EPI_ISL_420035' 'EPI_ISL_420039' 'EPI_ISL_420083' 'EPI_ISL_420365'
 'EPI_ISL_420368' 'EPI_ISL_420373' 'EPI_ISL_420380' 'EPI_ISL_420382'
 'EPI_ISL_420384' 'EPI_ISL_420389' 'EPI_ISL_420390' 'EPI_ISL_420395'
 'EPI_ISL_420396' 'EPI_ISL_420397' 'EPI_ISL_420427' 'EPI_ISL_420432'
 'EPI_ISL_420434' 'EPI_ISL_420440' 'EPI_ISL_420452' 'EPI_ISL_421508'
 'EPI_ISL_421745' 'EPI_ISL_421746' 'MT320538.2' 'EPI_ISL_427394'
 'EPI_ISL_428890' 'EPI_ISL_429724' 'EPI_ISL_429766' 'EPI_ISL_429782'
 'EPI_ISL_434621' 'EPI_ISL_434622' 'EPI_ISL_434623' 'EPI_ISL_434624'
 'EPI_ISL_434625' 'EPI_ISL_434631' 'EPI_ISL_434632' 'EPI_ISL_434633'
 'EPI_ISL_434634' 'EPI_ISL_435032' 'EPI_ISL_433646' 'EPI_ISL_437348'
 'EPI_ISL_437350' 'FR994049.1' 'EPI_ISL_443291' 'EPI_ISL_444969'
 'EPI_ISL_445069' 'MT358643.1' 'MT470101.1' 'MT470102.1' 'MT470106.1'
 'MT470110.1' 'MT470113.1' 'MT470114.1' 'MT470118.1' 'MT470124.1'
 'MT470133.1' 'MT470136.1' 'MT470138.1' 'MT470140.1' 'MT470143.1'
 'MT470148.1' 'MT470155.1' 'MT470162.1' 'MT470164.1' 'MT470165.1'
 'MT470167.1' 'MT470173.1' 'MT470176.1' 'EPI_ISL_445216' 'EPI_ISL_445272'
 'EPI_ISL_450519' 'LR824235.1' 'LR824247.1' 'LR824250.1' 'LR824268.1'
 'LR824263.1' 'LR824266.1' 'LR824283.1' 'LR824301.1' 'LR824326.1'
 'LR824321.1' 'LR824318.1' 'LR824325.1' 'LR824342.1' 'LR824371.1'
 'LR824381.1' 'LR824400.1' 'LR824409.1' 'LR824413.1' 'LR824414.1'
 'EPI_ISL_451935' 'EPI_ISL_452148' 'EPI_ISL_452151' 'EPI_ISL_452152'
 'EPI_ISL_453982' 'EPI_ISL_457974' 'NMDC60013159' 'NMDC60013162'
 'NMDC60013163' 'NMDC60013164' 'NMDC60013165' 'NMDC60013166'
 'NMDC60013167' 'NMDC60013168' 'NMDC60013169' 'NMDC60013170'
 'NMDC60013171' 'NMDC60013172' 'NMDC60013173' 'NMDC60013174'
 'NMDC60013175' 'NMDC60013176' 'NMDC60013177' 'NMDC60013184'
 'NMDC60013186' 'NMDC60013188' 'NMDC60013189' 'NMDC60013190'
 'NMDC60013191' 'NMDC60013192' 'NMDC60013193' 'NMDC60013194'
 'NMDC60013195' 'NMDC60013196' 'NMDC60013197' 'NMDC60013198'
 'NMDC60013199' 'NMDC60013239' 'NMDC60013240' 'NMDC60013242' 'LR794385.1'
 'LR794405.1' 'LR794433.1' 'LR794462.1' 'LR794514.1' 'LR794519.1'
 'LR794530.1' 'LR794549.1' 'LR794564.1' 'LR794619.1' 'LR794620.1'
 'LR794650.1' 'EPI_ISL_421932' 'EPI_ISL_420624' 'EPI_ISL_420620'
 'EPI_ISL_420609' 'EPI_ISL_420611' 'EPI_ISL_420619' 'EPI_ISL_420598'
 'EPI_ISL_420605' 'EPI_ISL_451091' 'EPI_ISL_434889' 'EPI_ISL_451087'
 'EPI_ISL_451084' 'EPI_ISL_455978' 'EPI_ISL_439246' 'EPI_ISL_453745'
 'EPI_ISL_453760' 'EPI_ISL_439159' 'EPI_ISL_432762' 'EPI_ISL_434503'
 'EPI_ISL_434493' 'EPI_ISL_442479' 'EPI_ISL_427379' 'EPI_ISL_427385'
 'EPI_ISL_432478' 'EPI_ISL_424658' 'EPI_ISL_424652' 'EPI_ISL_424655'
 'EPI_ISL_424644' 'EPI_ISL_424642' 'EPI_ISL_424650' 'EPI_ISL_424633'
 'EPI_ISL_424640' 'EPI_ISL_428944' 'EPI_ISL_421204' 'EPI_ISL_423583'
 'EPI_ISL_433499' 'EPI_ISL_429571' 'EPI_ISL_435421' 'EPI_ISL_428359'
 'EPI_ISL_443301' 'EPI_ISL_421512' 'EPI_ISL_428352' 'EPI_ISL_432864'
 'EPI_ISL_419182' 'EPI_ISL_419185' 'EPI_ISL_419186' 'EPI_ISL_420063'
 'EPI_ISL_425899' 'EPI_ISL_419170' 'EPI_ISL_443310' 'EPI_ISL_417526'
 'EPI_ISL_420044' 'EPI_ISL_418423' 'EPI_ISL_418427' 'EPI_ISL_421750'
 'EPI_ISL_418422' 'EPI_ISL_418424' 'EPI_ISL_447136' 'EPI_ISL_417437'
 'EPI_ISL_420038' 'EPI_ISL_420046' 'EPI_ISL_420055' 'EPI_ISL_421738'
 'EPI_ISL_421752' 'EPI_ISL_421753' 'EPI_ISL_418417' 'EPI_ISL_418240'
 'EPI_ISL_420040' 'EPI_ISL_419587' 'EPI_ISL_416499' 'EPI_ISL_417339'
 'EPI_ISL_419578' 'EPI_ISL_417337' 'EPI_ISL_416754' 'EPI_ISL_416756'
 'EPI_ISL_415651' 'EPI_ISL_415652' 'EPI_ISL_416751' 'EPI_ISL_417334'
 'EPI_ISL_416747' 'EPI_ISL_416749' 'EPI_ISL_416752' 'MT451041.1'
 'MT451177.1' 'MT451179.1' 'MT451194.1' 'EPI_ISL_445282' 'EPI_ISL_445311'
 'EPI_ISL_452223' 'EPI_ISL_429115' 'EPI_ISL_415704' 'EPI_ISL_429212'
 'EPI_ISL_415706' 'EPI_ISL_429208' 'EPI_ISL_429196' 'EPI_ISL_415705'
 'EPI_ISL_429211' 'EPI_ISL_415707' 'EPI_ISL_421453']",1,0.001327564262805766
3037(SNP:C->T);7420(SNP:C->T);14408(SNP:C->T);15324(SNP:C->T);23403(SNP:A->G),2020-04-06,['EPI_ISL_420430' 'MT499218.1'],B.1,Belgium,"['EPI_ISL_416493' 'EPI_ISL_417946' 'EPI_ISL_417947' 'EPI_ISL_418024'
 'EPI_ISL_418230' 'EPI_ISL_418231' 'EPI_ISL_418234' 'EPI_ISL_418628'
 'EPI_ISL_418632' 'EPI_ISL_418634' 'EPI_ISL_418635' 'EPI_ISL_418648'
 'EPI_ISL_418657' 'EPI_ISL_418659' 'EPI_ISL_418795' 'EPI_ISL_419593'
 'EPI_ISL_420035' 'EPI_ISL_420039' 'EPI_ISL_420083' 'EPI_ISL_420365'
 'EPI_ISL_420368' 'EPI_ISL_420373' 'EPI_ISL_420380' 'EPI_ISL_420382'
 'EPI_ISL_420384' 'EPI_ISL_420389' 'EPI_ISL_420390' 'EPI_ISL_420395'
 'EPI_ISL_420396' 'EPI_ISL_420397' 'EPI_ISL_420427' 'EPI_ISL_420432'
 'EPI_ISL_420434' 'EPI_ISL_420440' 'EPI_ISL_420452' 'EPI_ISL_421508'
 'EPI_ISL_421745' 'EPI_ISL_421746' 'MT320538.2' 'EPI_ISL_427394'
 'EPI_ISL_428890' 'EPI_ISL_429724' 'EPI_ISL_429766' 'EPI_ISL_429782'
 'EPI_ISL_434621' 'EPI_ISL_434622' 'EPI_ISL_434623' 'EPI_ISL_434624'
 'EPI_ISL_434625' 'EPI_ISL_434631' 'EPI_ISL_434632' 'EPI_ISL_434633'
 'EPI_ISL_434634' 'EPI_ISL_435032' 'EPI_ISL_433646' 'EPI_ISL_437348'
 'EPI_ISL_437350' 'FR994049.1' 'EPI_ISL_443291' 'EPI_ISL_444969'
 'EPI_ISL_445069' 'MT358643.1' 'MT470101.1' 'MT470102.1' 'MT470106.1'
 'MT470110.1' 'MT470113.1' 'MT470114.1' 'MT470118.1' 'MT470124.1'
 'MT470133.1' 'MT470136.1' 'MT470138.1' 'MT470140.1' 'MT470143.1'
 'MT470148.1' 'MT470155.1' 'MT470162.1' 'MT470164.1' 'MT470165.1'
 'MT470167.1' 'MT470173.1' 'MT470176.1' 'EPI_ISL_445216' 'EPI_ISL_445272'
 'EPI_ISL_450519' 'LR824235.1' 'LR824247.1' 'LR824250.1' 'LR824268.1'
 'LR824263.1' 'LR824266.1' 'LR824283.1' 'LR824301.1' 'LR824326.1'
 'LR824321.1' 'LR824318.1' 'LR824325.1' 'LR824342.1' 'LR824371.1'
 'LR824381.1' 'LR824400.1' 'LR824409.1' 'LR824413.1' 'LR824414.1'
 'EPI_ISL_451935' 'EPI_ISL_452148' 'EPI_ISL_452151' 'EPI_ISL_452152'
 'EPI_ISL_453982' 'EPI_ISL_457974' 'NMDC60013159' 'NMDC60013162'
 'NMDC60013163' 'NMDC60013164' 'NMDC60013165' 'NMDC60013166'
 'NMDC60013167' 'NMDC60013168' 'NMDC60013169' 'NMDC60013170'
 'NMDC60013171' 'NMDC60013172' 'NMDC60013173' 'NMDC60013174'
 'NMDC60013175' 'NMDC60013176' 'NMDC60013177' 'NMDC60013184'
 'NMDC60013186' 'NMDC60013188' 'NMDC60013189' 'NMDC60013190'
 'NMDC60013191' 'NMDC60013192' 'NMDC60013193' 'NMDC60013194'
 'NMDC60013195' 'NMDC60013196' 'NMDC60013197' 'NMDC60013198'
 'NMDC60013199' 'NMDC60013239' 'NMDC60013240' 'NMDC60013242' 'LR794385.1'
 'LR794405.1' 'LR794433.1' 'LR794462.1' 'LR794514.1' 'LR794519.1'
 'LR794530.1' 'LR794549.1' 'LR794564.1' 'LR794619.1' 'LR794620.1'
 'LR794650.1' 'EPI_ISL_421932' 'EPI_ISL_420624' 'EPI_ISL_420620'
 'EPI_ISL_420609' 'EPI_ISL_420611' 'EPI_ISL_420619' 'EPI_ISL_420598'
 'EPI_ISL_420605' 'EPI_ISL_451091' 'EPI_ISL_434889' 'EPI_ISL_451087'
 'EPI_ISL_451084' 'EPI_ISL_455978' 'EPI_ISL_439246' 'EPI_ISL_453745'
 'EPI_ISL_453760' 'EPI_ISL_439159' 'EPI_ISL_432762' 'EPI_ISL_434503'
 'EPI_ISL_434493' 'EPI_ISL_442479' 'EPI_ISL_427379' 'EPI_ISL_427385'
 'EPI_ISL_432478' 'EPI_ISL_424658' 'EPI_ISL_424652' 'EPI_ISL_424655'
 'EPI_ISL_424644' 'EPI_ISL_424642' 'EPI_ISL_424650' 'EPI_ISL_424633'
 'EPI_ISL_424640' 'EPI_ISL_428944' 'EPI_ISL_421204' 'EPI_ISL_423583'
 'EPI_ISL_433499' 'EPI_ISL_429571' 'EPI_ISL_435421' 'EPI_ISL_428359'
 'EPI_ISL_443301' 'EPI_ISL_421512' 'EPI_ISL_428352' 'EPI_ISL_432864'
 'EPI_ISL_419182' 'EPI_ISL_419185' 'EPI_ISL_419186' 'EPI_ISL_420063'
 'EPI_ISL_425899' 'EPI_ISL_419170' 'EPI_ISL_443310' 'EPI_ISL_417526'
 'EPI_ISL_420044' 'EPI_ISL_418423' 'EPI_ISL_418427' 'EPI_ISL_421750'
 'EPI_ISL_418422' 'EPI_ISL_418424' 'EPI_ISL_447136' 'EPI_ISL_417437'
 'EPI_ISL_420038' 'EPI_ISL_420046' 'EPI_ISL_420055' 'EPI_ISL_421738'
 'EPI_ISL_421752' 'EPI_ISL_421753' 'EPI_ISL_418417' 'EPI_ISL_418240'
 'EPI_ISL_420040' 'EPI_ISL_419587' 'EPI_ISL_416499' 'EPI_ISL_417339'
 'EPI_ISL_419578' 'EPI_ISL_417337' 'EPI_ISL_416754' 'EPI_ISL_416756'
 'EPI_ISL_415651' 'EPI_ISL_415652' 'EPI_ISL_416751' 'EPI_ISL_417334'
 'EPI_ISL_416747' 'EPI_ISL_416749' 'EPI_ISL_416752' 'MT451041.1'
 'MT451177.1' 'MT451179.1' 'MT451194.1' 'EPI_ISL_445282' 'EPI_ISL_445311'
 'EPI_ISL_452223' 'EPI_ISL_429115' 'EPI_ISL_415704' 'EPI_ISL_429212'
 'EPI_ISL_415706' 'EPI_ISL_429208' 'EPI_ISL_429196' 'EPI_ISL_415705'
 'EPI_ISL_429211' 'EPI_ISL_415707' 'EPI_ISL_421453']",1,0.001327564262805766
3037(SNP:C->T);14408(SNP:C->T);15324(SNP:C->T);23403(SNP:A->G);28706(SNP:C->T),2020-04-09,['EPI_ISL_421653' 'EPI_ISL_426288'],B.1,Latvia,"['EPI_ISL_416493' 'EPI_ISL_417946' 'EPI_ISL_417947' 'EPI_ISL_418024'
 'EPI_ISL_418230' 'EPI_ISL_418231' 'EPI_ISL_418234' 'EPI_ISL_418628'
 'EPI_ISL_418632' 'EPI_ISL_418634' 'EPI_ISL_418635' 'EPI_ISL_418648'
 'EPI_ISL_418657' 'EPI_ISL_418659' 'EPI_ISL_418795' 'EPI_ISL_419593'
 'EPI_ISL_420035' 'EPI_ISL_420039' 'EPI_ISL_420083' 'EPI_ISL_420365'
 'EPI_ISL_420368' 'EPI_ISL_420373' 'EPI_ISL_420380' 'EPI_ISL_420382'
 'EPI_ISL_420384' 'EPI_ISL_420389' 'EPI_ISL_420390' 'EPI_ISL_420395'
 'EPI_ISL_420396' 'EPI_ISL_420397' 'EPI_ISL_420427' 'EPI_ISL_420432'
 'EPI_ISL_420434' 'EPI_ISL_420440' 'EPI_ISL_420452' 'EPI_ISL_421508'
 'EPI_ISL_421745' 'EPI_ISL_421746' 'MT320538.2' 'EPI_ISL_427394'
 'EPI_ISL_428890' 'EPI_ISL_429724' 'EPI_ISL_429766' 'EPI_ISL_429782'
 'EPI_ISL_434621' 'EPI_ISL_434622' 'EPI_ISL_434623' 'EPI_ISL_434624'
 'EPI_ISL_434625' 'EPI_ISL_434631' 'EPI_ISL_434632' 'EPI_ISL_434633'
 'EPI_ISL_434634' 'EPI_ISL_435032' 'EPI_ISL_433646' 'EPI_ISL_437348'
 'EPI_ISL_437350' 'FR994049.1' 'EPI_ISL_443291' 'EPI_ISL_444969'
 'EPI_ISL_445069' 'MT358643.1' 'MT470101.1' 'MT470102.1' 'MT470106.1'
 'MT470110.1' 'MT470113.1' 'MT470114.1' 'MT470118.1' 'MT470124.1'
 'MT470133.1' 'MT470136.1' 'MT470138.1' 'MT470140.1' 'MT470143.1'
 'MT470148.1' 'MT470155.1' 'MT470162.1' 'MT470164.1' 'MT470165.1'
 'MT470167.1' 'MT470173.1' 'MT470176.1' 'EPI_ISL_445216' 'EPI_ISL_445272'
 'EPI_ISL_450519' 'LR824235.1' 'LR824247.1' 'LR824250.1' 'LR824268.1'
 'LR824263.1' 'LR824266.1' 'LR824283.1' 'LR824301.1' 'LR824326.1'
 'LR824321.1' 'LR824318.1' 'LR824325.1' 'LR824342.1' 'LR824371.1'
 'LR824381.1' 'LR824400.1' 'LR824409.1' 'LR824413.1' 'LR824414.1'
 'EPI_ISL_451935' 'EPI_ISL_452148' 'EPI_ISL_452151' 'EPI_ISL_452152'
 'EPI_ISL_453982' 'EPI_ISL_457974' 'NMDC60013159' 'NMDC60013162'
 'NMDC60013163' 'NMDC60013164' 'NMDC60013165' 'NMDC60013166'
 'NMDC60013167' 'NMDC60013168' 'NMDC60013169' 'NMDC60013170'
 'NMDC60013171' 'NMDC60013172' 'NMDC60013173' 'NMDC60013174'
 'NMDC60013175' 'NMDC60013176' 'NMDC60013177' 'NMDC60013184'
 'NMDC60013186' 'NMDC60013188' 'NMDC60013189' 'NMDC60013190'
 'NMDC60013191' 'NMDC60013192' 'NMDC60013193' 'NMDC60013194'
 'NMDC60013195' 'NMDC60013196' 'NMDC60013197' 'NMDC60013198'
 'NMDC60013199' 'NMDC60013239' 'NMDC60013240' 'NMDC60013242' 'LR794385.1'
 'LR794405.1' 'LR794433.1' 'LR794462.1' 'LR794514.1' 'LR794519.1'
 'LR794530.1' 'LR794549.1' 'LR794564.1' 'LR794619.1' 'LR794620.1'
 'LR794650.1' 'EPI_ISL_421932' 'EPI_ISL_420624' 'EPI_ISL_420620'
 'EPI_ISL_420609' 'EPI_ISL_420611' 'EPI_ISL_420619' 'EPI_ISL_420598'
 'EPI_ISL_420605' 'EPI_ISL_451091' 'EPI_ISL_434889' 'EPI_ISL_451087'
 'EPI_ISL_451084' 'EPI_ISL_455978' 'EPI_ISL_439246' 'EPI_ISL_453745'
 'EPI_ISL_453760' 'EPI_ISL_439159' 'EPI_ISL_432762' 'EPI_ISL_434503'
 'EPI_ISL_434493' 'EPI_ISL_442479' 'EPI_ISL_427379' 'EPI_ISL_427385'
 'EPI_ISL_432478' 'EPI_ISL_424658' 'EPI_ISL_424652' 'EPI_ISL_424655'
 'EPI_ISL_424644' 'EPI_ISL_424642' 'EPI_ISL_424650' 'EPI_ISL_424633'
 'EPI_ISL_424640' 'EPI_ISL_428944' 'EPI_ISL_421204' 'EPI_ISL_423583'
 'EPI_ISL_433499' 'EPI_ISL_429571' 'EPI_ISL_435421' 'EPI_ISL_428359'
 'EPI_ISL_443301' 'EPI_ISL_421512' 'EPI_ISL_428352' 'EPI_ISL_432864'
 'EPI_ISL_419182' 'EPI_ISL_419185' 'EPI_ISL_419186' 'EPI_ISL_420063'
 'EPI_ISL_425899' 'EPI_ISL_419170' 'EPI_ISL_443310' 'EPI_ISL_417526'
 'EPI_ISL_420044' 'EPI_ISL_418423' 'EPI_ISL_418427' 'EPI_ISL_421750'
 'EPI_ISL_418422' 'EPI_ISL_418424' 'EPI_ISL_447136' 'EPI_ISL_417437'
 'EPI_ISL_420038' 'EPI_ISL_420046' 'EPI_ISL_420055' 'EPI_ISL_421738'
 'EPI_ISL_421752' 'EPI_ISL_421753' 'EPI_ISL_418417' 'EPI_ISL_418240'
 'EPI_ISL_420040' 'EPI_ISL_419587' 'EPI_ISL_416499' 'EPI_ISL_417339'
 'EPI_ISL_419578' 'EPI_ISL_417337' 'EPI_ISL_416754' 'EPI_ISL_416756'
 'EPI_ISL_415651' 'EPI_ISL_415652' 'EPI_ISL_416751' 'EPI_ISL_417334'
 'EPI_ISL_416747' 'EPI_ISL_416749' 'EPI_ISL_416752' 'MT451041.1'
 'MT451177.1' 'MT451179.1' 'MT451194.1' 'EPI_ISL_445282' 'EPI_ISL_445311'
 'EPI_ISL_452223' 'EPI_ISL_429115' 'EPI_ISL_415704' 'EPI_ISL_429212'
 'EPI_ISL_415706' 'EPI_ISL_429208' 'EPI_ISL_429196' 'EPI_ISL_415705'
 'EPI_ISL_429211' 'EPI_ISL_415707' 'EPI_ISL_421453']",1,0.001327564262805766
2189(SNP:C->T);3037(SNP:C->T);14408(SNP:C->T);15324(SNP:C->T);23403(SNP:A->G),2020-04-21,['LR794400.1' 'LR794480.1'],B.1,France,"['EPI_ISL_416493' 'EPI_ISL_417946' 'EPI_ISL_417947' 'EPI_ISL_418024'
 'EPI_ISL_418230' 'EPI_ISL_418231' 'EPI_ISL_418234' 'EPI_ISL_418628'
 'EPI_ISL_418632' 'EPI_ISL_418634' 'EPI_ISL_418635' 'EPI_ISL_418648'
 'EPI_ISL_418657' 'EPI_ISL_418659' 'EPI_ISL_418795' 'EPI_ISL_419593'
 'EPI_ISL_420035' 'EPI_ISL_420039' 'EPI_ISL_420083' 'EPI_ISL_420365'
 'EPI_ISL_420368' 'EPI_ISL_420373' 'EPI_ISL_420380' 'EPI_ISL_420382'
 'EPI_ISL_420384' 'EPI_ISL_420389' 'EPI_ISL_420390' 'EPI_ISL_420395'
 'EPI_ISL_420396' 'EPI_ISL_420397' 'EPI_ISL_420427' 'EPI_ISL_420432'
 'EPI_ISL_420434' 'EPI_ISL_420440' 'EPI_ISL_420452' 'EPI_ISL_421508'
 'EPI_ISL_421745' 'EPI_ISL_421746' 'MT320538.2' 'EPI_ISL_427394'
 'EPI_ISL_428890' 'EPI_ISL_429724' 'EPI_ISL_429766' 'EPI_ISL_429782'
 'EPI_ISL_434621' 'EPI_ISL_434622' 'EPI_ISL_434623' 'EPI_ISL_434624'
 'EPI_ISL_434625' 'EPI_ISL_434631' 'EPI_ISL_434632' 'EPI_ISL_434633'
 'EPI_ISL_434634' 'EPI_ISL_435032' 'EPI_ISL_433646' 'EPI_ISL_437348'
 'EPI_ISL_437350' 'FR994049.1' 'EPI_ISL_443291' 'EPI_ISL_444969'
 'EPI_ISL_445069' 'MT358643.1' 'MT470101.1' 'MT470102.1' 'MT470106.1'
 'MT470110.1' 'MT470113.1' 'MT470114.1' 'MT470118.1' 'MT470124.1'
 'MT470133.1' 'MT470136.1' 'MT470138.1' 'MT470140.1' 'MT470143.1'
 'MT470148.1' 'MT470155.1' 'MT470162.1' 'MT470164.1' 'MT470165.1'
 'MT470167.1' 'MT470173.1' 'MT470176.1' 'EPI_ISL_445216' 'EPI_ISL_445272'
 'EPI_ISL_450519' 'LR824235.1' 'LR824247.1' 'LR824250.1' 'LR824268.1'
 'LR824263.1' 'LR824266.1' 'LR824283.1' 'LR824301.1' 'LR824326.1'
 'LR824321.1' 'LR824318.1' 'LR824325.1' 'LR824342.1' 'LR824371.1'
 'LR824381.1' 'LR824400.1' 'LR824409.1' 'LR824413.1' 'LR824414.1'
 'EPI_ISL_451935' 'EPI_ISL_452148' 'EPI_ISL_452151' 'EPI_ISL_452152'
 'EPI_ISL_453982' 'EPI_ISL_457974' 'NMDC60013159' 'NMDC60013162'
 'NMDC60013163' 'NMDC60013164' 'NMDC60013165' 'NMDC60013166'
 'NMDC60013167' 'NMDC60013168' 'NMDC60013169' 'NMDC60013170'
 'NMDC60013171' 'NMDC60013172' 'NMDC60013173' 'NMDC60013174'
 'NMDC60013175' 'NMDC60013176' 'NMDC60013177' 'NMDC60013184'
 'NMDC60013186' 'NMDC60013188' 'NMDC60013189' 'NMDC60013190'
 'NMDC60013191' 'NMDC60013192' 'NMDC60013193' 'NMDC60013194'
 'NMDC60013195' 'NMDC60013196' 'NMDC60013197' 'NMDC60013198'
 'NMDC60013199' 'NMDC60013239' 'NMDC60013240' 'NMDC60013242' 'LR794385.1'
 'LR794405.1' 'LR794433.1' 'LR794462.1' 'LR794514.1' 'LR794519.1'
 'LR794530.1' 'LR794549.1' 'LR794564.1' 'LR794619.1' 'LR794620.1'
 'LR794650.1' 'EPI_ISL_421932' 'EPI_ISL_420624' 'EPI_ISL_420620'
 'EPI_ISL_420609' 'EPI_ISL_420611' 'EPI_ISL_420619' 'EPI_ISL_420598'
 'EPI_ISL_420605' 'EPI_ISL_451091' 'EPI_ISL_434889' 'EPI_ISL_451087'
 'EPI_ISL_451084' 'EPI_ISL_455978' 'EPI_ISL_439246' 'EPI_ISL_453745'
 'EPI_ISL_453760' 'EPI_ISL_439159' 'EPI_ISL_432762' 'EPI_ISL_434503'
 'EPI_ISL_434493' 'EPI_ISL_442479' 'EPI_ISL_427379' 'EPI_ISL_427385'
 'EPI_ISL_432478' 'EPI_ISL_424658' 'EPI_ISL_424652' 'EPI_ISL_424655'
 'EPI_ISL_424644' 'EPI_ISL_424642' 'EPI_ISL_424650' 'EPI_ISL_424633'
 'EPI_ISL_424640' 'EPI_ISL_428944' 'EPI_ISL_421204' 'EPI_ISL_423583'
 'EPI_ISL_433499' 'EPI_ISL_429571' 'EPI_ISL_435421' 'EPI_ISL_428359'
 'EPI_ISL_443301' 'EPI_ISL_421512' 'EPI_ISL_428352' 'EPI_ISL_432864'
 'EPI_ISL_419182' 'EPI_ISL_419185' 'EPI_ISL_419186' 'EPI_ISL_420063'
 'EPI_ISL_425899' 'EPI_ISL_419170' 'EPI_ISL_443310' 'EPI_ISL_417526'
 'EPI_ISL_420044' 'EPI_ISL_418423' 'EPI_ISL_418427' 'EPI_ISL_421750'
 'EPI_ISL_418422' 'EPI_ISL_418424' 'EPI_ISL_447136' 'EPI_ISL_417437'
 'EPI_ISL_420038' 'EPI_ISL_420046' 'EPI_ISL_420055' 'EPI_ISL_421738'
 'EPI_ISL_421752' 'EPI_ISL_421753' 'EPI_ISL_418417' 'EPI_ISL_418240'
 'EPI_ISL_420040' 'EPI_ISL_419587' 'EPI_ISL_416499' 'EPI_ISL_417339'
 'EPI_ISL_419578' 'EPI_ISL_417337' 'EPI_ISL_416754' 'EPI_ISL_416756'
 'EPI_ISL_415651' 'EPI_ISL_415652' 'EPI_ISL_416751' 'EPI_ISL_417334'
 'EPI_ISL_416747' 'EPI_ISL_416749' 'EPI_ISL_416752' 'MT451041.1'
 'MT451177.1' 'MT451179.1' 'MT451194.1' 'EPI_ISL_445282' 'EPI_ISL_445311'
 'EPI_ISL_452223' 'EPI_ISL_429115' 'EPI_ISL_415704' 'EPI_ISL_429212'
 'EPI_ISL_415706' 'EPI_ISL_429208' 'EPI_ISL_429196' 'EPI_ISL_415705'
 'EPI_ISL_429211' 'EPI_ISL_415707' 'EPI_ISL_421453']",1,0.001327564262805766
3037(SNP:C->T);11117(SNP:A->G);14408(SNP:C->T);15324(SNP:C->T);23403(SNP:A->G),2020-04-21,['LR794399.1' 'LR794401.1'],B.1,France,"['EPI_ISL_416493' 'EPI_ISL_417946' 'EPI_ISL_417947' 'EPI_ISL_418024'
 'EPI_ISL_418230' 'EPI_ISL_418231' 'EPI_ISL_418234' 'EPI_ISL_418628'
 'EPI_ISL_418632' 'EPI_ISL_418634' 'EPI_ISL_418635' 'EPI_ISL_418648'
 'EPI_ISL_418657' 'EPI_ISL_418659' 'EPI_ISL_418795' 'EPI_ISL_419593'
 'EPI_ISL_420035' 'EPI_ISL_420039' 'EPI_ISL_420083' 'EPI_ISL_420365'
 'EPI_ISL_420368' 'EPI_ISL_420373' 'EPI_ISL_420380' 'EPI_ISL_420382'
 'EPI_ISL_420384' 'EPI_ISL_420389' 'EPI_ISL_420390' 'EPI_ISL_420395'
 'EPI_ISL_420396' 'EPI_ISL_420397' 'EPI_ISL_420427' 'EPI_ISL_420432'
 'EPI_ISL_420434' 'EPI_ISL_420440' 'EPI_ISL_420452' 'EPI_ISL_421508'
 'EPI_ISL_421745' 'EPI_ISL_421746' 'MT320538.2' 'EPI_ISL_427394'
 'EPI_ISL_428890' 'EPI_ISL_429724' 'EPI_ISL_429766' 'EPI_ISL_429782'
 'EPI_ISL_434621' 'EPI_ISL_434622' 'EPI_ISL_434623' 'EPI_ISL_434624'
 'EPI_ISL_434625' 'EPI_ISL_434631' 'EPI_ISL_434632' 'EPI_ISL_434633'
 'EPI_ISL_434634' 'EPI_ISL_435032' 'EPI_ISL_433646' 'EPI_ISL_437348'
 'EPI_ISL_437350' 'FR994049.1' 'EPI_ISL_443291' 'EPI_ISL_444969'
 'EPI_ISL_445069' 'MT358643.1' 'MT470101.1' 'MT470102.1' 'MT470106.1'
 'MT470110.1' 'MT470113.1' 'MT470114.1' 'MT470118.1' 'MT470124.1'
 'MT470133.1' 'MT470136.1' 'MT470138.1' 'MT470140.1' 'MT470143.1'
 'MT470148.1' 'MT470155.1' 'MT470162.1' 'MT470164.1' 'MT470165.1'
 'MT470167.1' 'MT470173.1' 'MT470176.1' 'EPI_ISL_445216' 'EPI_ISL_445272'
 'EPI_ISL_450519' 'LR824235.1' 'LR824247.1' 'LR824250.1' 'LR824268.1'
 'LR824263.1' 'LR824266.1' 'LR824283.1' 'LR824301.1' 'LR824326.1'
 'LR824321.1' 'LR824318.1' 'LR824325.1' 'LR824342.1' 'LR824371.1'
 'LR824381.1' 'LR824400.1' 'LR824409.1' 'LR824413.1' 'LR824414.1'
 'EPI_ISL_451935' 'EPI_ISL_452148' 'EPI_ISL_452151' 'EPI_ISL_452152'
 'EPI_ISL_453982' 'EPI_ISL_457974' 'NMDC60013159' 'NMDC60013162'
 'NMDC60013163' 'NMDC60013164' 'NMDC60013165' 'NMDC60013166'
 'NMDC60013167' 'NMDC60013168' 'NMDC60013169' 'NMDC60013170'
 'NMDC60013171' 'NMDC60013172' 'NMDC60013173' 'NMDC60013174'
 'NMDC60013175' 'NMDC60013176' 'NMDC60013177' 'NMDC60013184'
 'NMDC60013186' 'NMDC60013188' 'NMDC60013189' 'NMDC60013190'
 'NMDC60013191' 'NMDC60013192' 'NMDC60013193' 'NMDC60013194'
 'NMDC60013195' 'NMDC60013196' 'NMDC60013197' 'NMDC60013198'
 'NMDC60013199' 'NMDC60013239' 'NMDC60013240' 'NMDC60013242' 'LR794385.1'
 'LR794405.1' 'LR794433.1' 'LR794462.1' 'LR794514.1' 'LR794519.1'
 'LR794530.1' 'LR794549.1' 'LR794564.1' 'LR794619.1' 'LR794620.1'
 'LR794650.1' 'EPI_ISL_421932' 'EPI_ISL_420624' 'EPI_ISL_420620'
 'EPI_ISL_420609' 'EPI_ISL_420611' 'EPI_ISL_420619' 'EPI_ISL_420598'
 'EPI_ISL_420605' 'EPI_ISL_451091' 'EPI_ISL_434889' 'EPI_ISL_451087'
 'EPI_ISL_451084' 'EPI_ISL_455978' 'EPI_ISL_439246' 'EPI_ISL_453745'
 'EPI_ISL_453760' 'EPI_ISL_439159' 'EPI_ISL_432762' 'EPI_ISL_434503'
 'EPI_ISL_434493' 'EPI_ISL_442479' 'EPI_ISL_427379' 'EPI_ISL_427385'
 'EPI_ISL_432478' 'EPI_ISL_424658' 'EPI_ISL_424652' 'EPI_ISL_424655'
 'EPI_ISL_424644' 'EPI_ISL_424642' 'EPI_ISL_424650' 'EPI_ISL_424633'
 'EPI_ISL_424640' 'EPI_ISL_428944' 'EPI_ISL_421204' 'EPI_ISL_423583'
 'EPI_ISL_433499' 'EPI_ISL_429571' 'EPI_ISL_435421' 'EPI_ISL_428359'
 'EPI_ISL_443301' 'EPI_ISL_421512' 'EPI_ISL_428352' 'EPI_ISL_432864'
 'EPI_ISL_419182' 'EPI_ISL_419185' 'EPI_ISL_419186' 'EPI_ISL_420063'
 'EPI_ISL_425899' 'EPI_ISL_419170' 'EPI_ISL_443310' 'EPI_ISL_417526'
 'EPI_ISL_420044' 'EPI_ISL_418423' 'EPI_ISL_418427' 'EPI_ISL_421750'
 'EPI_ISL_418422' 'EPI_ISL_418424' 'EPI_ISL_447136' 'EPI_ISL_417437'
 'EPI_ISL_420038' 'EPI_ISL_420046' 'EPI_ISL_420055' 'EPI_ISL_421738'
 'EPI_ISL_421752' 'EPI_ISL_421753' 'EPI_ISL_418417' 'EPI_ISL_418240'
 'EPI_ISL_420040' 'EPI_ISL_419587' 'EPI_ISL_416499' 'EPI_ISL_417339'
 'EPI_ISL_419578' 'EPI_ISL_417337' 'EPI_ISL_416754' 'EPI_ISL_416756'
 'EPI_ISL_415651' 'EPI_ISL_415652' 'EPI_ISL_416751' 'EPI_ISL_417334'
 'EPI_ISL_416747' 'EPI_ISL_416749' 'EPI_ISL_416752' 'MT451041.1'
 'MT451177.1' 'MT451179.1' 'MT451194.1' 'EPI_ISL_445282' 'EPI_ISL_445311'
 'EPI_ISL_452223' 'EPI_ISL_429115' 'EPI_ISL_415704' 'EPI_ISL_429212'
 'EPI_ISL_415706' 'EPI_ISL_429208' 'EPI_ISL_429196' 'EPI_ISL_415705'
 'EPI_ISL_429211' 'EPI_ISL_415707' 'EPI_ISL_421453']",1,0.001327564262805766
3037(SNP:C->T);7735(SNP:C->T);14408(SNP:C->T);15324(SNP:C->T);23403(SNP:A->G),2020-05-25,['LR824270.1' 'LR824379.1'],B.1,Switzerland,"['EPI_ISL_416493' 'EPI_ISL_417946' 'EPI_ISL_417947' 'EPI_ISL_418024'
 'EPI_ISL_418230' 'EPI_ISL_418231' 'EPI_ISL_418234' 'EPI_ISL_418628'
 'EPI_ISL_418632' 'EPI_ISL_418634' 'EPI_ISL_418635' 'EPI_ISL_418648'
 'EPI_ISL_418657' 'EPI_ISL_418659' 'EPI_ISL_418795' 'EPI_ISL_419593'
 'EPI_ISL_420035' 'EPI_ISL_420039' 'EPI_ISL_420083' 'EPI_ISL_420365'
 'EPI_ISL_420368' 'EPI_ISL_420373' 'EPI_ISL_420380' 'EPI_ISL_420382'
 'EPI_ISL_420384' 'EPI_ISL_420389' 'EPI_ISL_420390' 'EPI_ISL_420395'
 'EPI_ISL_420396' 'EPI_ISL_420397' 'EPI_ISL_420427' 'EPI_ISL_420432'
 'EPI_ISL_420434' 'EPI_ISL_420440' 'EPI_ISL_420452' 'EPI_ISL_421508'
 'EPI_ISL_421745' 'EPI_ISL_421746' 'MT320538.2' 'EPI_ISL_427394'
 'EPI_ISL_428890' 'EPI_ISL_429724' 'EPI_ISL_429766' 'EPI_ISL_429782'
 'EPI_ISL_434621' 'EPI_ISL_434622' 'EPI_ISL_434623' 'EPI_ISL_434624'
 'EPI_ISL_434625' 'EPI_ISL_434631' 'EPI_ISL_434632' 'EPI_ISL_434633'
 'EPI_ISL_434634' 'EPI_ISL_435032' 'EPI_ISL_433646' 'EPI_ISL_437348'
 'EPI_ISL_437350' 'FR994049.1' 'EPI_ISL_443291' 'EPI_ISL_444969'
 'EPI_ISL_445069' 'MT358643.1' 'MT470101.1' 'MT470102.1' 'MT470106.1'
 'MT470110.1' 'MT470113.1' 'MT470114.1' 'MT470118.1' 'MT470124.1'
 'MT470133.1' 'MT470136.1' 'MT470138.1' 'MT470140.1' 'MT470143.1'
 'MT470148.1' 'MT470155.1' 'MT470162.1' 'MT470164.1' 'MT470165.1'
 'MT470167.1' 'MT470173.1' 'MT470176.1' 'EPI_ISL_445216' 'EPI_ISL_445272'
 'EPI_ISL_450519' 'LR824235.1' 'LR824247.1' 'LR824250.1' 'LR824268.1'
 'LR824263.1' 'LR824266.1' 'LR824283.1' 'LR824301.1' 'LR824326.1'
 'LR824321.1' 'LR824318.1' 'LR824325.1' 'LR824342.1' 'LR824371.1'
 'LR824381.1' 'LR824400.1' 'LR824409.1' 'LR824413.1' 'LR824414.1'
 'EPI_ISL_451935' 'EPI_ISL_452148' 'EPI_ISL_452151' 'EPI_ISL_452152'
 'EPI_ISL_453982' 'EPI_ISL_457974' 'NMDC60013159' 'NMDC60013162'
 'NMDC60013163' 'NMDC60013164' 'NMDC60013165' 'NMDC60013166'
 'NMDC60013167' 'NMDC60013168' 'NMDC60013169' 'NMDC60013170'
 'NMDC60013171' 'NMDC60013172' 'NMDC60013173' 'NMDC60013174'
 'NMDC60013175' 'NMDC60013176' 'NMDC60013177' 'NMDC60013184'
 'NMDC60013186' 'NMDC60013188' 'NMDC60013189' 'NMDC60013190'
 'NMDC60013191' 'NMDC60013192' 'NMDC60013193' 'NMDC60013194'
 'NMDC60013195' 'NMDC60013196' 'NMDC60013197' 'NMDC60013198'
 'NMDC60013199' 'NMDC60013239' 'NMDC60013240' 'NMDC60013242' 'LR794385.1'
 'LR794405.1' 'LR794433.1' 'LR794462.1' 'LR794514.1' 'LR794519.1'
 'LR794530.1' 'LR794549.1' 'LR794564.1' 'LR794619.1' 'LR794620.1'
 'LR794650.1' 'EPI_ISL_421932' 'EPI_ISL_420624' 'EPI_ISL_420620'
 'EPI_ISL_420609' 'EPI_ISL_420611' 'EPI_ISL_420619' 'EPI_ISL_420598'
 'EPI_ISL_420605' 'EPI_ISL_451091' 'EPI_ISL_434889' 'EPI_ISL_451087'
 'EPI_ISL_451084' 'EPI_ISL_455978' 'EPI_ISL_439246' 'EPI_ISL_453745'
 'EPI_ISL_453760' 'EPI_ISL_439159' 'EPI_ISL_432762' 'EPI_ISL_434503'
 'EPI_ISL_434493' 'EPI_ISL_442479' 'EPI_ISL_427379' 'EPI_ISL_427385'
 'EPI_ISL_432478' 'EPI_ISL_424658' 'EPI_ISL_424652' 'EPI_ISL_424655'
 'EPI_ISL_424644' 'EPI_ISL_424642' 'EPI_ISL_424650' 'EPI_ISL_424633'
 'EPI_ISL_424640' 'EPI_ISL_428944' 'EPI_ISL_421204' 'EPI_ISL_423583'
 'EPI_ISL_433499' 'EPI_ISL_429571' 'EPI_ISL_435421' 'EPI_ISL_428359'
 'EPI_ISL_443301' 'EPI_ISL_421512' 'EPI_ISL_428352' 'EPI_ISL_432864'
 'EPI_ISL_419182' 'EPI_ISL_419185' 'EPI_ISL_419186' 'EPI_ISL_420063'
 'EPI_ISL_425899' 'EPI_ISL_419170' 'EPI_ISL_443310' 'EPI_ISL_417526'
 'EPI_ISL_420044' 'EPI_ISL_418423' 'EPI_ISL_418427' 'EPI_ISL_421750'
 'EPI_ISL_418422' 'EPI_ISL_418424' 'EPI_ISL_447136' 'EPI_ISL_417437'
 'EPI_ISL_420038' 'EPI_ISL_420046' 'EPI_ISL_420055' 'EPI_ISL_421738'
 'EPI_ISL_421752' 'EPI_ISL_421753' 'EPI_ISL_418417' 'EPI_ISL_418240'
 'EPI_ISL_420040' 'EPI_ISL_419587' 'EPI_ISL_416499' 'EPI_ISL_417339'
 'EPI_ISL_419578' 'EPI_ISL_417337' 'EPI_ISL_416754' 'EPI_ISL_416756'
 'EPI_ISL_415651' 'EPI_ISL_415652' 'EPI_ISL_416751' 'EPI_ISL_417334'
 'EPI_ISL_416747' 'EPI_ISL_416749' 'EPI_ISL_416752' 'MT451041.1'
 'MT451177.1' 'MT451179.1' 'MT451194.1' 'EPI_ISL_445282' 'EPI_ISL_445311'
 'EPI_ISL_452223' 'EPI_ISL_429115' 'EPI_ISL_415704' 'EPI_ISL_429212'
 'EPI_ISL_415706' 'EPI_ISL_429208' 'EPI_ISL_429196' 'EPI_ISL_415705'
 'EPI_ISL_429211' 'EPI_ISL_415707' 'EPI_ISL_421453']",1,0.001327564262805766
3037(SNP:C->T);14408(SNP:C->T);15324(SNP:C->T);23403(SNP:A->G);24990(SNP:C->T),2020-03-23,['EPI_ISL_416750'],B.1,France,"['EPI_ISL_416493' 'EPI_ISL_417946' 'EPI_ISL_417947' 'EPI_ISL_418024'
 'EPI_ISL_418230' 'EPI_ISL_418231' 'EPI_ISL_418234' 'EPI_ISL_418628'
 'EPI_ISL_418632' 'EPI_ISL_418634' 'EPI_ISL_418635' 'EPI_ISL_418648'
 'EPI_ISL_418657' 'EPI_ISL_418659' 'EPI_ISL_418795' 'EPI_ISL_419593'
 'EPI_ISL_420035' 'EPI_ISL_420039' 'EPI_ISL_420083' 'EPI_ISL_420365'
 'EPI_ISL_420368' 'EPI_ISL_420373' 'EPI_ISL_420380' 'EPI_ISL_420382'
 'EPI_ISL_420384' 'EPI_ISL_420389' 'EPI_ISL_420390' 'EPI_ISL_420395'
 'EPI_ISL_420396' 'EPI_ISL_420397' 'EPI_ISL_420427' 'EPI_ISL_420432'
 'EPI_ISL_420434' 'EPI_ISL_420440' 'EPI_ISL_420452' 'EPI_ISL_421508'
 'EPI_ISL_421745' 'EPI_ISL_421746' 'MT320538.2' 'EPI_ISL_427394'
 'EPI_ISL_428890' 'EPI_ISL_429724' 'EPI_ISL_429766' 'EPI_ISL_429782'
 'EPI_ISL_434621' 'EPI_ISL_434622' 'EPI_ISL_434623' 'EPI_ISL_434624'
 'EPI_ISL_434625' 'EPI_ISL_434631' 'EPI_ISL_434632' 'EPI_ISL_434633'
 'EPI_ISL_434634' 'EPI_ISL_435032' 'EPI_ISL_433646' 'EPI_ISL_437348'
 'EPI_ISL_437350' 'FR994049.1' 'EPI_ISL_443291' 'EPI_ISL_444969'
 'EPI_ISL_445069' 'MT358643.1' 'MT470101.1' 'MT470102.1' 'MT470106.1'
 'MT470110.1' 'MT470113.1' 'MT470114.1' 'MT470118.1' 'MT470124.1'
 'MT470133.1' 'MT470136.1' 'MT470138.1' 'MT470140.1' 'MT470143.1'
 'MT470148.1' 'MT470155.1' 'MT470162.1' 'MT470164.1' 'MT470165.1'
 'MT470167.1' 'MT470173.1' 'MT470176.1' 'EPI_ISL_445216' 'EPI_ISL_445272'
 'EPI_ISL_450519' 'LR824235.1' 'LR824247.1' 'LR824250.1' 'LR824268.1'
 'LR824263.1' 'LR824266.1' 'LR824283.1' 'LR824301.1' 'LR824326.1'
 'LR824321.1' 'LR824318.1' 'LR824325.1' 'LR824342.1' 'LR824371.1'
 'LR824381.1' 'LR824400.1' 'LR824409.1' 'LR824413.1' 'LR824414.1'
 'EPI_ISL_451935' 'EPI_ISL_452148' 'EPI_ISL_452151' 'EPI_ISL_452152'
 'EPI_ISL_453982' 'EPI_ISL_457974' 'NMDC60013159' 'NMDC60013162'
 'NMDC60013163' 'NMDC60013164' 'NMDC60013165' 'NMDC60013166'
 'NMDC60013167' 'NMDC60013168' 'NMDC60013169' 'NMDC60013170'
 'NMDC60013171' 'NMDC60013172' 'NMDC60013173' 'NMDC60013174'
 'NMDC60013175' 'NMDC60013176' 'NMDC60013177' 'NMDC60013184'
 'NMDC60013186' 'NMDC60013188' 'NMDC60013189' 'NMDC60013190'
 'NMDC60013191' 'NMDC60013192' 'NMDC60013193' 'NMDC60013194'
 'NMDC60013195' 'NMDC60013196' 'NMDC60013197' 'NMDC60013198'
 'NMDC60013199' 'NMDC60013239' 'NMDC60013240' 'NMDC60013242' 'LR794385.1'
 'LR794405.1' 'LR794433.1' 'LR794462.1' 'LR794514.1' 'LR794519.1'
 'LR794530.1' 'LR794549.1' 'LR794564.1' 'LR794619.1' 'LR794620.1'
 'LR794650.1' 'EPI_ISL_421932' 'EPI_ISL_420624' 'EPI_ISL_420620'
 'EPI_ISL_420609' 'EPI_ISL_420611' 'EPI_ISL_420619' 'EPI_ISL_420598'
 'EPI_ISL_420605' 'EPI_ISL_451091' 'EPI_ISL_434889' 'EPI_ISL_451087'
 'EPI_ISL_451084' 'EPI_ISL_455978' 'EPI_ISL_439246' 'EPI_ISL_453745'
 'EPI_ISL_453760' 'EPI_ISL_439159' 'EPI_ISL_432762' 'EPI_ISL_434503'
 'EPI_ISL_434493' 'EPI_ISL_442479' 'EPI_ISL_427379' 'EPI_ISL_427385'
 'EPI_ISL_432478' 'EPI_ISL_424658' 'EPI_ISL_424652' 'EPI_ISL_424655'
 'EPI_ISL_424644' 'EPI_ISL_424642' 'EPI_ISL_424650' 'EPI_ISL_424633'
 'EPI_ISL_424640' 'EPI_ISL_428944' 'EPI_ISL_421204' 'EPI_ISL_423583'
 'EPI_ISL_433499' 'EPI_ISL_429571' 'EPI_ISL_435421' 'EPI_ISL_428359'
 'EPI_ISL_443301' 'EPI_ISL_421512' 'EPI_ISL_428352' 'EPI_ISL_432864'
 'EPI_ISL_419182' 'EPI_ISL_419185' 'EPI_ISL_419186' 'EPI_ISL_420063'
 'EPI_ISL_425899' 'EPI_ISL_419170' 'EPI_ISL_443310' 'EPI_ISL_417526'
 'EPI_ISL_420044' 'EPI_ISL_418423' 'EPI_ISL_418427' 'EPI_ISL_421750'
 'EPI_ISL_418422' 'EPI_ISL_418424' 'EPI_ISL_447136' 'EPI_ISL_417437'
 'EPI_ISL_420038' 'EPI_ISL_420046' 'EPI_ISL_420055' 'EPI_ISL_421738'
 'EPI_ISL_421752' 'EPI_ISL_421753' 'EPI_ISL_418417' 'EPI_ISL_418240'
 'EPI_ISL_420040' 'EPI_ISL_419587' 'EPI_ISL_416499' 'EPI_ISL_417339'
 'EPI_ISL_419578' 'EPI_ISL_417337' 'EPI_ISL_416754' 'EPI_ISL_416756'
 'EPI_ISL_415651' 'EPI_ISL_415652' 'EPI_ISL_416751' 'EPI_ISL_417334'
 'EPI_ISL_416747' 'EPI_ISL_416749' 'EPI_ISL_416752' 'MT451041.1'
 'MT451177.1' 'MT451179.1' 'MT451194.1' 'EPI_ISL_445282' 'EPI_ISL_445311'
 'EPI_ISL_452223' 'EPI_ISL_429115' 'EPI_ISL_415704' 'EPI_ISL_429212'
 'EPI_ISL_415706' 'EPI_ISL_429208' 'EPI_ISL_429196' 'EPI_ISL_415705'
 'EPI_ISL_429211' 'EPI_ISL_415707' 'EPI_ISL_421453']",1,0.001327564262805766
3037(SNP:C->T);14408(SNP:C->T);15324(SNP:C->T);23403(SNP:A->G);25416(SNP:C->T),2020-03-23,['EPI_ISL_416745'],B.1.387,France,"['EPI_ISL_416493' 'EPI_ISL_417946' 'EPI_ISL_417947' 'EPI_ISL_418024'
 'EPI_ISL_418230' 'EPI_ISL_418231' 'EPI_ISL_418234' 'EPI_ISL_418628'
 'EPI_ISL_418632' 'EPI_ISL_418634' 'EPI_ISL_418635' 'EPI_ISL_418648'
 'EPI_ISL_418657' 'EPI_ISL_418659' 'EPI_ISL_418795' 'EPI_ISL_419593'
 'EPI_ISL_420035' 'EPI_ISL_420039' 'EPI_ISL_420083' 'EPI_ISL_420365'
 'EPI_ISL_420368' 'EPI_ISL_420373' 'EPI_ISL_420380' 'EPI_ISL_420382'
 'EPI_ISL_420384' 'EPI_ISL_420389' 'EPI_ISL_420390' 'EPI_ISL_420395'
 'EPI_ISL_420396' 'EPI_ISL_420397' 'EPI_ISL_420427' 'EPI_ISL_420432'
 'EPI_ISL_420434' 'EPI_ISL_420440' 'EPI_ISL_420452' 'EPI_ISL_421508'
 'EPI_ISL_421745' 'EPI_ISL_421746' 'MT320538.2' 'EPI_ISL_427394'
 'EPI_ISL_428890' 'EPI_ISL_429724' 'EPI_ISL_429766' 'EPI_ISL_429782'
 'EPI_ISL_434621' 'EPI_ISL_434622' 'EPI_ISL_434623' 'EPI_ISL_434624'
 'EPI_ISL_434625' 'EPI_ISL_434631' 'EPI_ISL_434632' 'EPI_ISL_434633'
 'EPI_ISL_434634' 'EPI_ISL_435032' 'EPI_ISL_433646' 'EPI_ISL_437348'
 'EPI_ISL_437350' 'FR994049.1' 'EPI_ISL_443291' 'EPI_ISL_444969'
 'EPI_ISL_445069' 'MT358643.1' 'MT470101.1' 'MT470102.1' 'MT470106.1'
 'MT470110.1' 'MT470113.1' 'MT470114.1' 'MT470118.1' 'MT470124.1'
 'MT470133.1' 'MT470136.1' 'MT470138.1' 'MT470140.1' 'MT470143.1'
 'MT470148.1' 'MT470155.1' 'MT470162.1' 'MT470164.1' 'MT470165.1'
 'MT470167.1' 'MT470173.1' 'MT470176.1' 'EPI_ISL_445216' 'EPI_ISL_445272'
 'EPI_ISL_450519' 'LR824235.1' 'LR824247.1' 'LR824250.1' 'LR824268.1'
 'LR824263.1' 'LR824266.1' 'LR824283.1' 'LR824301.1' 'LR824326.1'
 'LR824321.1' 'LR824318.1' 'LR824325.1' 'LR824342.1' 'LR824371.1'
 'LR824381.1' 'LR824400.1' 'LR824409.1' 'LR824413.1' 'LR824414.1'
 'EPI_ISL_451935' 'EPI_ISL_452148' 'EPI_ISL_452151' 'EPI_ISL_452152'
 'EPI_ISL_453982' 'EPI_ISL_457974' 'NMDC60013159' 'NMDC60013162'
 'NMDC60013163' 'NMDC60013164' 'NMDC60013165' 'NMDC60013166'
 'NMDC60013167' 'NMDC60013168' 'NMDC60013169' 'NMDC60013170'
 'NMDC60013171' 'NMDC60013172' 'NMDC60013173' 'NMDC60013174'
 'NMDC60013175' 'NMDC60013176' 'NMDC60013177' 'NMDC60013184'
 'NMDC60013186' 'NMDC60013188' 'NMDC60013189' 'NMDC60013190'
 'NMDC60013191' 'NMDC60013192' 'NMDC60013193' 'NMDC60013194'
 'NMDC60013195' 'NMDC60013196' 'NMDC60013197' 'NMDC60013198'
 'NMDC60013199' 'NMDC60013239' 'NMDC60013240' 'NMDC60013242' 'LR794385.1'
 'LR794405.1' 'LR794433.1' 'LR794462.1' 'LR794514.1' 'LR794519.1'
 'LR794530.1' 'LR794549.1' 'LR794564.1' 'LR794619.1' 'LR794620.1'
 'LR794650.1' 'EPI_ISL_421932' 'EPI_ISL_420624' 'EPI_ISL_420620'
 'EPI_ISL_420609' 'EPI_ISL_420611' 'EPI_ISL_420619' 'EPI_ISL_420598'
 'EPI_ISL_420605' 'EPI_ISL_451091' 'EPI_ISL_434889' 'EPI_ISL_451087'
 'EPI_ISL_451084' 'EPI_ISL_455978' 'EPI_ISL_439246' 'EPI_ISL_453745'
 'EPI_ISL_453760' 'EPI_ISL_439159' 'EPI_ISL_432762' 'EPI_ISL_434503'
 'EPI_ISL_434493' 'EPI_ISL_442479' 'EPI_ISL_427379' 'EPI_ISL_427385'
 'EPI_ISL_432478' 'EPI_ISL_424658' 'EPI_ISL_424652' 'EPI_ISL_424655'
 'EPI_ISL_424644' 'EPI_ISL_424642' 'EPI_ISL_424650' 'EPI_ISL_424633'
 'EPI_ISL_424640' 'EPI_ISL_428944' 'EPI_ISL_421204' 'EPI_ISL_423583'
 'EPI_ISL_433499' 'EPI_ISL_429571' 'EPI_ISL_435421' 'EPI_ISL_428359'
 'EPI_ISL_443301' 'EPI_ISL_421512' 'EPI_ISL_428352' 'EPI_ISL_432864'
 'EPI_ISL_419182' 'EPI_ISL_419185' 'EPI_ISL_419186' 'EPI_ISL_420063'
 'EPI_ISL_425899' 'EPI_ISL_419170' 'EPI_ISL_443310' 'EPI_ISL_417526'
 'EPI_ISL_420044' 'EPI_ISL_418423' 'EPI_ISL_418427' 'EPI_ISL_421750'
 'EPI_ISL_418422' 'EPI_ISL_418424' 'EPI_ISL_447136' 'EPI_ISL_417437'
 'EPI_ISL_420038' 'EPI_ISL_420046' 'EPI_ISL_420055' 'EPI_ISL_421738'
 'EPI_ISL_421752' 'EPI_ISL_421753' 'EPI_ISL_418417' 'EPI_ISL_418240'
 'EPI_ISL_420040' 'EPI_ISL_419587' 'EPI_ISL_416499' 'EPI_ISL_417339'
 'EPI_ISL_419578' 'EPI_ISL_417337' 'EPI_ISL_416754' 'EPI_ISL_416756'
 'EPI_ISL_415651' 'EPI_ISL_415652' 'EPI_ISL_416751' 'EPI_ISL_417334'
 'EPI_ISL_416747' 'EPI_ISL_416749' 'EPI_ISL_416752' 'MT451041.1'
 'MT451177.1' 'MT451179.1' 'MT451194.1' 'EPI_ISL_445282' 'EPI_ISL_445311'
 'EPI_ISL_452223' 'EPI_ISL_429115' 'EPI_ISL_415704' 'EPI_ISL_429212'
 'EPI_ISL_415706' 'EPI_ISL_429208' 'EPI_ISL_429196' 'EPI_ISL_415705'
 'EPI_ISL_429211' 'EPI_ISL_415707' 'EPI_ISL_421453']",1,0.001327564262805766
3037(SNP:C->T);14408(SNP:C->T);15324(SNP:C->T);18828(SNP:C->T);23403(SNP:A->G),2020-03-27,['EPI_ISL_417527'],B.1,Luxembourg,"['EPI_ISL_416493' 'EPI_ISL_417946' 'EPI_ISL_417947' 'EPI_ISL_418024'
 'EPI_ISL_418230' 'EPI_ISL_418231' 'EPI_ISL_418234' 'EPI_ISL_418628'
 'EPI_ISL_418632' 'EPI_ISL_418634' 'EPI_ISL_418635' 'EPI_ISL_418648'
 'EPI_ISL_418657' 'EPI_ISL_418659' 'EPI_ISL_418795' 'EPI_ISL_419593'
 'EPI_ISL_420035' 'EPI_ISL_420039' 'EPI_ISL_420083' 'EPI_ISL_420365'
 'EPI_ISL_420368' 'EPI_ISL_420373' 'EPI_ISL_420380' 'EPI_ISL_420382'
 'EPI_ISL_420384' 'EPI_ISL_420389' 'EPI_ISL_420390' 'EPI_ISL_420395'
 'EPI_ISL_420396' 'EPI_ISL_420397' 'EPI_ISL_420427' 'EPI_ISL_420432'
 'EPI_ISL_420434' 'EPI_ISL_420440' 'EPI_ISL_420452' 'EPI_ISL_421508'
 'EPI_ISL_421745' 'EPI_ISL_421746' 'MT320538.2' 'EPI_ISL_427394'
 'EPI_ISL_428890' 'EPI_ISL_429724' 'EPI_ISL_429766' 'EPI_ISL_429782'
 'EPI_ISL_434621' 'EPI_ISL_434622' 'EPI_ISL_434623' 'EPI_ISL_434624'
 'EPI_ISL_434625' 'EPI_ISL_434631' 'EPI_ISL_434632' 'EPI_ISL_434633'
 'EPI_ISL_434634' 'EPI_ISL_435032' 'EPI_ISL_433646' 'EPI_ISL_437348'
 'EPI_ISL_437350' 'FR994049.1' 'EPI_ISL_443291' 'EPI_ISL_444969'
 'EPI_ISL_445069' 'MT358643.1' 'MT470101.1' 'MT470102.1' 'MT470106.1'
 'MT470110.1' 'MT470113.1' 'MT470114.1' 'MT470118.1' 'MT470124.1'
 'MT470133.1' 'MT470136.1' 'MT470138.1' 'MT470140.1' 'MT470143.1'
 'MT470148.1' 'MT470155.1' 'MT470162.1' 'MT470164.1' 'MT470165.1'
 'MT470167.1' 'MT470173.1' 'MT470176.1' 'EPI_ISL_445216' 'EPI_ISL_445272'
 'EPI_ISL_450519' 'LR824235.1' 'LR824247.1' 'LR824250.1' 'LR824268.1'
 'LR824263.1' 'LR824266.1' 'LR824283.1' 'LR824301.1' 'LR824326.1'
 'LR824321.1' 'LR824318.1' 'LR824325.1' 'LR824342.1' 'LR824371.1'
 'LR824381.1' 'LR824400.1' 'LR824409.1' 'LR824413.1' 'LR824414.1'
 'EPI_ISL_451935' 'EPI_ISL_452148' 'EPI_ISL_452151' 'EPI_ISL_452152'
 'EPI_ISL_453982' 'EPI_ISL_457974' 'NMDC60013159' 'NMDC60013162'
 'NMDC60013163' 'NMDC60013164' 'NMDC60013165' 'NMDC60013166'
 'NMDC60013167' 'NMDC60013168' 'NMDC60013169' 'NMDC60013170'
 'NMDC60013171' 'NMDC60013172' 'NMDC60013173' 'NMDC60013174'
 'NMDC60013175' 'NMDC60013176' 'NMDC60013177' 'NMDC60013184'
 'NMDC60013186' 'NMDC60013188' 'NMDC60013189' 'NMDC60013190'
 'NMDC60013191' 'NMDC60013192' 'NMDC60013193' 'NMDC60013194'
 'NMDC60013195' 'NMDC60013196' 'NMDC60013197' 'NMDC60013198'
 'NMDC60013199' 'NMDC60013239' 'NMDC60013240' 'NMDC60013242' 'LR794385.1'
 'LR794405.1' 'LR794433.1' 'LR794462.1' 'LR794514.1' 'LR794519.1'
 'LR794530.1' 'LR794549.1' 'LR794564.1' 'LR794619.1' 'LR794620.1'
 'LR794650.1' 'EPI_ISL_421932' 'EPI_ISL_420624' 'EPI_ISL_420620'
 'EPI_ISL_420609' 'EPI_ISL_420611' 'EPI_ISL_420619' 'EPI_ISL_420598'
 'EPI_ISL_420605' 'EPI_ISL_451091' 'EPI_ISL_434889' 'EPI_ISL_451087'
 'EPI_ISL_451084' 'EPI_ISL_455978' 'EPI_ISL_439246' 'EPI_ISL_453745'
 'EPI_ISL_453760' 'EPI_ISL_439159' 'EPI_ISL_432762' 'EPI_ISL_434503'
 'EPI_ISL_434493' 'EPI_ISL_442479' 'EPI_ISL_427379' 'EPI_ISL_427385'
 'EPI_ISL_432478' 'EPI_ISL_424658' 'EPI_ISL_424652' 'EPI_ISL_424655'
 'EPI_ISL_424644' 'EPI_ISL_424642' 'EPI_ISL_424650' 'EPI_ISL_424633'
 'EPI_ISL_424640' 'EPI_ISL_428944' 'EPI_ISL_421204' 'EPI_ISL_423583'
 'EPI_ISL_433499' 'EPI_ISL_429571' 'EPI_ISL_435421' 'EPI_ISL_428359'
 'EPI_ISL_443301' 'EPI_ISL_421512' 'EPI_ISL_428352' 'EPI_ISL_432864'
 'EPI_ISL_419182' 'EPI_ISL_419185' 'EPI_ISL_419186' 'EPI_ISL_420063'
 'EPI_ISL_425899' 'EPI_ISL_419170' 'EPI_ISL_443310' 'EPI_ISL_417526'
 'EPI_ISL_420044' 'EPI_ISL_418423' 'EPI_ISL_418427' 'EPI_ISL_421750'
 'EPI_ISL_418422' 'EPI_ISL_418424' 'EPI_ISL_447136' 'EPI_ISL_417437'
 'EPI_ISL_420038' 'EPI_ISL_420046' 'EPI_ISL_420055' 'EPI_ISL_421738'
 'EPI_ISL_421752' 'EPI_ISL_421753' 'EPI_ISL_418417' 'EPI_ISL_418240'
 'EPI_ISL_420040' 'EPI_ISL_419587' 'EPI_ISL_416499' 'EPI_ISL_417339'
 'EPI_ISL_419578' 'EPI_ISL_417337' 'EPI_ISL_416754' 'EPI_ISL_416756'
 'EPI_ISL_415651' 'EPI_ISL_415652' 'EPI_ISL_416751' 'EPI_ISL_417334'
 'EPI_ISL_416747' 'EPI_ISL_416749' 'EPI_ISL_416752' 'MT451041.1'
 'MT451177.1' 'MT451179.1' 'MT451194.1' 'EPI_ISL_445282' 'EPI_ISL_445311'
 'EPI_ISL_452223' 'EPI_ISL_429115' 'EPI_ISL_415704' 'EPI_ISL_429212'
 'EPI_ISL_415706' 'EPI_ISL_429208' 'EPI_ISL_429196' 'EPI_ISL_415705'
 'EPI_ISL_429211' 'EPI_ISL_415707' 'EPI_ISL_421453']",1,0.001327564262805766
3037(SNP:C->T);14408(SNP:C->T);15324(SNP:C->T);20178(SNP:C->T);23403(SNP:A->G),2020-04-01,['EPI_ISL_419180'],B.1,France,"['EPI_ISL_416493' 'EPI_ISL_417946' 'EPI_ISL_417947' 'EPI_ISL_418024'
 'EPI_ISL_418230' 'EPI_ISL_418231' 'EPI_ISL_418234' 'EPI_ISL_418628'
 'EPI_ISL_418632' 'EPI_ISL_418634' 'EPI_ISL_418635' 'EPI_ISL_418648'
 'EPI_ISL_418657' 'EPI_ISL_418659' 'EPI_ISL_418795' 'EPI_ISL_419593'
 'EPI_ISL_420035' 'EPI_ISL_420039' 'EPI_ISL_420083' 'EPI_ISL_420365'
 'EPI_ISL_420368' 'EPI_ISL_420373' 'EPI_ISL_420380' 'EPI_ISL_420382'
 'EPI_ISL_420384' 'EPI_ISL_420389' 'EPI_ISL_420390' 'EPI_ISL_420395'
 'EPI_ISL_420396' 'EPI_ISL_420397' 'EPI_ISL_420427' 'EPI_ISL_420432'
 'EPI_ISL_420434' 'EPI_ISL_420440' 'EPI_ISL_420452' 'EPI_ISL_421508'
 'EPI_ISL_421745' 'EPI_ISL_421746' 'MT320538.2' 'EPI_ISL_427394'
 'EPI_ISL_428890' 'EPI_ISL_429724' 'EPI_ISL_429766' 'EPI_ISL_429782'
 'EPI_ISL_434621' 'EPI_ISL_434622' 'EPI_ISL_434623' 'EPI_ISL_434624'
 'EPI_ISL_434625' 'EPI_ISL_434631' 'EPI_ISL_434632' 'EPI_ISL_434633'
 'EPI_ISL_434634' 'EPI_ISL_435032' 'EPI_ISL_433646' 'EPI_ISL_437348'
 'EPI_ISL_437350' 'FR994049.1' 'EPI_ISL_443291' 'EPI_ISL_444969'
 'EPI_ISL_445069' 'MT358643.1' 'MT470101.1' 'MT470102.1' 'MT470106.1'
 'MT470110.1' 'MT470113.1' 'MT470114.1' 'MT470118.1' 'MT470124.1'
 'MT470133.1' 'MT470136.1' 'MT470138.1' 'MT470140.1' 'MT470143.1'
 'MT470148.1' 'MT470155.1' 'MT470162.1' 'MT470164.1' 'MT470165.1'
 'MT470167.1' 'MT470173.1' 'MT470176.1' 'EPI_ISL_445216' 'EPI_ISL_445272'
 'EPI_ISL_450519' 'LR824235.1' 'LR824247.1' 'LR824250.1' 'LR824268.1'
 'LR824263.1' 'LR824266.1' 'LR824283.1' 'LR824301.1' 'LR824326.1'
 'LR824321.1' 'LR824318.1' 'LR824325.1' 'LR824342.1' 'LR824371.1'
 'LR824381.1' 'LR824400.1' 'LR824409.1' 'LR824413.1' 'LR824414.1'
 'EPI_ISL_451935' 'EPI_ISL_452148' 'EPI_ISL_452151' 'EPI_ISL_452152'
 'EPI_ISL_453982' 'EPI_ISL_457974' 'NMDC60013159' 'NMDC60013162'
 'NMDC60013163' 'NMDC60013164' 'NMDC60013165' 'NMDC60013166'
 'NMDC60013167' 'NMDC60013168' 'NMDC60013169' 'NMDC60013170'
 'NMDC60013171' 'NMDC60013172' 'NMDC60013173' 'NMDC60013174'
 'NMDC60013175' 'NMDC60013176' 'NMDC60013177' 'NMDC60013184'
 'NMDC60013186' 'NMDC60013188' 'NMDC60013189' 'NMDC60013190'
 'NMDC60013191' 'NMDC60013192' 'NMDC60013193' 'NMDC60013194'
 'NMDC60013195' 'NMDC60013196' 'NMDC60013197' 'NMDC60013198'
 'NMDC60013199' 'NMDC60013239' 'NMDC60013240' 'NMDC60013242' 'LR794385.1'
 'LR794405.1' 'LR794433.1' 'LR794462.1' 'LR794514.1' 'LR794519.1'
 'LR794530.1' 'LR794549.1' 'LR794564.1' 'LR794619.1' 'LR794620.1'
 'LR794650.1' 'EPI_ISL_421932' 'EPI_ISL_420624' 'EPI_ISL_420620'
 'EPI_ISL_420609' 'EPI_ISL_420611' 'EPI_ISL_420619' 'EPI_ISL_420598'
 'EPI_ISL_420605' 'EPI_ISL_451091' 'EPI_ISL_434889' 'EPI_ISL_451087'
 'EPI_ISL_451084' 'EPI_ISL_455978' 'EPI_ISL_439246' 'EPI_ISL_453745'
 'EPI_ISL_453760' 'EPI_ISL_439159' 'EPI_ISL_432762' 'EPI_ISL_434503'
 'EPI_ISL_434493' 'EPI_ISL_442479' 'EPI_ISL_427379' 'EPI_ISL_427385'
 'EPI_ISL_432478' 'EPI_ISL_424658' 'EPI_ISL_424652' 'EPI_ISL_424655'
 'EPI_ISL_424644' 'EPI_ISL_424642' 'EPI_ISL_424650' 'EPI_ISL_424633'
 'EPI_ISL_424640' 'EPI_ISL_428944' 'EPI_ISL_421204' 'EPI_ISL_423583'
 'EPI_ISL_433499' 'EPI_ISL_429571' 'EPI_ISL_435421' 'EPI_ISL_428359'
 'EPI_ISL_443301' 'EPI_ISL_421512' 'EPI_ISL_428352' 'EPI_ISL_432864'
 'EPI_ISL_419182' 'EPI_ISL_419185' 'EPI_ISL_419186' 'EPI_ISL_420063'
 'EPI_ISL_425899' 'EPI_ISL_419170' 'EPI_ISL_443310' 'EPI_ISL_417526'
 'EPI_ISL_420044' 'EPI_ISL_418423' 'EPI_ISL_418427' 'EPI_ISL_421750'
 'EPI_ISL_418422' 'EPI_ISL_418424' 'EPI_ISL_447136' 'EPI_ISL_417437'
 'EPI_ISL_420038' 'EPI_ISL_420046' 'EPI_ISL_420055' 'EPI_ISL_421738'
 'EPI_ISL_421752' 'EPI_ISL_421753' 'EPI_ISL_418417' 'EPI_ISL_418240'
 'EPI_ISL_420040' 'EPI_ISL_419587' 'EPI_ISL_416499' 'EPI_ISL_417339'
 'EPI_ISL_419578' 'EPI_ISL_417337' 'EPI_ISL_416754' 'EPI_ISL_416756'
 'EPI_ISL_415651' 'EPI_ISL_415652' 'EPI_ISL_416751' 'EPI_ISL_417334'
 'EPI_ISL_416747' 'EPI_ISL_416749' 'EPI_ISL_416752' 'MT451041.1'
 'MT451177.1' 'MT451179.1' 'MT451194.1' 'EPI_ISL_445282' 'EPI_ISL_445311'
 'EPI_ISL_452223' 'EPI_ISL_429115' 'EPI_ISL_415704' 'EPI_ISL_429212'
 'EPI_ISL_415706' 'EPI_ISL_429208' 'EPI_ISL_429196' 'EPI_ISL_415705'
 'EPI_ISL_429211' 'EPI_ISL_415707' 'EPI_ISL_421453']",1,0.001327564262805766
3037(SNP:C->T);14408(SNP:C->T);15324(SNP:C->T);21622(SNP:C->T);23403(SNP:A->G),2020-04-04,['EPI_ISL_420070'],B.1,Senegal,"['EPI_ISL_416493' 'EPI_ISL_417946' 'EPI_ISL_417947' 'EPI_ISL_418024'
 'EPI_ISL_418230' 'EPI_ISL_418231' 'EPI_ISL_418234' 'EPI_ISL_418628'
 'EPI_ISL_418632' 'EPI_ISL_418634' 'EPI_ISL_418635' 'EPI_ISL_418648'
 'EPI_ISL_418657' 'EPI_ISL_418659' 'EPI_ISL_418795' 'EPI_ISL_419593'
 'EPI_ISL_420035' 'EPI_ISL_420039' 'EPI_ISL_420083' 'EPI_ISL_420365'
 'EPI_ISL_420368' 'EPI_ISL_420373' 'EPI_ISL_420380' 'EPI_ISL_420382'
 'EPI_ISL_420384' 'EPI_ISL_420389' 'EPI_ISL_420390' 'EPI_ISL_420395'
 'EPI_ISL_420396' 'EPI_ISL_420397' 'EPI_ISL_420427' 'EPI_ISL_420432'
 'EPI_ISL_420434' 'EPI_ISL_420440' 'EPI_ISL_420452' 'EPI_ISL_421508'
 'EPI_ISL_421745' 'EPI_ISL_421746' 'MT320538.2' 'EPI_ISL_427394'
 'EPI_ISL_428890' 'EPI_ISL_429724' 'EPI_ISL_429766' 'EPI_ISL_429782'
 'EPI_ISL_434621' 'EPI_ISL_434622' 'EPI_ISL_434623' 'EPI_ISL_434624'
 'EPI_ISL_434625' 'EPI_ISL_434631' 'EPI_ISL_434632' 'EPI_ISL_434633'
 'EPI_ISL_434634' 'EPI_ISL_435032' 'EPI_ISL_433646' 'EPI_ISL_437348'
 'EPI_ISL_437350' 'FR994049.1' 'EPI_ISL_443291' 'EPI_ISL_444969'
 'EPI_ISL_445069' 'MT358643.1' 'MT470101.1' 'MT470102.1' 'MT470106.1'
 'MT470110.1' 'MT470113.1' 'MT470114.1' 'MT470118.1' 'MT470124.1'
 'MT470133.1' 'MT470136.1' 'MT470138.1' 'MT470140.1' 'MT470143.1'
 'MT470148.1' 'MT470155.1' 'MT470162.1' 'MT470164.1' 'MT470165.1'
 'MT470167.1' 'MT470173.1' 'MT470176.1' 'EPI_ISL_445216' 'EPI_ISL_445272'
 'EPI_ISL_450519' 'LR824235.1' 'LR824247.1' 'LR824250.1' 'LR824268.1'
 'LR824263.1' 'LR824266.1' 'LR824283.1' 'LR824301.1' 'LR824326.1'
 'LR824321.1' 'LR824318.1' 'LR824325.1' 'LR824342.1' 'LR824371.1'
 'LR824381.1' 'LR824400.1' 'LR824409.1' 'LR824413.1' 'LR824414.1'
 'EPI_ISL_451935' 'EPI_ISL_452148' 'EPI_ISL_452151' 'EPI_ISL_452152'
 'EPI_ISL_453982' 'EPI_ISL_457974' 'NMDC60013159' 'NMDC60013162'
 'NMDC60013163' 'NMDC60013164' 'NMDC60013165' 'NMDC60013166'
 'NMDC60013167' 'NMDC60013168' 'NMDC60013169' 'NMDC60013170'
 'NMDC60013171' 'NMDC60013172' 'NMDC60013173' 'NMDC60013174'
 'NMDC60013175' 'NMDC60013176' 'NMDC60013177' 'NMDC60013184'
 'NMDC60013186' 'NMDC60013188' 'NMDC60013189' 'NMDC60013190'
 'NMDC60013191' 'NMDC60013192' 'NMDC60013193' 'NMDC60013194'
 'NMDC60013195' 'NMDC60013196' 'NMDC60013197' 'NMDC60013198'
 'NMDC60013199' 'NMDC60013239' 'NMDC60013240' 'NMDC60013242' 'LR794385.1'
 'LR794405.1' 'LR794433.1' 'LR794462.1' 'LR794514.1' 'LR794519.1'
 'LR794530.1' 'LR794549.1' 'LR794564.1' 'LR794619.1' 'LR794620.1'
 'LR794650.1' 'EPI_ISL_421932' 'EPI_ISL_420624' 'EPI_ISL_420620'
 'EPI_ISL_420609' 'EPI_ISL_420611' 'EPI_ISL_420619' 'EPI_ISL_420598'
 'EPI_ISL_420605' 'EPI_ISL_451091' 'EPI_ISL_434889' 'EPI_ISL_451087'
 'EPI_ISL_451084' 'EPI_ISL_455978' 'EPI_ISL_439246' 'EPI_ISL_453745'
 'EPI_ISL_453760' 'EPI_ISL_439159' 'EPI_ISL_432762' 'EPI_ISL_434503'
 'EPI_ISL_434493' 'EPI_ISL_442479' 'EPI_ISL_427379' 'EPI_ISL_427385'
 'EPI_ISL_432478' 'EPI_ISL_424658' 'EPI_ISL_424652' 'EPI_ISL_424655'
 'EPI_ISL_424644' 'EPI_ISL_424642' 'EPI_ISL_424650' 'EPI_ISL_424633'
 'EPI_ISL_424640' 'EPI_ISL_428944' 'EPI_ISL_421204' 'EPI_ISL_423583'
 'EPI_ISL_433499' 'EPI_ISL_429571' 'EPI_ISL_435421' 'EPI_ISL_428359'
 'EPI_ISL_443301' 'EPI_ISL_421512' 'EPI_ISL_428352' 'EPI_ISL_432864'
 'EPI_ISL_419182' 'EPI_ISL_419185' 'EPI_ISL_419186' 'EPI_ISL_420063'
 'EPI_ISL_425899' 'EPI_ISL_419170' 'EPI_ISL_443310' 'EPI_ISL_417526'
 'EPI_ISL_420044' 'EPI_ISL_418423' 'EPI_ISL_418427' 'EPI_ISL_421750'
 'EPI_ISL_418422' 'EPI_ISL_418424' 'EPI_ISL_447136' 'EPI_ISL_417437'
 'EPI_ISL_420038' 'EPI_ISL_420046' 'EPI_ISL_420055' 'EPI_ISL_421738'
 'EPI_ISL_421752' 'EPI_ISL_421753' 'EPI_ISL_418417' 'EPI_ISL_418240'
 'EPI_ISL_420040' 'EPI_ISL_419587' 'EPI_ISL_416499' 'EPI_ISL_417339'
 'EPI_ISL_419578' 'EPI_ISL_417337' 'EPI_ISL_416754' 'EPI_ISL_416756'
 'EPI_ISL_415651' 'EPI_ISL_415652' 'EPI_ISL_416751' 'EPI_ISL_417334'
 'EPI_ISL_416747' 'EPI_ISL_416749' 'EPI_ISL_416752' 'MT451041.1'
 'MT451177.1' 'MT451179.1' 'MT451194.1' 'EPI_ISL_445282' 'EPI_ISL_445311'
 'EPI_ISL_452223' 'EPI_ISL_429115' 'EPI_ISL_415704' 'EPI_ISL_429212'
 'EPI_ISL_415706' 'EPI_ISL_429208' 'EPI_ISL_429196' 'EPI_ISL_415705'
 'EPI_ISL_429211' 'EPI_ISL_415707' 'EPI_ISL_421453']",1,0.001327564262805766
3037(SNP:C->T);14408(SNP:C->T);15324(SNP:C->T);23403(SNP:A->G);28253(SNP:C->T),2020-04-04,['EPI_ISL_420064'],B.1,France,"['EPI_ISL_416493' 'EPI_ISL_417946' 'EPI_ISL_417947' 'EPI_ISL_418024'
 'EPI_ISL_418230' 'EPI_ISL_418231' 'EPI_ISL_418234' 'EPI_ISL_418628'
 'EPI_ISL_418632' 'EPI_ISL_418634' 'EPI_ISL_418635' 'EPI_ISL_418648'
 'EPI_ISL_418657' 'EPI_ISL_418659' 'EPI_ISL_418795' 'EPI_ISL_419593'
 'EPI_ISL_420035' 'EPI_ISL_420039' 'EPI_ISL_420083' 'EPI_ISL_420365'
 'EPI_ISL_420368' 'EPI_ISL_420373' 'EPI_ISL_420380' 'EPI_ISL_420382'
 'EPI_ISL_420384' 'EPI_ISL_420389' 'EPI_ISL_420390' 'EPI_ISL_420395'
 'EPI_ISL_420396' 'EPI_ISL_420397' 'EPI_ISL_420427' 'EPI_ISL_420432'
 'EPI_ISL_420434' 'EPI_ISL_420440' 'EPI_ISL_420452' 'EPI_ISL_421508'
 'EPI_ISL_421745' 'EPI_ISL_421746' 'MT320538.2' 'EPI_ISL_427394'
 'EPI_ISL_428890' 'EPI_ISL_429724' 'EPI_ISL_429766' 'EPI_ISL_429782'
 'EPI_ISL_434621' 'EPI_ISL_434622' 'EPI_ISL_434623' 'EPI_ISL_434624'
 'EPI_ISL_434625' 'EPI_ISL_434631' 'EPI_ISL_434632' 'EPI_ISL_434633'
 'EPI_ISL_434634' 'EPI_ISL_435032' 'EPI_ISL_433646' 'EPI_ISL_437348'
 'EPI_ISL_437350' 'FR994049.1' 'EPI_ISL_443291' 'EPI_ISL_444969'
 'EPI_ISL_445069' 'MT358643.1' 'MT470101.1' 'MT470102.1' 'MT470106.1'
 'MT470110.1' 'MT470113.1' 'MT470114.1' 'MT470118.1' 'MT470124.1'
 'MT470133.1' 'MT470136.1' 'MT470138.1' 'MT470140.1' 'MT470143.1'
 'MT470148.1' 'MT470155.1' 'MT470162.1' 'MT470164.1' 'MT470165.1'
 'MT470167.1' 'MT470173.1' 'MT470176.1' 'EPI_ISL_445216' 'EPI_ISL_445272'
 'EPI_ISL_450519' 'LR824235.1' 'LR824247.1' 'LR824250.1' 'LR824268.1'
 'LR824263.1' 'LR824266.1' 'LR824283.1' 'LR824301.1' 'LR824326.1'
 'LR824321.1' 'LR824318.1' 'LR824325.1' 'LR824342.1' 'LR824371.1'
 'LR824381.1' 'LR824400.1' 'LR824409.1' 'LR824413.1' 'LR824414.1'
 'EPI_ISL_451935' 'EPI_ISL_452148' 'EPI_ISL_452151' 'EPI_ISL_452152'
 'EPI_ISL_453982' 'EPI_ISL_457974' 'NMDC60013159' 'NMDC60013162'
 'NMDC60013163' 'NMDC60013164' 'NMDC60013165' 'NMDC60013166'
 'NMDC60013167' 'NMDC60013168' 'NMDC60013169' 'NMDC60013170'
 'NMDC60013171' 'NMDC60013172' 'NMDC60013173' 'NMDC60013174'
 'NMDC60013175' 'NMDC60013176' 'NMDC60013177' 'NMDC60013184'
 'NMDC60013186' 'NMDC60013188' 'NMDC60013189' 'NMDC60013190'
 'NMDC60013191' 'NMDC60013192' 'NMDC60013193' 'NMDC60013194'
 'NMDC60013195' 'NMDC60013196' 'NMDC60013197' 'NMDC60013198'
 'NMDC60013199' 'NMDC60013239' 'NMDC60013240' 'NMDC60013242' 'LR794385.1'
 'LR794405.1' 'LR794433.1' 'LR794462.1' 'LR794514.1' 'LR794519.1'
 'LR794530.1' 'LR794549.1' 'LR794564.1' 'LR794619.1' 'LR794620.1'
 'LR794650.1' 'EPI_ISL_421932' 'EPI_ISL_420624' 'EPI_ISL_420620'
 'EPI_ISL_420609' 'EPI_ISL_420611' 'EPI_ISL_420619' 'EPI_ISL_420598'
 'EPI_ISL_420605' 'EPI_ISL_451091' 'EPI_ISL_434889' 'EPI_ISL_451087'
 'EPI_ISL_451084' 'EPI_ISL_455978' 'EPI_ISL_439246' 'EPI_ISL_453745'
 'EPI_ISL_453760' 'EPI_ISL_439159' 'EPI_ISL_432762' 'EPI_ISL_434503'
 'EPI_ISL_434493' 'EPI_ISL_442479' 'EPI_ISL_427379' 'EPI_ISL_427385'
 'EPI_ISL_432478' 'EPI_ISL_424658' 'EPI_ISL_424652' 'EPI_ISL_424655'
 'EPI_ISL_424644' 'EPI_ISL_424642' 'EPI_ISL_424650' 'EPI_ISL_424633'
 'EPI_ISL_424640' 'EPI_ISL_428944' 'EPI_ISL_421204' 'EPI_ISL_423583'
 'EPI_ISL_433499' 'EPI_ISL_429571' 'EPI_ISL_435421' 'EPI_ISL_428359'
 'EPI_ISL_443301' 'EPI_ISL_421512' 'EPI_ISL_428352' 'EPI_ISL_432864'
 'EPI_ISL_419182' 'EPI_ISL_419185' 'EPI_ISL_419186' 'EPI_ISL_420063'
 'EPI_ISL_425899' 'EPI_ISL_419170' 'EPI_ISL_443310' 'EPI_ISL_417526'
 'EPI_ISL_420044' 'EPI_ISL_418423' 'EPI_ISL_418427' 'EPI_ISL_421750'
 'EPI_ISL_418422' 'EPI_ISL_418424' 'EPI_ISL_447136' 'EPI_ISL_417437'
 'EPI_ISL_420038' 'EPI_ISL_420046' 'EPI_ISL_420055' 'EPI_ISL_421738'
 'EPI_ISL_421752' 'EPI_ISL_421753' 'EPI_ISL_418417' 'EPI_ISL_418240'
 'EPI_ISL_420040' 'EPI_ISL_419587' 'EPI_ISL_416499' 'EPI_ISL_417339'
 'EPI_ISL_419578' 'EPI_ISL_417337' 'EPI_ISL_416754' 'EPI_ISL_416756'
 'EPI_ISL_415651' 'EPI_ISL_415652' 'EPI_ISL_416751' 'EPI_ISL_417334'
 'EPI_ISL_416747' 'EPI_ISL_416749' 'EPI_ISL_416752' 'MT451041.1'
 'MT451177.1' 'MT451179.1' 'MT451194.1' 'EPI_ISL_445282' 'EPI_ISL_445311'
 'EPI_ISL_452223' 'EPI_ISL_429115' 'EPI_ISL_415704' 'EPI_ISL_429212'
 'EPI_ISL_415706' 'EPI_ISL_429208' 'EPI_ISL_429196' 'EPI_ISL_415705'
 'EPI_ISL_429211' 'EPI_ISL_415707' 'EPI_ISL_421453']",1,0.001327564262805766
1912(SNP:C->T);3037(SNP:C->T);14408(SNP:C->T);15324(SNP:C->T);23403(SNP:A->G),2020-04-06,['EPI_ISL_420386'],B.1,Belgium,"['EPI_ISL_416493' 'EPI_ISL_417946' 'EPI_ISL_417947' 'EPI_ISL_418024'
 'EPI_ISL_418230' 'EPI_ISL_418231' 'EPI_ISL_418234' 'EPI_ISL_418628'
 'EPI_ISL_418632' 'EPI_ISL_418634' 'EPI_ISL_418635' 'EPI_ISL_418648'
 'EPI_ISL_418657' 'EPI_ISL_418659' 'EPI_ISL_418795' 'EPI_ISL_419593'
 'EPI_ISL_420035' 'EPI_ISL_420039' 'EPI_ISL_420083' 'EPI_ISL_420365'
 'EPI_ISL_420368' 'EPI_ISL_420373' 'EPI_ISL_420380' 'EPI_ISL_420382'
 'EPI_ISL_420384' 'EPI_ISL_420389' 'EPI_ISL_420390' 'EPI_ISL_420395'
 'EPI_ISL_420396' 'EPI_ISL_420397' 'EPI_ISL_420427' 'EPI_ISL_420432'
 'EPI_ISL_420434' 'EPI_ISL_420440' 'EPI_ISL_420452' 'EPI_ISL_421508'
 'EPI_ISL_421745' 'EPI_ISL_421746' 'MT320538.2' 'EPI_ISL_427394'
 'EPI_ISL_428890' 'EPI_ISL_429724' 'EPI_ISL_429766' 'EPI_ISL_429782'
 'EPI_ISL_434621' 'EPI_ISL_434622' 'EPI_ISL_434623' 'EPI_ISL_434624'
 'EPI_ISL_434625' 'EPI_ISL_434631' 'EPI_ISL_434632' 'EPI_ISL_434633'
 'EPI_ISL_434634' 'EPI_ISL_435032' 'EPI_ISL_433646' 'EPI_ISL_437348'
 'EPI_ISL_437350' 'FR994049.1' 'EPI_ISL_443291' 'EPI_ISL_444969'
 'EPI_ISL_445069' 'MT358643.1' 'MT470101.1' 'MT470102.1' 'MT470106.1'
 'MT470110.1' 'MT470113.1' 'MT470114.1' 'MT470118.1' 'MT470124.1'
 'MT470133.1' 'MT470136.1' 'MT470138.1' 'MT470140.1' 'MT470143.1'
 'MT470148.1' 'MT470155.1' 'MT470162.1' 'MT470164.1' 'MT470165.1'
 'MT470167.1' 'MT470173.1' 'MT470176.1' 'EPI_ISL_445216' 'EPI_ISL_445272'
 'EPI_ISL_450519' 'LR824235.1' 'LR824247.1' 'LR824250.1' 'LR824268.1'
 'LR824263.1' 'LR824266.1' 'LR824283.1' 'LR824301.1' 'LR824326.1'
 'LR824321.1' 'LR824318.1' 'LR824325.1' 'LR824342.1' 'LR824371.1'
 'LR824381.1' 'LR824400.1' 'LR824409.1' 'LR824413.1' 'LR824414.1'
 'EPI_ISL_451935' 'EPI_ISL_452148' 'EPI_ISL_452151' 'EPI_ISL_452152'
 'EPI_ISL_453982' 'EPI_ISL_457974' 'NMDC60013159' 'NMDC60013162'
 'NMDC60013163' 'NMDC60013164' 'NMDC60013165' 'NMDC60013166'
 'NMDC60013167' 'NMDC60013168' 'NMDC60013169' 'NMDC60013170'
 'NMDC60013171' 'NMDC60013172' 'NMDC60013173' 'NMDC60013174'
 'NMDC60013175' 'NMDC60013176' 'NMDC60013177' 'NMDC60013184'
 'NMDC60013186' 'NMDC60013188' 'NMDC60013189' 'NMDC60013190'
 'NMDC60013191' 'NMDC60013192' 'NMDC60013193' 'NMDC60013194'
 'NMDC60013195' 'NMDC60013196' 'NMDC60013197' 'NMDC60013198'
 'NMDC60013199' 'NMDC60013239' 'NMDC60013240' 'NMDC60013242' 'LR794385.1'
 'LR794405.1' 'LR794433.1' 'LR794462.1' 'LR794514.1' 'LR794519.1'
 'LR794530.1' 'LR794549.1' 'LR794564.1' 'LR794619.1' 'LR794620.1'
 'LR794650.1' 'EPI_ISL_421932' 'EPI_ISL_420624' 'EPI_ISL_420620'
 'EPI_ISL_420609' 'EPI_ISL_420611' 'EPI_ISL_420619' 'EPI_ISL_420598'
 'EPI_ISL_420605' 'EPI_ISL_451091' 'EPI_ISL_434889' 'EPI_ISL_451087'
 'EPI_ISL_451084' 'EPI_ISL_455978' 'EPI_ISL_439246' 'EPI_ISL_453745'
 'EPI_ISL_453760' 'EPI_ISL_439159' 'EPI_ISL_432762' 'EPI_ISL_434503'
 'EPI_ISL_434493' 'EPI_ISL_442479' 'EPI_ISL_427379' 'EPI_ISL_427385'
 'EPI_ISL_432478' 'EPI_ISL_424658' 'EPI_ISL_424652' 'EPI_ISL_424655'
 'EPI_ISL_424644' 'EPI_ISL_424642' 'EPI_ISL_424650' 'EPI_ISL_424633'
 'EPI_ISL_424640' 'EPI_ISL_428944' 'EPI_ISL_421204' 'EPI_ISL_423583'
 'EPI_ISL_433499' 'EPI_ISL_429571' 'EPI_ISL_435421' 'EPI_ISL_428359'
 'EPI_ISL_443301' 'EPI_ISL_421512' 'EPI_ISL_428352' 'EPI_ISL_432864'
 'EPI_ISL_419182' 'EPI_ISL_419185' 'EPI_ISL_419186' 'EPI_ISL_420063'
 'EPI_ISL_425899' 'EPI_ISL_419170' 'EPI_ISL_443310' 'EPI_ISL_417526'
 'EPI_ISL_420044' 'EPI_ISL_418423' 'EPI_ISL_418427' 'EPI_ISL_421750'
 'EPI_ISL_418422' 'EPI_ISL_418424' 'EPI_ISL_447136' 'EPI_ISL_417437'
 'EPI_ISL_420038' 'EPI_ISL_420046' 'EPI_ISL_420055' 'EPI_ISL_421738'
 'EPI_ISL_421752' 'EPI_ISL_421753' 'EPI_ISL_418417' 'EPI_ISL_418240'
 'EPI_ISL_420040' 'EPI_ISL_419587' 'EPI_ISL_416499' 'EPI_ISL_417339'
 'EPI_ISL_419578' 'EPI_ISL_417337' 'EPI_ISL_416754' 'EPI_ISL_416756'
 'EPI_ISL_415651' 'EPI_ISL_415652' 'EPI_ISL_416751' 'EPI_ISL_417334'
 'EPI_ISL_416747' 'EPI_ISL_416749' 'EPI_ISL_416752' 'MT451041.1'
 'MT451177.1' 'MT451179.1' 'MT451194.1' 'EPI_ISL_445282' 'EPI_ISL_445311'
 'EPI_ISL_452223' 'EPI_ISL_429115' 'EPI_ISL_415704' 'EPI_ISL_429212'
 'EPI_ISL_415706' 'EPI_ISL_429208' 'EPI_ISL_429196' 'EPI_ISL_415705'
 'EPI_ISL_429211' 'EPI_ISL_415707' 'EPI_ISL_421453']",1,0.001327564262805766
3037(SNP:C->T);14120(SNP:C->T);14408(SNP:C->T);15324(SNP:C->T);23403(SNP:A->G),2020-04-06,['EPI_ISL_420431'],B.1,Belgium,"['EPI_ISL_416493' 'EPI_ISL_417946' 'EPI_ISL_417947' 'EPI_ISL_418024'
 'EPI_ISL_418230' 'EPI_ISL_418231' 'EPI_ISL_418234' 'EPI_ISL_418628'
 'EPI_ISL_418632' 'EPI_ISL_418634' 'EPI_ISL_418635' 'EPI_ISL_418648'
 'EPI_ISL_418657' 'EPI_ISL_418659' 'EPI_ISL_418795' 'EPI_ISL_419593'
 'EPI_ISL_420035' 'EPI_ISL_420039' 'EPI_ISL_420083' 'EPI_ISL_420365'
 'EPI_ISL_420368' 'EPI_ISL_420373' 'EPI_ISL_420380' 'EPI_ISL_420382'
 'EPI_ISL_420384' 'EPI_ISL_420389' 'EPI_ISL_420390' 'EPI_ISL_420395'
 'EPI_ISL_420396' 'EPI_ISL_420397' 'EPI_ISL_420427' 'EPI_ISL_420432'
 'EPI_ISL_420434' 'EPI_ISL_420440' 'EPI_ISL_420452' 'EPI_ISL_421508'
 'EPI_ISL_421745' 'EPI_ISL_421746' 'MT320538.2' 'EPI_ISL_427394'
 'EPI_ISL_428890' 'EPI_ISL_429724' 'EPI_ISL_429766' 'EPI_ISL_429782'
 'EPI_ISL_434621' 'EPI_ISL_434622' 'EPI_ISL_434623' 'EPI_ISL_434624'
 'EPI_ISL_434625' 'EPI_ISL_434631' 'EPI_ISL_434632' 'EPI_ISL_434633'
 'EPI_ISL_434634' 'EPI_ISL_435032' 'EPI_ISL_433646' 'EPI_ISL_437348'
 'EPI_ISL_437350' 'FR994049.1' 'EPI_ISL_443291' 'EPI_ISL_444969'
 'EPI_ISL_445069' 'MT358643.1' 'MT470101.1' 'MT470102.1' 'MT470106.1'
 'MT470110.1' 'MT470113.1' 'MT470114.1' 'MT470118.1' 'MT470124.1'
 'MT470133.1' 'MT470136.1' 'MT470138.1' 'MT470140.1' 'MT470143.1'
 'MT470148.1' 'MT470155.1' 'MT470162.1' 'MT470164.1' 'MT470165.1'
 'MT470167.1' 'MT470173.1' 'MT470176.1' 'EPI_ISL_445216' 'EPI_ISL_445272'
 'EPI_ISL_450519' 'LR824235.1' 'LR824247.1' 'LR824250.1' 'LR824268.1'
 'LR824263.1' 'LR824266.1' 'LR824283.1' 'LR824301.1' 'LR824326.1'
 'LR824321.1' 'LR824318.1' 'LR824325.1' 'LR824342.1' 'LR824371.1'
 'LR824381.1' 'LR824400.1' 'LR824409.1' 'LR824413.1' 'LR824414.1'
 'EPI_ISL_451935' 'EPI_ISL_452148' 'EPI_ISL_452151' 'EPI_ISL_452152'
 'EPI_ISL_453982' 'EPI_ISL_457974' 'NMDC60013159' 'NMDC60013162'
 'NMDC60013163' 'NMDC60013164' 'NMDC60013165' 'NMDC60013166'
 'NMDC60013167' 'NMDC60013168' 'NMDC60013169' 'NMDC60013170'
 'NMDC60013171' 'NMDC60013172' 'NMDC60013173' 'NMDC60013174'
 'NMDC60013175' 'NMDC60013176' 'NMDC60013177' 'NMDC60013184'
 'NMDC60013186' 'NMDC60013188' 'NMDC60013189' 'NMDC60013190'
 'NMDC60013191' 'NMDC60013192' 'NMDC60013193' 'NMDC60013194'
 'NMDC60013195' 'NMDC60013196' 'NMDC60013197' 'NMDC60013198'
 'NMDC60013199' 'NMDC60013239' 'NMDC60013240' 'NMDC60013242' 'LR794385.1'
 'LR794405.1' 'LR794433.1' 'LR794462.1' 'LR794514.1' 'LR794519.1'
 'LR794530.1' 'LR794549.1' 'LR794564.1' 'LR794619.1' 'LR794620.1'
 'LR794650.1' 'EPI_ISL_421932' 'EPI_ISL_420624' 'EPI_ISL_420620'
 'EPI_ISL_420609' 'EPI_ISL_420611' 'EPI_ISL_420619' 'EPI_ISL_420598'
 'EPI_ISL_420605' 'EPI_ISL_451091' 'EPI_ISL_434889' 'EPI_ISL_451087'
 'EPI_ISL_451084' 'EPI_ISL_455978' 'EPI_ISL_439246' 'EPI_ISL_453745'
 'EPI_ISL_453760' 'EPI_ISL_439159' 'EPI_ISL_432762' 'EPI_ISL_434503'
 'EPI_ISL_434493' 'EPI_ISL_442479' 'EPI_ISL_427379' 'EPI_ISL_427385'
 'EPI_ISL_432478' 'EPI_ISL_424658' 'EPI_ISL_424652' 'EPI_ISL_424655'
 'EPI_ISL_424644' 'EPI_ISL_424642' 'EPI_ISL_424650' 'EPI_ISL_424633'
 'EPI_ISL_424640' 'EPI_ISL_428944' 'EPI_ISL_421204' 'EPI_ISL_423583'
 'EPI_ISL_433499' 'EPI_ISL_429571' 'EPI_ISL_435421' 'EPI_ISL_428359'
 'EPI_ISL_443301' 'EPI_ISL_421512' 'EPI_ISL_428352' 'EPI_ISL_432864'
 'EPI_ISL_419182' 'EPI_ISL_419185' 'EPI_ISL_419186' 'EPI_ISL_420063'
 'EPI_ISL_425899' 'EPI_ISL_419170' 'EPI_ISL_443310' 'EPI_ISL_417526'
 'EPI_ISL_420044' 'EPI_ISL_418423' 'EPI_ISL_418427' 'EPI_ISL_421750'
 'EPI_ISL_418422' 'EPI_ISL_418424' 'EPI_ISL_447136' 'EPI_ISL_417437'
 'EPI_ISL_420038' 'EPI_ISL_420046' 'EPI_ISL_420055' 'EPI_ISL_421738'
 'EPI_ISL_421752' 'EPI_ISL_421753' 'EPI_ISL_418417' 'EPI_ISL_418240'
 'EPI_ISL_420040' 'EPI_ISL_419587' 'EPI_ISL_416499' 'EPI_ISL_417339'
 'EPI_ISL_419578' 'EPI_ISL_417337' 'EPI_ISL_416754' 'EPI_ISL_416756'
 'EPI_ISL_415651' 'EPI_ISL_415652' 'EPI_ISL_416751' 'EPI_ISL_417334'
 'EPI_ISL_416747' 'EPI_ISL_416749' 'EPI_ISL_416752' 'MT451041.1'
 'MT451177.1' 'MT451179.1' 'MT451194.1' 'EPI_ISL_445282' 'EPI_ISL_445311'
 'EPI_ISL_452223' 'EPI_ISL_429115' 'EPI_ISL_415704' 'EPI_ISL_429212'
 'EPI_ISL_415706' 'EPI_ISL_429208' 'EPI_ISL_429196' 'EPI_ISL_415705'
 'EPI_ISL_429211' 'EPI_ISL_415707' 'EPI_ISL_421453']",1,0.001327564262805766
3037(SNP:C->T);14408(SNP:C->T);15324(SNP:C->T);16342(SNP:T->C);23403(SNP:A->G),2020-04-06,['EPI_ISL_420623'],B.1.178,France,"['EPI_ISL_416493' 'EPI_ISL_417946' 'EPI_ISL_417947' 'EPI_ISL_418024'
 'EPI_ISL_418230' 'EPI_ISL_418231' 'EPI_ISL_418234' 'EPI_ISL_418628'
 'EPI_ISL_418632' 'EPI_ISL_418634' 'EPI_ISL_418635' 'EPI_ISL_418648'
 'EPI_ISL_418657' 'EPI_ISL_418659' 'EPI_ISL_418795' 'EPI_ISL_419593'
 'EPI_ISL_420035' 'EPI_ISL_420039' 'EPI_ISL_420083' 'EPI_ISL_420365'
 'EPI_ISL_420368' 'EPI_ISL_420373' 'EPI_ISL_420380' 'EPI_ISL_420382'
 'EPI_ISL_420384' 'EPI_ISL_420389' 'EPI_ISL_420390' 'EPI_ISL_420395'
 'EPI_ISL_420396' 'EPI_ISL_420397' 'EPI_ISL_420427' 'EPI_ISL_420432'
 'EPI_ISL_420434' 'EPI_ISL_420440' 'EPI_ISL_420452' 'EPI_ISL_421508'
 'EPI_ISL_421745' 'EPI_ISL_421746' 'MT320538.2' 'EPI_ISL_427394'
 'EPI_ISL_428890' 'EPI_ISL_429724' 'EPI_ISL_429766' 'EPI_ISL_429782'
 'EPI_ISL_434621' 'EPI_ISL_434622' 'EPI_ISL_434623' 'EPI_ISL_434624'
 'EPI_ISL_434625' 'EPI_ISL_434631' 'EPI_ISL_434632' 'EPI_ISL_434633'
 'EPI_ISL_434634' 'EPI_ISL_435032' 'EPI_ISL_433646' 'EPI_ISL_437348'
 'EPI_ISL_437350' 'FR994049.1' 'EPI_ISL_443291' 'EPI_ISL_444969'
 'EPI_ISL_445069' 'MT358643.1' 'MT470101.1' 'MT470102.1' 'MT470106.1'
 'MT470110.1' 'MT470113.1' 'MT470114.1' 'MT470118.1' 'MT470124.1'
 'MT470133.1' 'MT470136.1' 'MT470138.1' 'MT470140.1' 'MT470143.1'
 'MT470148.1' 'MT470155.1' 'MT470162.1' 'MT470164.1' 'MT470165.1'
 'MT470167.1' 'MT470173.1' 'MT470176.1' 'EPI_ISL_445216' 'EPI_ISL_445272'
 'EPI_ISL_450519' 'LR824235.1' 'LR824247.1' 'LR824250.1' 'LR824268.1'
 'LR824263.1' 'LR824266.1' 'LR824283.1' 'LR824301.1' 'LR824326.1'
 'LR824321.1' 'LR824318.1' 'LR824325.1' 'LR824342.1' 'LR824371.1'
 'LR824381.1' 'LR824400.1' 'LR824409.1' 'LR824413.1' 'LR824414.1'
 'EPI_ISL_451935' 'EPI_ISL_452148' 'EPI_ISL_452151' 'EPI_ISL_452152'
 'EPI_ISL_453982' 'EPI_ISL_457974' 'NMDC60013159' 'NMDC60013162'
 'NMDC60013163' 'NMDC60013164' 'NMDC60013165' 'NMDC60013166'
 'NMDC60013167' 'NMDC60013168' 'NMDC60013169' 'NMDC60013170'
 'NMDC60013171' 'NMDC60013172' 'NMDC60013173' 'NMDC60013174'
 'NMDC60013175' 'NMDC60013176' 'NMDC60013177' 'NMDC60013184'
 'NMDC60013186' 'NMDC60013188' 'NMDC60013189' 'NMDC60013190'
 'NMDC60013191' 'NMDC60013192' 'NMDC60013193' 'NMDC60013194'
 'NMDC60013195' 'NMDC60013196' 'NMDC60013197' 'NMDC60013198'
 'NMDC60013199' 'NMDC60013239' 'NMDC60013240' 'NMDC60013242' 'LR794385.1'
 'LR794405.1' 'LR794433.1' 'LR794462.1' 'LR794514.1' 'LR794519.1'
 'LR794530.1' 'LR794549.1' 'LR794564.1' 'LR794619.1' 'LR794620.1'
 'LR794650.1' 'EPI_ISL_421932' 'EPI_ISL_420624' 'EPI_ISL_420620'
 'EPI_ISL_420609' 'EPI_ISL_420611' 'EPI_ISL_420619' 'EPI_ISL_420598'
 'EPI_ISL_420605' 'EPI_ISL_451091' 'EPI_ISL_434889' 'EPI_ISL_451087'
 'EPI_ISL_451084' 'EPI_ISL_455978' 'EPI_ISL_439246' 'EPI_ISL_453745'
 'EPI_ISL_453760' 'EPI_ISL_439159' 'EPI_ISL_432762' 'EPI_ISL_434503'
 'EPI_ISL_434493' 'EPI_ISL_442479' 'EPI_ISL_427379' 'EPI_ISL_427385'
 'EPI_ISL_432478' 'EPI_ISL_424658' 'EPI_ISL_424652' 'EPI_ISL_424655'
 'EPI_ISL_424644' 'EPI_ISL_424642' 'EPI_ISL_424650' 'EPI_ISL_424633'
 'EPI_ISL_424640' 'EPI_ISL_428944' 'EPI_ISL_421204' 'EPI_ISL_423583'
 'EPI_ISL_433499' 'EPI_ISL_429571' 'EPI_ISL_435421' 'EPI_ISL_428359'
 'EPI_ISL_443301' 'EPI_ISL_421512' 'EPI_ISL_428352' 'EPI_ISL_432864'
 'EPI_ISL_419182' 'EPI_ISL_419185' 'EPI_ISL_419186' 'EPI_ISL_420063'
 'EPI_ISL_425899' 'EPI_ISL_419170' 'EPI_ISL_443310' 'EPI_ISL_417526'
 'EPI_ISL_420044' 'EPI_ISL_418423' 'EPI_ISL_418427' 'EPI_ISL_421750'
 'EPI_ISL_418422' 'EPI_ISL_418424' 'EPI_ISL_447136' 'EPI_ISL_417437'
 'EPI_ISL_420038' 'EPI_ISL_420046' 'EPI_ISL_420055' 'EPI_ISL_421738'
 'EPI_ISL_421752' 'EPI_ISL_421753' 'EPI_ISL_418417' 'EPI_ISL_418240'
 'EPI_ISL_420040' 'EPI_ISL_419587' 'EPI_ISL_416499' 'EPI_ISL_417339'
 'EPI_ISL_419578' 'EPI_ISL_417337' 'EPI_ISL_416754' 'EPI_ISL_416756'
 'EPI_ISL_415651' 'EPI_ISL_415652' 'EPI_ISL_416751' 'EPI_ISL_417334'
 'EPI_ISL_416747' 'EPI_ISL_416749' 'EPI_ISL_416752' 'MT451041.1'
 'MT451177.1' 'MT451179.1' 'MT451194.1' 'EPI_ISL_445282' 'EPI_ISL_445311'
 'EPI_ISL_452223' 'EPI_ISL_429115' 'EPI_ISL_415704' 'EPI_ISL_429212'
 'EPI_ISL_415706' 'EPI_ISL_429208' 'EPI_ISL_429196' 'EPI_ISL_415705'
 'EPI_ISL_429211' 'EPI_ISL_415707' 'EPI_ISL_421453']",1,0.001327564262805766
3037(SNP:C->T);14408(SNP:C->T);15324(SNP:C->T);23401(SNP:G->T);23403(SNP:A->G),2020-04-06,['EPI_ISL_420423'],B.1,Belgium,"['EPI_ISL_416493' 'EPI_ISL_417946' 'EPI_ISL_417947' 'EPI_ISL_418024'
 'EPI_ISL_418230' 'EPI_ISL_418231' 'EPI_ISL_418234' 'EPI_ISL_418628'
 'EPI_ISL_418632' 'EPI_ISL_418634' 'EPI_ISL_418635' 'EPI_ISL_418648'
 'EPI_ISL_418657' 'EPI_ISL_418659' 'EPI_ISL_418795' 'EPI_ISL_419593'
 'EPI_ISL_420035' 'EPI_ISL_420039' 'EPI_ISL_420083' 'EPI_ISL_420365'
 'EPI_ISL_420368' 'EPI_ISL_420373' 'EPI_ISL_420380' 'EPI_ISL_420382'
 'EPI_ISL_420384' 'EPI_ISL_420389' 'EPI_ISL_420390' 'EPI_ISL_420395'
 'EPI_ISL_420396' 'EPI_ISL_420397' 'EPI_ISL_420427' 'EPI_ISL_420432'
 'EPI_ISL_420434' 'EPI_ISL_420440' 'EPI_ISL_420452' 'EPI_ISL_421508'
 'EPI_ISL_421745' 'EPI_ISL_421746' 'MT320538.2' 'EPI_ISL_427394'
 'EPI_ISL_428890' 'EPI_ISL_429724' 'EPI_ISL_429766' 'EPI_ISL_429782'
 'EPI_ISL_434621' 'EPI_ISL_434622' 'EPI_ISL_434623' 'EPI_ISL_434624'
 'EPI_ISL_434625' 'EPI_ISL_434631' 'EPI_ISL_434632' 'EPI_ISL_434633'
 'EPI_ISL_434634' 'EPI_ISL_435032' 'EPI_ISL_433646' 'EPI_ISL_437348'
 'EPI_ISL_437350' 'FR994049.1' 'EPI_ISL_443291' 'EPI_ISL_444969'
 'EPI_ISL_445069' 'MT358643.1' 'MT470101.1' 'MT470102.1' 'MT470106.1'
 'MT470110.1' 'MT470113.1' 'MT470114.1' 'MT470118.1' 'MT470124.1'
 'MT470133.1' 'MT470136.1' 'MT470138.1' 'MT470140.1' 'MT470143.1'
 'MT470148.1' 'MT470155.1' 'MT470162.1' 'MT470164.1' 'MT470165.1'
 'MT470167.1' 'MT470173.1' 'MT470176.1' 'EPI_ISL_445216' 'EPI_ISL_445272'
 'EPI_ISL_450519' 'LR824235.1' 'LR824247.1' 'LR824250.1' 'LR824268.1'
 'LR824263.1' 'LR824266.1' 'LR824283.1' 'LR824301.1' 'LR824326.1'
 'LR824321.1' 'LR824318.1' 'LR824325.1' 'LR824342.1' 'LR824371.1'
 'LR824381.1' 'LR824400.1' 'LR824409.1' 'LR824413.1' 'LR824414.1'
 'EPI_ISL_451935' 'EPI_ISL_452148' 'EPI_ISL_452151' 'EPI_ISL_452152'
 'EPI_ISL_453982' 'EPI_ISL_457974' 'NMDC60013159' 'NMDC60013162'
 'NMDC60013163' 'NMDC60013164' 'NMDC60013165' 'NMDC60013166'
 'NMDC60013167' 'NMDC60013168' 'NMDC60013169' 'NMDC60013170'
 'NMDC60013171' 'NMDC60013172' 'NMDC60013173' 'NMDC60013174'
 'NMDC60013175' 'NMDC60013176' 'NMDC60013177' 'NMDC60013184'
 'NMDC60013186' 'NMDC60013188' 'NMDC60013189' 'NMDC60013190'
 'NMDC60013191' 'NMDC60013192' 'NMDC60013193' 'NMDC60013194'
 'NMDC60013195' 'NMDC60013196' 'NMDC60013197' 'NMDC60013198'
 'NMDC60013199' 'NMDC60013239' 'NMDC60013240' 'NMDC60013242' 'LR794385.1'
 'LR794405.1' 'LR794433.1' 'LR794462.1' 'LR794514.1' 'LR794519.1'
 'LR794530.1' 'LR794549.1' 'LR794564.1' 'LR794619.1' 'LR794620.1'
 'LR794650.1' 'EPI_ISL_421932' 'EPI_ISL_420624' 'EPI_ISL_420620'
 'EPI_ISL_420609' 'EPI_ISL_420611' 'EPI_ISL_420619' 'EPI_ISL_420598'
 'EPI_ISL_420605' 'EPI_ISL_451091' 'EPI_ISL_434889' 'EPI_ISL_451087'
 'EPI_ISL_451084' 'EPI_ISL_455978' 'EPI_ISL_439246' 'EPI_ISL_453745'
 'EPI_ISL_453760' 'EPI_ISL_439159' 'EPI_ISL_432762' 'EPI_ISL_434503'
 'EPI_ISL_434493' 'EPI_ISL_442479' 'EPI_ISL_427379' 'EPI_ISL_427385'
 'EPI_ISL_432478' 'EPI_ISL_424658' 'EPI_ISL_424652' 'EPI_ISL_424655'
 'EPI_ISL_424644' 'EPI_ISL_424642' 'EPI_ISL_424650' 'EPI_ISL_424633'
 'EPI_ISL_424640' 'EPI_ISL_428944' 'EPI_ISL_421204' 'EPI_ISL_423583'
 'EPI_ISL_433499' 'EPI_ISL_429571' 'EPI_ISL_435421' 'EPI_ISL_428359'
 'EPI_ISL_443301' 'EPI_ISL_421512' 'EPI_ISL_428352' 'EPI_ISL_432864'
 'EPI_ISL_419182' 'EPI_ISL_419185' 'EPI_ISL_419186' 'EPI_ISL_420063'
 'EPI_ISL_425899' 'EPI_ISL_419170' 'EPI_ISL_443310' 'EPI_ISL_417526'
 'EPI_ISL_420044' 'EPI_ISL_418423' 'EPI_ISL_418427' 'EPI_ISL_421750'
 'EPI_ISL_418422' 'EPI_ISL_418424' 'EPI_ISL_447136' 'EPI_ISL_417437'
 'EPI_ISL_420038' 'EPI_ISL_420046' 'EPI_ISL_420055' 'EPI_ISL_421738'
 'EPI_ISL_421752' 'EPI_ISL_421753' 'EPI_ISL_418417' 'EPI_ISL_418240'
 'EPI_ISL_420040' 'EPI_ISL_419587' 'EPI_ISL_416499' 'EPI_ISL_417339'
 'EPI_ISL_419578' 'EPI_ISL_417337' 'EPI_ISL_416754' 'EPI_ISL_416756'
 'EPI_ISL_415651' 'EPI_ISL_415652' 'EPI_ISL_416751' 'EPI_ISL_417334'
 'EPI_ISL_416747' 'EPI_ISL_416749' 'EPI_ISL_416752' 'MT451041.1'
 'MT451177.1' 'MT451179.1' 'MT451194.1' 'EPI_ISL_445282' 'EPI_ISL_445311'
 'EPI_ISL_452223' 'EPI_ISL_429115' 'EPI_ISL_415704' 'EPI_ISL_429212'
 'EPI_ISL_415706' 'EPI_ISL_429208' 'EPI_ISL_429196' 'EPI_ISL_415705'
 'EPI_ISL_429211' 'EPI_ISL_415707' 'EPI_ISL_421453']",1,0.001327564262805766
3037(SNP:C->T);14408(SNP:C->T);15324(SNP:C->T);23403(SNP:A->G);27434(SNP:C->T),2020-04-06,['EPI_ISL_420424'],B.1.83,Belgium,"['EPI_ISL_416493' 'EPI_ISL_417946' 'EPI_ISL_417947' 'EPI_ISL_418024'
 'EPI_ISL_418230' 'EPI_ISL_418231' 'EPI_ISL_418234' 'EPI_ISL_418628'
 'EPI_ISL_418632' 'EPI_ISL_418634' 'EPI_ISL_418635' 'EPI_ISL_418648'
 'EPI_ISL_418657' 'EPI_ISL_418659' 'EPI_ISL_418795' 'EPI_ISL_419593'
 'EPI_ISL_420035' 'EPI_ISL_420039' 'EPI_ISL_420083' 'EPI_ISL_420365'
 'EPI_ISL_420368' 'EPI_ISL_420373' 'EPI_ISL_420380' 'EPI_ISL_420382'
 'EPI_ISL_420384' 'EPI_ISL_420389' 'EPI_ISL_420390' 'EPI_ISL_420395'
 'EPI_ISL_420396' 'EPI_ISL_420397' 'EPI_ISL_420427' 'EPI_ISL_420432'
 'EPI_ISL_420434' 'EPI_ISL_420440' 'EPI_ISL_420452' 'EPI_ISL_421508'
 'EPI_ISL_421745' 'EPI_ISL_421746' 'MT320538.2' 'EPI_ISL_427394'
 'EPI_ISL_428890' 'EPI_ISL_429724' 'EPI_ISL_429766' 'EPI_ISL_429782'
 'EPI_ISL_434621' 'EPI_ISL_434622' 'EPI_ISL_434623' 'EPI_ISL_434624'
 'EPI_ISL_434625' 'EPI_ISL_434631' 'EPI_ISL_434632' 'EPI_ISL_434633'
 'EPI_ISL_434634' 'EPI_ISL_435032' 'EPI_ISL_433646' 'EPI_ISL_437348'
 'EPI_ISL_437350' 'FR994049.1' 'EPI_ISL_443291' 'EPI_ISL_444969'
 'EPI_ISL_445069' 'MT358643.1' 'MT470101.1' 'MT470102.1' 'MT470106.1'
 'MT470110.1' 'MT470113.1' 'MT470114.1' 'MT470118.1' 'MT470124.1'
 'MT470133.1' 'MT470136.1' 'MT470138.1' 'MT470140.1' 'MT470143.1'
 'MT470148.1' 'MT470155.1' 'MT470162.1' 'MT470164.1' 'MT470165.1'
 'MT470167.1' 'MT470173.1' 'MT470176.1' 'EPI_ISL_445216' 'EPI_ISL_445272'
 'EPI_ISL_450519' 'LR824235.1' 'LR824247.1' 'LR824250.1' 'LR824268.1'
 'LR824263.1' 'LR824266.1' 'LR824283.1' 'LR824301.1' 'LR824326.1'
 'LR824321.1' 'LR824318.1' 'LR824325.1' 'LR824342.1' 'LR824371.1'
 'LR824381.1' 'LR824400.1' 'LR824409.1' 'LR824413.1' 'LR824414.1'
 'EPI_ISL_451935' 'EPI_ISL_452148' 'EPI_ISL_452151' 'EPI_ISL_452152'
 'EPI_ISL_453982' 'EPI_ISL_457974' 'NMDC60013159' 'NMDC60013162'
 'NMDC60013163' 'NMDC60013164' 'NMDC60013165' 'NMDC60013166'
 'NMDC60013167' 'NMDC60013168' 'NMDC60013169' 'NMDC60013170'
 'NMDC60013171' 'NMDC60013172' 'NMDC60013173' 'NMDC60013174'
 'NMDC60013175' 'NMDC60013176' 'NMDC60013177' 'NMDC60013184'
 'NMDC60013186' 'NMDC60013188' 'NMDC60013189' 'NMDC60013190'
 'NMDC60013191' 'NMDC60013192' 'NMDC60013193' 'NMDC60013194'
 'NMDC60013195' 'NMDC60013196' 'NMDC60013197' 'NMDC60013198'
 'NMDC60013199' 'NMDC60013239' 'NMDC60013240' 'NMDC60013242' 'LR794385.1'
 'LR794405.1' 'LR794433.1' 'LR794462.1' 'LR794514.1' 'LR794519.1'
 'LR794530.1' 'LR794549.1' 'LR794564.1' 'LR794619.1' 'LR794620.1'
 'LR794650.1' 'EPI_ISL_421932' 'EPI_ISL_420624' 'EPI_ISL_420620'
 'EPI_ISL_420609' 'EPI_ISL_420611' 'EPI_ISL_420619' 'EPI_ISL_420598'
 'EPI_ISL_420605' 'EPI_ISL_451091' 'EPI_ISL_434889' 'EPI_ISL_451087'
 'EPI_ISL_451084' 'EPI_ISL_455978' 'EPI_ISL_439246' 'EPI_ISL_453745'
 'EPI_ISL_453760' 'EPI_ISL_439159' 'EPI_ISL_432762' 'EPI_ISL_434503'
 'EPI_ISL_434493' 'EPI_ISL_442479' 'EPI_ISL_427379' 'EPI_ISL_427385'
 'EPI_ISL_432478' 'EPI_ISL_424658' 'EPI_ISL_424652' 'EPI_ISL_424655'
 'EPI_ISL_424644' 'EPI_ISL_424642' 'EPI_ISL_424650' 'EPI_ISL_424633'
 'EPI_ISL_424640' 'EPI_ISL_428944' 'EPI_ISL_421204' 'EPI_ISL_423583'
 'EPI_ISL_433499' 'EPI_ISL_429571' 'EPI_ISL_435421' 'EPI_ISL_428359'
 'EPI_ISL_443301' 'EPI_ISL_421512' 'EPI_ISL_428352' 'EPI_ISL_432864'
 'EPI_ISL_419182' 'EPI_ISL_419185' 'EPI_ISL_419186' 'EPI_ISL_420063'
 'EPI_ISL_425899' 'EPI_ISL_419170' 'EPI_ISL_443310' 'EPI_ISL_417526'
 'EPI_ISL_420044' 'EPI_ISL_418423' 'EPI_ISL_418427' 'EPI_ISL_421750'
 'EPI_ISL_418422' 'EPI_ISL_418424' 'EPI_ISL_447136' 'EPI_ISL_417437'
 'EPI_ISL_420038' 'EPI_ISL_420046' 'EPI_ISL_420055' 'EPI_ISL_421738'
 'EPI_ISL_421752' 'EPI_ISL_421753' 'EPI_ISL_418417' 'EPI_ISL_418240'
 'EPI_ISL_420040' 'EPI_ISL_419587' 'EPI_ISL_416499' 'EPI_ISL_417339'
 'EPI_ISL_419578' 'EPI_ISL_417337' 'EPI_ISL_416754' 'EPI_ISL_416756'
 'EPI_ISL_415651' 'EPI_ISL_415652' 'EPI_ISL_416751' 'EPI_ISL_417334'
 'EPI_ISL_416747' 'EPI_ISL_416749' 'EPI_ISL_416752' 'MT451041.1'
 'MT451177.1' 'MT451179.1' 'MT451194.1' 'EPI_ISL_445282' 'EPI_ISL_445311'
 'EPI_ISL_452223' 'EPI_ISL_429115' 'EPI_ISL_415704' 'EPI_ISL_429212'
 'EPI_ISL_415706' 'EPI_ISL_429208' 'EPI_ISL_429196' 'EPI_ISL_415705'
 'EPI_ISL_429211' 'EPI_ISL_415707' 'EPI_ISL_421453']",1,0.001327564262805766
3037(SNP:C->T);14408(SNP:C->T);15324(SNP:C->T);23403(SNP:A->G);28310(SNP:C->T),2020-04-06,['EPI_ISL_420250'],B.1,United Kingdom,"['EPI_ISL_416493' 'EPI_ISL_417946' 'EPI_ISL_417947' 'EPI_ISL_418024'
 'EPI_ISL_418230' 'EPI_ISL_418231' 'EPI_ISL_418234' 'EPI_ISL_418628'
 'EPI_ISL_418632' 'EPI_ISL_418634' 'EPI_ISL_418635' 'EPI_ISL_418648'
 'EPI_ISL_418657' 'EPI_ISL_418659' 'EPI_ISL_418795' 'EPI_ISL_419593'
 'EPI_ISL_420035' 'EPI_ISL_420039' 'EPI_ISL_420083' 'EPI_ISL_420365'
 'EPI_ISL_420368' 'EPI_ISL_420373' 'EPI_ISL_420380' 'EPI_ISL_420382'
 'EPI_ISL_420384' 'EPI_ISL_420389' 'EPI_ISL_420390' 'EPI_ISL_420395'
 'EPI_ISL_420396' 'EPI_ISL_420397' 'EPI_ISL_420427' 'EPI_ISL_420432'
 'EPI_ISL_420434' 'EPI_ISL_420440' 'EPI_ISL_420452' 'EPI_ISL_421508'
 'EPI_ISL_421745' 'EPI_ISL_421746' 'MT320538.2' 'EPI_ISL_427394'
 'EPI_ISL_428890' 'EPI_ISL_429724' 'EPI_ISL_429766' 'EPI_ISL_429782'
 'EPI_ISL_434621' 'EPI_ISL_434622' 'EPI_ISL_434623' 'EPI_ISL_434624'
 'EPI_ISL_434625' 'EPI_ISL_434631' 'EPI_ISL_434632' 'EPI_ISL_434633'
 'EPI_ISL_434634' 'EPI_ISL_435032' 'EPI_ISL_433646' 'EPI_ISL_437348'
 'EPI_ISL_437350' 'FR994049.1' 'EPI_ISL_443291' 'EPI_ISL_444969'
 'EPI_ISL_445069' 'MT358643.1' 'MT470101.1' 'MT470102.1' 'MT470106.1'
 'MT470110.1' 'MT470113.1' 'MT470114.1' 'MT470118.1' 'MT470124.1'
 'MT470133.1' 'MT470136.1' 'MT470138.1' 'MT470140.1' 'MT470143.1'
 'MT470148.1' 'MT470155.1' 'MT470162.1' 'MT470164.1' 'MT470165.1'
 'MT470167.1' 'MT470173.1' 'MT470176.1' 'EPI_ISL_445216' 'EPI_ISL_445272'
 'EPI_ISL_450519' 'LR824235.1' 'LR824247.1' 'LR824250.1' 'LR824268.1'
 'LR824263.1' 'LR824266.1' 'LR824283.1' 'LR824301.1' 'LR824326.1'
 'LR824321.1' 'LR824318.1' 'LR824325.1' 'LR824342.1' 'LR824371.1'
 'LR824381.1' 'LR824400.1' 'LR824409.1' 'LR824413.1' 'LR824414.1'
 'EPI_ISL_451935' 'EPI_ISL_452148' 'EPI_ISL_452151' 'EPI_ISL_452152'
 'EPI_ISL_453982' 'EPI_ISL_457974' 'NMDC60013159' 'NMDC60013162'
 'NMDC60013163' 'NMDC60013164' 'NMDC60013165' 'NMDC60013166'
 'NMDC60013167' 'NMDC60013168' 'NMDC60013169' 'NMDC60013170'
 'NMDC60013171' 'NMDC60013172' 'NMDC60013173' 'NMDC60013174'
 'NMDC60013175' 'NMDC60013176' 'NMDC60013177' 'NMDC60013184'
 'NMDC60013186' 'NMDC60013188' 'NMDC60013189' 'NMDC60013190'
 'NMDC60013191' 'NMDC60013192' 'NMDC60013193' 'NMDC60013194'
 'NMDC60013195' 'NMDC60013196' 'NMDC60013197' 'NMDC60013198'
 'NMDC60013199' 'NMDC60013239' 'NMDC60013240' 'NMDC60013242' 'LR794385.1'
 'LR794405.1' 'LR794433.1' 'LR794462.1' 'LR794514.1' 'LR794519.1'
 'LR794530.1' 'LR794549.1' 'LR794564.1' 'LR794619.1' 'LR794620.1'
 'LR794650.1' 'EPI_ISL_421932' 'EPI_ISL_420624' 'EPI_ISL_420620'
 'EPI_ISL_420609' 'EPI_ISL_420611' 'EPI_ISL_420619' 'EPI_ISL_420598'
 'EPI_ISL_420605' 'EPI_ISL_451091' 'EPI_ISL_434889' 'EPI_ISL_451087'
 'EPI_ISL_451084' 'EPI_ISL_455978' 'EPI_ISL_439246' 'EPI_ISL_453745'
 'EPI_ISL_453760' 'EPI_ISL_439159' 'EPI_ISL_432762' 'EPI_ISL_434503'
 'EPI_ISL_434493' 'EPI_ISL_442479' 'EPI_ISL_427379' 'EPI_ISL_427385'
 'EPI_ISL_432478' 'EPI_ISL_424658' 'EPI_ISL_424652' 'EPI_ISL_424655'
 'EPI_ISL_424644' 'EPI_ISL_424642' 'EPI_ISL_424650' 'EPI_ISL_424633'
 'EPI_ISL_424640' 'EPI_ISL_428944' 'EPI_ISL_421204' 'EPI_ISL_423583'
 'EPI_ISL_433499' 'EPI_ISL_429571' 'EPI_ISL_435421' 'EPI_ISL_428359'
 'EPI_ISL_443301' 'EPI_ISL_421512' 'EPI_ISL_428352' 'EPI_ISL_432864'
 'EPI_ISL_419182' 'EPI_ISL_419185' 'EPI_ISL_419186' 'EPI_ISL_420063'
 'EPI_ISL_425899' 'EPI_ISL_419170' 'EPI_ISL_443310' 'EPI_ISL_417526'
 'EPI_ISL_420044' 'EPI_ISL_418423' 'EPI_ISL_418427' 'EPI_ISL_421750'
 'EPI_ISL_418422' 'EPI_ISL_418424' 'EPI_ISL_447136' 'EPI_ISL_417437'
 'EPI_ISL_420038' 'EPI_ISL_420046' 'EPI_ISL_420055' 'EPI_ISL_421738'
 'EPI_ISL_421752' 'EPI_ISL_421753' 'EPI_ISL_418417' 'EPI_ISL_418240'
 'EPI_ISL_420040' 'EPI_ISL_419587' 'EPI_ISL_416499' 'EPI_ISL_417339'
 'EPI_ISL_419578' 'EPI_ISL_417337' 'EPI_ISL_416754' 'EPI_ISL_416756'
 'EPI_ISL_415651' 'EPI_ISL_415652' 'EPI_ISL_416751' 'EPI_ISL_417334'
 'EPI_ISL_416747' 'EPI_ISL_416749' 'EPI_ISL_416752' 'MT451041.1'
 'MT451177.1' 'MT451179.1' 'MT451194.1' 'EPI_ISL_445282' 'EPI_ISL_445311'
 'EPI_ISL_452223' 'EPI_ISL_429115' 'EPI_ISL_415704' 'EPI_ISL_429212'
 'EPI_ISL_415706' 'EPI_ISL_429208' 'EPI_ISL_429196' 'EPI_ISL_415705'
 'EPI_ISL_429211' 'EPI_ISL_415707' 'EPI_ISL_421453']",1,0.001327564262805766
3037(SNP:C->T);6539(SNP:C->T);14408(SNP:C->T);15324(SNP:C->T);23403(SNP:A->G),2020-04-08,['EPI_ISL_421504'],B.1,France,"['EPI_ISL_416493' 'EPI_ISL_417946' 'EPI_ISL_417947' 'EPI_ISL_418024'
 'EPI_ISL_418230' 'EPI_ISL_418231' 'EPI_ISL_418234' 'EPI_ISL_418628'
 'EPI_ISL_418632' 'EPI_ISL_418634' 'EPI_ISL_418635' 'EPI_ISL_418648'
 'EPI_ISL_418657' 'EPI_ISL_418659' 'EPI_ISL_418795' 'EPI_ISL_419593'
 'EPI_ISL_420035' 'EPI_ISL_420039' 'EPI_ISL_420083' 'EPI_ISL_420365'
 'EPI_ISL_420368' 'EPI_ISL_420373' 'EPI_ISL_420380' 'EPI_ISL_420382'
 'EPI_ISL_420384' 'EPI_ISL_420389' 'EPI_ISL_420390' 'EPI_ISL_420395'
 'EPI_ISL_420396' 'EPI_ISL_420397' 'EPI_ISL_420427' 'EPI_ISL_420432'
 'EPI_ISL_420434' 'EPI_ISL_420440' 'EPI_ISL_420452' 'EPI_ISL_421508'
 'EPI_ISL_421745' 'EPI_ISL_421746' 'MT320538.2' 'EPI_ISL_427394'
 'EPI_ISL_428890' 'EPI_ISL_429724' 'EPI_ISL_429766' 'EPI_ISL_429782'
 'EPI_ISL_434621' 'EPI_ISL_434622' 'EPI_ISL_434623' 'EPI_ISL_434624'
 'EPI_ISL_434625' 'EPI_ISL_434631' 'EPI_ISL_434632' 'EPI_ISL_434633'
 'EPI_ISL_434634' 'EPI_ISL_435032' 'EPI_ISL_433646' 'EPI_ISL_437348'
 'EPI_ISL_437350' 'FR994049.1' 'EPI_ISL_443291' 'EPI_ISL_444969'
 'EPI_ISL_445069' 'MT358643.1' 'MT470101.1' 'MT470102.1' 'MT470106.1'
 'MT470110.1' 'MT470113.1' 'MT470114.1' 'MT470118.1' 'MT470124.1'
 'MT470133.1' 'MT470136.1' 'MT470138.1' 'MT470140.1' 'MT470143.1'
 'MT470148.1' 'MT470155.1' 'MT470162.1' 'MT470164.1' 'MT470165.1'
 'MT470167.1' 'MT470173.1' 'MT470176.1' 'EPI_ISL_445216' 'EPI_ISL_445272'
 'EPI_ISL_450519' 'LR824235.1' 'LR824247.1' 'LR824250.1' 'LR824268.1'
 'LR824263.1' 'LR824266.1' 'LR824283.1' 'LR824301.1' 'LR824326.1'
 'LR824321.1' 'LR824318.1' 'LR824325.1' 'LR824342.1' 'LR824371.1'
 'LR824381.1' 'LR824400.1' 'LR824409.1' 'LR824413.1' 'LR824414.1'
 'EPI_ISL_451935' 'EPI_ISL_452148' 'EPI_ISL_452151' 'EPI_ISL_452152'
 'EPI_ISL_453982' 'EPI_ISL_457974' 'NMDC60013159' 'NMDC60013162'
 'NMDC60013163' 'NMDC60013164' 'NMDC60013165' 'NMDC60013166'
 'NMDC60013167' 'NMDC60013168' 'NMDC60013169' 'NMDC60013170'
 'NMDC60013171' 'NMDC60013172' 'NMDC60013173' 'NMDC60013174'
 'NMDC60013175' 'NMDC60013176' 'NMDC60013177' 'NMDC60013184'
 'NMDC60013186' 'NMDC60013188' 'NMDC60013189' 'NMDC60013190'
 'NMDC60013191' 'NMDC60013192' 'NMDC60013193' 'NMDC60013194'
 'NMDC60013195' 'NMDC60013196' 'NMDC60013197' 'NMDC60013198'
 'NMDC60013199' 'NMDC60013239' 'NMDC60013240' 'NMDC60013242' 'LR794385.1'
 'LR794405.1' 'LR794433.1' 'LR794462.1' 'LR794514.1' 'LR794519.1'
 'LR794530.1' 'LR794549.1' 'LR794564.1' 'LR794619.1' 'LR794620.1'
 'LR794650.1' 'EPI_ISL_421932' 'EPI_ISL_420624' 'EPI_ISL_420620'
 'EPI_ISL_420609' 'EPI_ISL_420611' 'EPI_ISL_420619' 'EPI_ISL_420598'
 'EPI_ISL_420605' 'EPI_ISL_451091' 'EPI_ISL_434889' 'EPI_ISL_451087'
 'EPI_ISL_451084' 'EPI_ISL_455978' 'EPI_ISL_439246' 'EPI_ISL_453745'
 'EPI_ISL_453760' 'EPI_ISL_439159' 'EPI_ISL_432762' 'EPI_ISL_434503'
 'EPI_ISL_434493' 'EPI_ISL_442479' 'EPI_ISL_427379' 'EPI_ISL_427385'
 'EPI_ISL_432478' 'EPI_ISL_424658' 'EPI_ISL_424652' 'EPI_ISL_424655'
 'EPI_ISL_424644' 'EPI_ISL_424642' 'EPI_ISL_424650' 'EPI_ISL_424633'
 'EPI_ISL_424640' 'EPI_ISL_428944' 'EPI_ISL_421204' 'EPI_ISL_423583'
 'EPI_ISL_433499' 'EPI_ISL_429571' 'EPI_ISL_435421' 'EPI_ISL_428359'
 'EPI_ISL_443301' 'EPI_ISL_421512' 'EPI_ISL_428352' 'EPI_ISL_432864'
 'EPI_ISL_419182' 'EPI_ISL_419185' 'EPI_ISL_419186' 'EPI_ISL_420063'
 'EPI_ISL_425899' 'EPI_ISL_419170' 'EPI_ISL_443310' 'EPI_ISL_417526'
 'EPI_ISL_420044' 'EPI_ISL_418423' 'EPI_ISL_418427' 'EPI_ISL_421750'
 'EPI_ISL_418422' 'EPI_ISL_418424' 'EPI_ISL_447136' 'EPI_ISL_417437'
 'EPI_ISL_420038' 'EPI_ISL_420046' 'EPI_ISL_420055' 'EPI_ISL_421738'
 'EPI_ISL_421752' 'EPI_ISL_421753' 'EPI_ISL_418417' 'EPI_ISL_418240'
 'EPI_ISL_420040' 'EPI_ISL_419587' 'EPI_ISL_416499' 'EPI_ISL_417339'
 'EPI_ISL_419578' 'EPI_ISL_417337' 'EPI_ISL_416754' 'EPI_ISL_416756'
 'EPI_ISL_415651' 'EPI_ISL_415652' 'EPI_ISL_416751' 'EPI_ISL_417334'
 'EPI_ISL_416747' 'EPI_ISL_416749' 'EPI_ISL_416752' 'MT451041.1'
 'MT451177.1' 'MT451179.1' 'MT451194.1' 'EPI_ISL_445282' 'EPI_ISL_445311'
 'EPI_ISL_452223' 'EPI_ISL_429115' 'EPI_ISL_415704' 'EPI_ISL_429212'
 'EPI_ISL_415706' 'EPI_ISL_429208' 'EPI_ISL_429196' 'EPI_ISL_415705'
 'EPI_ISL_429211' 'EPI_ISL_415707' 'EPI_ISL_421453']",1,0.001327564262805766
3037(SNP:C->T);14408(SNP:C->T);15324(SNP:C->T);18744(SNP:C->T);23403(SNP:A->G),2020-04-18,['EPI_ISL_427351'],B.1.211,Belgium,"['EPI_ISL_416493' 'EPI_ISL_417946' 'EPI_ISL_417947' 'EPI_ISL_418024'
 'EPI_ISL_418230' 'EPI_ISL_418231' 'EPI_ISL_418234' 'EPI_ISL_418628'
 'EPI_ISL_418632' 'EPI_ISL_418634' 'EPI_ISL_418635' 'EPI_ISL_418648'
 'EPI_ISL_418657' 'EPI_ISL_418659' 'EPI_ISL_418795' 'EPI_ISL_419593'
 'EPI_ISL_420035' 'EPI_ISL_420039' 'EPI_ISL_420083' 'EPI_ISL_420365'
 'EPI_ISL_420368' 'EPI_ISL_420373' 'EPI_ISL_420380' 'EPI_ISL_420382'
 'EPI_ISL_420384' 'EPI_ISL_420389' 'EPI_ISL_420390' 'EPI_ISL_420395'
 'EPI_ISL_420396' 'EPI_ISL_420397' 'EPI_ISL_420427' 'EPI_ISL_420432'
 'EPI_ISL_420434' 'EPI_ISL_420440' 'EPI_ISL_420452' 'EPI_ISL_421508'
 'EPI_ISL_421745' 'EPI_ISL_421746' 'MT320538.2' 'EPI_ISL_427394'
 'EPI_ISL_428890' 'EPI_ISL_429724' 'EPI_ISL_429766' 'EPI_ISL_429782'
 'EPI_ISL_434621' 'EPI_ISL_434622' 'EPI_ISL_434623' 'EPI_ISL_434624'
 'EPI_ISL_434625' 'EPI_ISL_434631' 'EPI_ISL_434632' 'EPI_ISL_434633'
 'EPI_ISL_434634' 'EPI_ISL_435032' 'EPI_ISL_433646' 'EPI_ISL_437348'
 'EPI_ISL_437350' 'FR994049.1' 'EPI_ISL_443291' 'EPI_ISL_444969'
 'EPI_ISL_445069' 'MT358643.1' 'MT470101.1' 'MT470102.1' 'MT470106.1'
 'MT470110.1' 'MT470113.1' 'MT470114.1' 'MT470118.1' 'MT470124.1'
 'MT470133.1' 'MT470136.1' 'MT470138.1' 'MT470140.1' 'MT470143.1'
 'MT470148.1' 'MT470155.1' 'MT470162.1' 'MT470164.1' 'MT470165.1'
 'MT470167.1' 'MT470173.1' 'MT470176.1' 'EPI_ISL_445216' 'EPI_ISL_445272'
 'EPI_ISL_450519' 'LR824235.1' 'LR824247.1' 'LR824250.1' 'LR824268.1'
 'LR824263.1' 'LR824266.1' 'LR824283.1' 'LR824301.1' 'LR824326.1'
 'LR824321.1' 'LR824318.1' 'LR824325.1' 'LR824342.1' 'LR824371.1'
 'LR824381.1' 'LR824400.1' 'LR824409.1' 'LR824413.1' 'LR824414.1'
 'EPI_ISL_451935' 'EPI_ISL_452148' 'EPI_ISL_452151' 'EPI_ISL_452152'
 'EPI_ISL_453982' 'EPI_ISL_457974' 'NMDC60013159' 'NMDC60013162'
 'NMDC60013163' 'NMDC60013164' 'NMDC60013165' 'NMDC60013166'
 'NMDC60013167' 'NMDC60013168' 'NMDC60013169' 'NMDC60013170'
 'NMDC60013171' 'NMDC60013172' 'NMDC60013173' 'NMDC60013174'
 'NMDC60013175' 'NMDC60013176' 'NMDC60013177' 'NMDC60013184'
 'NMDC60013186' 'NMDC60013188' 'NMDC60013189' 'NMDC60013190'
 'NMDC60013191' 'NMDC60013192' 'NMDC60013193' 'NMDC60013194'
 'NMDC60013195' 'NMDC60013196' 'NMDC60013197' 'NMDC60013198'
 'NMDC60013199' 'NMDC60013239' 'NMDC60013240' 'NMDC60013242' 'LR794385.1'
 'LR794405.1' 'LR794433.1' 'LR794462.1' 'LR794514.1' 'LR794519.1'
 'LR794530.1' 'LR794549.1' 'LR794564.1' 'LR794619.1' 'LR794620.1'
 'LR794650.1' 'EPI_ISL_421932' 'EPI_ISL_420624' 'EPI_ISL_420620'
 'EPI_ISL_420609' 'EPI_ISL_420611' 'EPI_ISL_420619' 'EPI_ISL_420598'
 'EPI_ISL_420605' 'EPI_ISL_451091' 'EPI_ISL_434889' 'EPI_ISL_451087'
 'EPI_ISL_451084' 'EPI_ISL_455978' 'EPI_ISL_439246' 'EPI_ISL_453745'
 'EPI_ISL_453760' 'EPI_ISL_439159' 'EPI_ISL_432762' 'EPI_ISL_434503'
 'EPI_ISL_434493' 'EPI_ISL_442479' 'EPI_ISL_427379' 'EPI_ISL_427385'
 'EPI_ISL_432478' 'EPI_ISL_424658' 'EPI_ISL_424652' 'EPI_ISL_424655'
 'EPI_ISL_424644' 'EPI_ISL_424642' 'EPI_ISL_424650' 'EPI_ISL_424633'
 'EPI_ISL_424640' 'EPI_ISL_428944' 'EPI_ISL_421204' 'EPI_ISL_423583'
 'EPI_ISL_433499' 'EPI_ISL_429571' 'EPI_ISL_435421' 'EPI_ISL_428359'
 'EPI_ISL_443301' 'EPI_ISL_421512' 'EPI_ISL_428352' 'EPI_ISL_432864'
 'EPI_ISL_419182' 'EPI_ISL_419185' 'EPI_ISL_419186' 'EPI_ISL_420063'
 'EPI_ISL_425899' 'EPI_ISL_419170' 'EPI_ISL_443310' 'EPI_ISL_417526'
 'EPI_ISL_420044' 'EPI_ISL_418423' 'EPI_ISL_418427' 'EPI_ISL_421750'
 'EPI_ISL_418422' 'EPI_ISL_418424' 'EPI_ISL_447136' 'EPI_ISL_417437'
 'EPI_ISL_420038' 'EPI_ISL_420046' 'EPI_ISL_420055' 'EPI_ISL_421738'
 'EPI_ISL_421752' 'EPI_ISL_421753' 'EPI_ISL_418417' 'EPI_ISL_418240'
 'EPI_ISL_420040' 'EPI_ISL_419587' 'EPI_ISL_416499' 'EPI_ISL_417339'
 'EPI_ISL_419578' 'EPI_ISL_417337' 'EPI_ISL_416754' 'EPI_ISL_416756'
 'EPI_ISL_415651' 'EPI_ISL_415652' 'EPI_ISL_416751' 'EPI_ISL_417334'
 'EPI_ISL_416747' 'EPI_ISL_416749' 'EPI_ISL_416752' 'MT451041.1'
 'MT451177.1' 'MT451179.1' 'MT451194.1' 'EPI_ISL_445282' 'EPI_ISL_445311'
 'EPI_ISL_452223' 'EPI_ISL_429115' 'EPI_ISL_415704' 'EPI_ISL_429212'
 'EPI_ISL_415706' 'EPI_ISL_429208' 'EPI_ISL_429196' 'EPI_ISL_415705'
 'EPI_ISL_429211' 'EPI_ISL_415707' 'EPI_ISL_421453']",1,0.001327564262805766
3037(SNP:C->T);14408(SNP:C->T);15324(SNP:C->T);22206(SNP:A->G);23403(SNP:A->G),2020-04-20,['EPI_ISL_428361'],B.1,France,"['EPI_ISL_416493' 'EPI_ISL_417946' 'EPI_ISL_417947' 'EPI_ISL_418024'
 'EPI_ISL_418230' 'EPI_ISL_418231' 'EPI_ISL_418234' 'EPI_ISL_418628'
 'EPI_ISL_418632' 'EPI_ISL_418634' 'EPI_ISL_418635' 'EPI_ISL_418648'
 'EPI_ISL_418657' 'EPI_ISL_418659' 'EPI_ISL_418795' 'EPI_ISL_419593'
 'EPI_ISL_420035' 'EPI_ISL_420039' 'EPI_ISL_420083' 'EPI_ISL_420365'
 'EPI_ISL_420368' 'EPI_ISL_420373' 'EPI_ISL_420380' 'EPI_ISL_420382'
 'EPI_ISL_420384' 'EPI_ISL_420389' 'EPI_ISL_420390' 'EPI_ISL_420395'
 'EPI_ISL_420396' 'EPI_ISL_420397' 'EPI_ISL_420427' 'EPI_ISL_420432'
 'EPI_ISL_420434' 'EPI_ISL_420440' 'EPI_ISL_420452' 'EPI_ISL_421508'
 'EPI_ISL_421745' 'EPI_ISL_421746' 'MT320538.2' 'EPI_ISL_427394'
 'EPI_ISL_428890' 'EPI_ISL_429724' 'EPI_ISL_429766' 'EPI_ISL_429782'
 'EPI_ISL_434621' 'EPI_ISL_434622' 'EPI_ISL_434623' 'EPI_ISL_434624'
 'EPI_ISL_434625' 'EPI_ISL_434631' 'EPI_ISL_434632' 'EPI_ISL_434633'
 'EPI_ISL_434634' 'EPI_ISL_435032' 'EPI_ISL_433646' 'EPI_ISL_437348'
 'EPI_ISL_437350' 'FR994049.1' 'EPI_ISL_443291' 'EPI_ISL_444969'
 'EPI_ISL_445069' 'MT358643.1' 'MT470101.1' 'MT470102.1' 'MT470106.1'
 'MT470110.1' 'MT470113.1' 'MT470114.1' 'MT470118.1' 'MT470124.1'
 'MT470133.1' 'MT470136.1' 'MT470138.1' 'MT470140.1' 'MT470143.1'
 'MT470148.1' 'MT470155.1' 'MT470162.1' 'MT470164.1' 'MT470165.1'
 'MT470167.1' 'MT470173.1' 'MT470176.1' 'EPI_ISL_445216' 'EPI_ISL_445272'
 'EPI_ISL_450519' 'LR824235.1' 'LR824247.1' 'LR824250.1' 'LR824268.1'
 'LR824263.1' 'LR824266.1' 'LR824283.1' 'LR824301.1' 'LR824326.1'
 'LR824321.1' 'LR824318.1' 'LR824325.1' 'LR824342.1' 'LR824371.1'
 'LR824381.1' 'LR824400.1' 'LR824409.1' 'LR824413.1' 'LR824414.1'
 'EPI_ISL_451935' 'EPI_ISL_452148' 'EPI_ISL_452151' 'EPI_ISL_452152'
 'EPI_ISL_453982' 'EPI_ISL_457974' 'NMDC60013159' 'NMDC60013162'
 'NMDC60013163' 'NMDC60013164' 'NMDC60013165' 'NMDC60013166'
 'NMDC60013167' 'NMDC60013168' 'NMDC60013169' 'NMDC60013170'
 'NMDC60013171' 'NMDC60013172' 'NMDC60013173' 'NMDC60013174'
 'NMDC60013175' 'NMDC60013176' 'NMDC60013177' 'NMDC60013184'
 'NMDC60013186' 'NMDC60013188' 'NMDC60013189' 'NMDC60013190'
 'NMDC60013191' 'NMDC60013192' 'NMDC60013193' 'NMDC60013194'
 'NMDC60013195' 'NMDC60013196' 'NMDC60013197' 'NMDC60013198'
 'NMDC60013199' 'NMDC60013239' 'NMDC60013240' 'NMDC60013242' 'LR794385.1'
 'LR794405.1' 'LR794433.1' 'LR794462.1' 'LR794514.1' 'LR794519.1'
 'LR794530.1' 'LR794549.1' 'LR794564.1' 'LR794619.1' 'LR794620.1'
 'LR794650.1' 'EPI_ISL_421932' 'EPI_ISL_420624' 'EPI_ISL_420620'
 'EPI_ISL_420609' 'EPI_ISL_420611' 'EPI_ISL_420619' 'EPI_ISL_420598'
 'EPI_ISL_420605' 'EPI_ISL_451091' 'EPI_ISL_434889' 'EPI_ISL_451087'
 'EPI_ISL_451084' 'EPI_ISL_455978' 'EPI_ISL_439246' 'EPI_ISL_453745'
 'EPI_ISL_453760' 'EPI_ISL_439159' 'EPI_ISL_432762' 'EPI_ISL_434503'
 'EPI_ISL_434493' 'EPI_ISL_442479' 'EPI_ISL_427379' 'EPI_ISL_427385'
 'EPI_ISL_432478' 'EPI_ISL_424658' 'EPI_ISL_424652' 'EPI_ISL_424655'
 'EPI_ISL_424644' 'EPI_ISL_424642' 'EPI_ISL_424650' 'EPI_ISL_424633'
 'EPI_ISL_424640' 'EPI_ISL_428944' 'EPI_ISL_421204' 'EPI_ISL_423583'
 'EPI_ISL_433499' 'EPI_ISL_429571' 'EPI_ISL_435421' 'EPI_ISL_428359'
 'EPI_ISL_443301' 'EPI_ISL_421512' 'EPI_ISL_428352' 'EPI_ISL_432864'
 'EPI_ISL_419182' 'EPI_ISL_419185' 'EPI_ISL_419186' 'EPI_ISL_420063'
 'EPI_ISL_425899' 'EPI_ISL_419170' 'EPI_ISL_443310' 'EPI_ISL_417526'
 'EPI_ISL_420044' 'EPI_ISL_418423' 'EPI_ISL_418427' 'EPI_ISL_421750'
 'EPI_ISL_418422' 'EPI_ISL_418424' 'EPI_ISL_447136' 'EPI_ISL_417437'
 'EPI_ISL_420038' 'EPI_ISL_420046' 'EPI_ISL_420055' 'EPI_ISL_421738'
 'EPI_ISL_421752' 'EPI_ISL_421753' 'EPI_ISL_418417' 'EPI_ISL_418240'
 'EPI_ISL_420040' 'EPI_ISL_419587' 'EPI_ISL_416499' 'EPI_ISL_417339'
 'EPI_ISL_419578' 'EPI_ISL_417337' 'EPI_ISL_416754' 'EPI_ISL_416756'
 'EPI_ISL_415651' 'EPI_ISL_415652' 'EPI_ISL_416751' 'EPI_ISL_417334'
 'EPI_ISL_416747' 'EPI_ISL_416749' 'EPI_ISL_416752' 'MT451041.1'
 'MT451177.1' 'MT451179.1' 'MT451194.1' 'EPI_ISL_445282' 'EPI_ISL_445311'
 'EPI_ISL_452223' 'EPI_ISL_429115' 'EPI_ISL_415704' 'EPI_ISL_429212'
 'EPI_ISL_415706' 'EPI_ISL_429208' 'EPI_ISL_429196' 'EPI_ISL_415705'
 'EPI_ISL_429211' 'EPI_ISL_415707' 'EPI_ISL_421453']",1,0.001327564262805766
3037(SNP:C->T);10626(SNP:C->T);14408(SNP:C->T);15324(SNP:C->T);23403(SNP:A->G),2020-04-21,['LR794556.1'],B.1,France,"['EPI_ISL_416493' 'EPI_ISL_417946' 'EPI_ISL_417947' 'EPI_ISL_418024'
 'EPI_ISL_418230' 'EPI_ISL_418231' 'EPI_ISL_418234' 'EPI_ISL_418628'
 'EPI_ISL_418632' 'EPI_ISL_418634' 'EPI_ISL_418635' 'EPI_ISL_418648'
 'EPI_ISL_418657' 'EPI_ISL_418659' 'EPI_ISL_418795' 'EPI_ISL_419593'
 'EPI_ISL_420035' 'EPI_ISL_420039' 'EPI_ISL_420083' 'EPI_ISL_420365'
 'EPI_ISL_420368' 'EPI_ISL_420373' 'EPI_ISL_420380' 'EPI_ISL_420382'
 'EPI_ISL_420384' 'EPI_ISL_420389' 'EPI_ISL_420390' 'EPI_ISL_420395'
 'EPI_ISL_420396' 'EPI_ISL_420397' 'EPI_ISL_420427' 'EPI_ISL_420432'
 'EPI_ISL_420434' 'EPI_ISL_420440' 'EPI_ISL_420452' 'EPI_ISL_421508'
 'EPI_ISL_421745' 'EPI_ISL_421746' 'MT320538.2' 'EPI_ISL_427394'
 'EPI_ISL_428890' 'EPI_ISL_429724' 'EPI_ISL_429766' 'EPI_ISL_429782'
 'EPI_ISL_434621' 'EPI_ISL_434622' 'EPI_ISL_434623' 'EPI_ISL_434624'
 'EPI_ISL_434625' 'EPI_ISL_434631' 'EPI_ISL_434632' 'EPI_ISL_434633'
 'EPI_ISL_434634' 'EPI_ISL_435032' 'EPI_ISL_433646' 'EPI_ISL_437348'
 'EPI_ISL_437350' 'FR994049.1' 'EPI_ISL_443291' 'EPI_ISL_444969'
 'EPI_ISL_445069' 'MT358643.1' 'MT470101.1' 'MT470102.1' 'MT470106.1'
 'MT470110.1' 'MT470113.1' 'MT470114.1' 'MT470118.1' 'MT470124.1'
 'MT470133.1' 'MT470136.1' 'MT470138.1' 'MT470140.1' 'MT470143.1'
 'MT470148.1' 'MT470155.1' 'MT470162.1' 'MT470164.1' 'MT470165.1'
 'MT470167.1' 'MT470173.1' 'MT470176.1' 'EPI_ISL_445216' 'EPI_ISL_445272'
 'EPI_ISL_450519' 'LR824235.1' 'LR824247.1' 'LR824250.1' 'LR824268.1'
 'LR824263.1' 'LR824266.1' 'LR824283.1' 'LR824301.1' 'LR824326.1'
 'LR824321.1' 'LR824318.1' 'LR824325.1' 'LR824342.1' 'LR824371.1'
 'LR824381.1' 'LR824400.1' 'LR824409.1' 'LR824413.1' 'LR824414.1'
 'EPI_ISL_451935' 'EPI_ISL_452148' 'EPI_ISL_452151' 'EPI_ISL_452152'
 'EPI_ISL_453982' 'EPI_ISL_457974' 'NMDC60013159' 'NMDC60013162'
 'NMDC60013163' 'NMDC60013164' 'NMDC60013165' 'NMDC60013166'
 'NMDC60013167' 'NMDC60013168' 'NMDC60013169' 'NMDC60013170'
 'NMDC60013171' 'NMDC60013172' 'NMDC60013173' 'NMDC60013174'
 'NMDC60013175' 'NMDC60013176' 'NMDC60013177' 'NMDC60013184'
 'NMDC60013186' 'NMDC60013188' 'NMDC60013189' 'NMDC60013190'
 'NMDC60013191' 'NMDC60013192' 'NMDC60013193' 'NMDC60013194'
 'NMDC60013195' 'NMDC60013196' 'NMDC60013197' 'NMDC60013198'
 'NMDC60013199' 'NMDC60013239' 'NMDC60013240' 'NMDC60013242' 'LR794385.1'
 'LR794405.1' 'LR794433.1' 'LR794462.1' 'LR794514.1' 'LR794519.1'
 'LR794530.1' 'LR794549.1' 'LR794564.1' 'LR794619.1' 'LR794620.1'
 'LR794650.1' 'EPI_ISL_421932' 'EPI_ISL_420624' 'EPI_ISL_420620'
 'EPI_ISL_420609' 'EPI_ISL_420611' 'EPI_ISL_420619' 'EPI_ISL_420598'
 'EPI_ISL_420605' 'EPI_ISL_451091' 'EPI_ISL_434889' 'EPI_ISL_451087'
 'EPI_ISL_451084' 'EPI_ISL_455978' 'EPI_ISL_439246' 'EPI_ISL_453745'
 'EPI_ISL_453760' 'EPI_ISL_439159' 'EPI_ISL_432762' 'EPI_ISL_434503'
 'EPI_ISL_434493' 'EPI_ISL_442479' 'EPI_ISL_427379' 'EPI_ISL_427385'
 'EPI_ISL_432478' 'EPI_ISL_424658' 'EPI_ISL_424652' 'EPI_ISL_424655'
 'EPI_ISL_424644' 'EPI_ISL_424642' 'EPI_ISL_424650' 'EPI_ISL_424633'
 'EPI_ISL_424640' 'EPI_ISL_428944' 'EPI_ISL_421204' 'EPI_ISL_423583'
 'EPI_ISL_433499' 'EPI_ISL_429571' 'EPI_ISL_435421' 'EPI_ISL_428359'
 'EPI_ISL_443301' 'EPI_ISL_421512' 'EPI_ISL_428352' 'EPI_ISL_432864'
 'EPI_ISL_419182' 'EPI_ISL_419185' 'EPI_ISL_419186' 'EPI_ISL_420063'
 'EPI_ISL_425899' 'EPI_ISL_419170' 'EPI_ISL_443310' 'EPI_ISL_417526'
 'EPI_ISL_420044' 'EPI_ISL_418423' 'EPI_ISL_418427' 'EPI_ISL_421750'
 'EPI_ISL_418422' 'EPI_ISL_418424' 'EPI_ISL_447136' 'EPI_ISL_417437'
 'EPI_ISL_420038' 'EPI_ISL_420046' 'EPI_ISL_420055' 'EPI_ISL_421738'
 'EPI_ISL_421752' 'EPI_ISL_421753' 'EPI_ISL_418417' 'EPI_ISL_418240'
 'EPI_ISL_420040' 'EPI_ISL_419587' 'EPI_ISL_416499' 'EPI_ISL_417339'
 'EPI_ISL_419578' 'EPI_ISL_417337' 'EPI_ISL_416754' 'EPI_ISL_416756'
 'EPI_ISL_415651' 'EPI_ISL_415652' 'EPI_ISL_416751' 'EPI_ISL_417334'
 'EPI_ISL_416747' 'EPI_ISL_416749' 'EPI_ISL_416752' 'MT451041.1'
 'MT451177.1' 'MT451179.1' 'MT451194.1' 'EPI_ISL_445282' 'EPI_ISL_445311'
 'EPI_ISL_452223' 'EPI_ISL_429115' 'EPI_ISL_415704' 'EPI_ISL_429212'
 'EPI_ISL_415706' 'EPI_ISL_429208' 'EPI_ISL_429196' 'EPI_ISL_415705'
 'EPI_ISL_429211' 'EPI_ISL_415707' 'EPI_ISL_421453']",1,0.001327564262805766
3037(SNP:C->T);14408(SNP:C->T);15324(SNP:C->T);23403(SNP:A->G);24794(SNP:G->T),2020-04-21,['LR794417.1'],B.1.178,France,"['EPI_ISL_416493' 'EPI_ISL_417946' 'EPI_ISL_417947' 'EPI_ISL_418024'
 'EPI_ISL_418230' 'EPI_ISL_418231' 'EPI_ISL_418234' 'EPI_ISL_418628'
 'EPI_ISL_418632' 'EPI_ISL_418634' 'EPI_ISL_418635' 'EPI_ISL_418648'
 'EPI_ISL_418657' 'EPI_ISL_418659' 'EPI_ISL_418795' 'EPI_ISL_419593'
 'EPI_ISL_420035' 'EPI_ISL_420039' 'EPI_ISL_420083' 'EPI_ISL_420365'
 'EPI_ISL_420368' 'EPI_ISL_420373' 'EPI_ISL_420380' 'EPI_ISL_420382'
 'EPI_ISL_420384' 'EPI_ISL_420389' 'EPI_ISL_420390' 'EPI_ISL_420395'
 'EPI_ISL_420396' 'EPI_ISL_420397' 'EPI_ISL_420427' 'EPI_ISL_420432'
 'EPI_ISL_420434' 'EPI_ISL_420440' 'EPI_ISL_420452' 'EPI_ISL_421508'
 'EPI_ISL_421745' 'EPI_ISL_421746' 'MT320538.2' 'EPI_ISL_427394'
 'EPI_ISL_428890' 'EPI_ISL_429724' 'EPI_ISL_429766' 'EPI_ISL_429782'
 'EPI_ISL_434621' 'EPI_ISL_434622' 'EPI_ISL_434623' 'EPI_ISL_434624'
 'EPI_ISL_434625' 'EPI_ISL_434631' 'EPI_ISL_434632' 'EPI_ISL_434633'
 'EPI_ISL_434634' 'EPI_ISL_435032' 'EPI_ISL_433646' 'EPI_ISL_437348'
 'EPI_ISL_437350' 'FR994049.1' 'EPI_ISL_443291' 'EPI_ISL_444969'
 'EPI_ISL_445069' 'MT358643.1' 'MT470101.1' 'MT470102.1' 'MT470106.1'
 'MT470110.1' 'MT470113.1' 'MT470114.1' 'MT470118.1' 'MT470124.1'
 'MT470133.1' 'MT470136.1' 'MT470138.1' 'MT470140.1' 'MT470143.1'
 'MT470148.1' 'MT470155.1' 'MT470162.1' 'MT470164.1' 'MT470165.1'
 'MT470167.1' 'MT470173.1' 'MT470176.1' 'EPI_ISL_445216' 'EPI_ISL_445272'
 'EPI_ISL_450519' 'LR824235.1' 'LR824247.1' 'LR824250.1' 'LR824268.1'
 'LR824263.1' 'LR824266.1' 'LR824283.1' 'LR824301.1' 'LR824326.1'
 'LR824321.1' 'LR824318.1' 'LR824325.1' 'LR824342.1' 'LR824371.1'
 'LR824381.1' 'LR824400.1' 'LR824409.1' 'LR824413.1' 'LR824414.1'
 'EPI_ISL_451935' 'EPI_ISL_452148' 'EPI_ISL_452151' 'EPI_ISL_452152'
 'EPI_ISL_453982' 'EPI_ISL_457974' 'NMDC60013159' 'NMDC60013162'
 'NMDC60013163' 'NMDC60013164' 'NMDC60013165' 'NMDC60013166'
 'NMDC60013167' 'NMDC60013168' 'NMDC60013169' 'NMDC60013170'
 'NMDC60013171' 'NMDC60013172' 'NMDC60013173' 'NMDC60013174'
 'NMDC60013175' 'NMDC60013176' 'NMDC60013177' 'NMDC60013184'
 'NMDC60013186' 'NMDC60013188' 'NMDC60013189' 'NMDC60013190'
 'NMDC60013191' 'NMDC60013192' 'NMDC60013193' 'NMDC60013194'
 'NMDC60013195' 'NMDC60013196' 'NMDC60013197' 'NMDC60013198'
 'NMDC60013199' 'NMDC60013239' 'NMDC60013240' 'NMDC60013242' 'LR794385.1'
 'LR794405.1' 'LR794433.1' 'LR794462.1' 'LR794514.1' 'LR794519.1'
 'LR794530.1' 'LR794549.1' 'LR794564.1' 'LR794619.1' 'LR794620.1'
 'LR794650.1' 'EPI_ISL_421932' 'EPI_ISL_420624' 'EPI_ISL_420620'
 'EPI_ISL_420609' 'EPI_ISL_420611' 'EPI_ISL_420619' 'EPI_ISL_420598'
 'EPI_ISL_420605' 'EPI_ISL_451091' 'EPI_ISL_434889' 'EPI_ISL_451087'
 'EPI_ISL_451084' 'EPI_ISL_455978' 'EPI_ISL_439246' 'EPI_ISL_453745'
 'EPI_ISL_453760' 'EPI_ISL_439159' 'EPI_ISL_432762' 'EPI_ISL_434503'
 'EPI_ISL_434493' 'EPI_ISL_442479' 'EPI_ISL_427379' 'EPI_ISL_427385'
 'EPI_ISL_432478' 'EPI_ISL_424658' 'EPI_ISL_424652' 'EPI_ISL_424655'
 'EPI_ISL_424644' 'EPI_ISL_424642' 'EPI_ISL_424650' 'EPI_ISL_424633'
 'EPI_ISL_424640' 'EPI_ISL_428944' 'EPI_ISL_421204' 'EPI_ISL_423583'
 'EPI_ISL_433499' 'EPI_ISL_429571' 'EPI_ISL_435421' 'EPI_ISL_428359'
 'EPI_ISL_443301' 'EPI_ISL_421512' 'EPI_ISL_428352' 'EPI_ISL_432864'
 'EPI_ISL_419182' 'EPI_ISL_419185' 'EPI_ISL_419186' 'EPI_ISL_420063'
 'EPI_ISL_425899' 'EPI_ISL_419170' 'EPI_ISL_443310' 'EPI_ISL_417526'
 'EPI_ISL_420044' 'EPI_ISL_418423' 'EPI_ISL_418427' 'EPI_ISL_421750'
 'EPI_ISL_418422' 'EPI_ISL_418424' 'EPI_ISL_447136' 'EPI_ISL_417437'
 'EPI_ISL_420038' 'EPI_ISL_420046' 'EPI_ISL_420055' 'EPI_ISL_421738'
 'EPI_ISL_421752' 'EPI_ISL_421753' 'EPI_ISL_418417' 'EPI_ISL_418240'
 'EPI_ISL_420040' 'EPI_ISL_419587' 'EPI_ISL_416499' 'EPI_ISL_417339'
 'EPI_ISL_419578' 'EPI_ISL_417337' 'EPI_ISL_416754' 'EPI_ISL_416756'
 'EPI_ISL_415651' 'EPI_ISL_415652' 'EPI_ISL_416751' 'EPI_ISL_417334'
 'EPI_ISL_416747' 'EPI_ISL_416749' 'EPI_ISL_416752' 'MT451041.1'
 'MT451177.1' 'MT451179.1' 'MT451194.1' 'EPI_ISL_445282' 'EPI_ISL_445311'
 'EPI_ISL_452223' 'EPI_ISL_429115' 'EPI_ISL_415704' 'EPI_ISL_429212'
 'EPI_ISL_415706' 'EPI_ISL_429208' 'EPI_ISL_429196' 'EPI_ISL_415705'
 'EPI_ISL_429211' 'EPI_ISL_415707' 'EPI_ISL_421453']",1,0.001327564262805766
3037(SNP:C->T);14408(SNP:C->T);15324(SNP:C->T);23403(SNP:A->G);25720(SNP:G->T),2020-04-21,['LR794469.1'],B.1,France,"['EPI_ISL_416493' 'EPI_ISL_417946' 'EPI_ISL_417947' 'EPI_ISL_418024'
 'EPI_ISL_418230' 'EPI_ISL_418231' 'EPI_ISL_418234' 'EPI_ISL_418628'
 'EPI_ISL_418632' 'EPI_ISL_418634' 'EPI_ISL_418635' 'EPI_ISL_418648'
 'EPI_ISL_418657' 'EPI_ISL_418659' 'EPI_ISL_418795' 'EPI_ISL_419593'
 'EPI_ISL_420035' 'EPI_ISL_420039' 'EPI_ISL_420083' 'EPI_ISL_420365'
 'EPI_ISL_420368' 'EPI_ISL_420373' 'EPI_ISL_420380' 'EPI_ISL_420382'
 'EPI_ISL_420384' 'EPI_ISL_420389' 'EPI_ISL_420390' 'EPI_ISL_420395'
 'EPI_ISL_420396' 'EPI_ISL_420397' 'EPI_ISL_420427' 'EPI_ISL_420432'
 'EPI_ISL_420434' 'EPI_ISL_420440' 'EPI_ISL_420452' 'EPI_ISL_421508'
 'EPI_ISL_421745' 'EPI_ISL_421746' 'MT320538.2' 'EPI_ISL_427394'
 'EPI_ISL_428890' 'EPI_ISL_429724' 'EPI_ISL_429766' 'EPI_ISL_429782'
 'EPI_ISL_434621' 'EPI_ISL_434622' 'EPI_ISL_434623' 'EPI_ISL_434624'
 'EPI_ISL_434625' 'EPI_ISL_434631' 'EPI_ISL_434632' 'EPI_ISL_434633'
 'EPI_ISL_434634' 'EPI_ISL_435032' 'EPI_ISL_433646' 'EPI_ISL_437348'
 'EPI_ISL_437350' 'FR994049.1' 'EPI_ISL_443291' 'EPI_ISL_444969'
 'EPI_ISL_445069' 'MT358643.1' 'MT470101.1' 'MT470102.1' 'MT470106.1'
 'MT470110.1' 'MT470113.1' 'MT470114.1' 'MT470118.1' 'MT470124.1'
 'MT470133.1' 'MT470136.1' 'MT470138.1' 'MT470140.1' 'MT470143.1'
 'MT470148.1' 'MT470155.1' 'MT470162.1' 'MT470164.1' 'MT470165.1'
 'MT470167.1' 'MT470173.1' 'MT470176.1' 'EPI_ISL_445216' 'EPI_ISL_445272'
 'EPI_ISL_450519' 'LR824235.1' 'LR824247.1' 'LR824250.1' 'LR824268.1'
 'LR824263.1' 'LR824266.1' 'LR824283.1' 'LR824301.1' 'LR824326.1'
 'LR824321.1' 'LR824318.1' 'LR824325.1' 'LR824342.1' 'LR824371.1'
 'LR824381.1' 'LR824400.1' 'LR824409.1' 'LR824413.1' 'LR824414.1'
 'EPI_ISL_451935' 'EPI_ISL_452148' 'EPI_ISL_452151' 'EPI_ISL_452152'
 'EPI_ISL_453982' 'EPI_ISL_457974' 'NMDC60013159' 'NMDC60013162'
 'NMDC60013163' 'NMDC60013164' 'NMDC60013165' 'NMDC60013166'
 'NMDC60013167' 'NMDC60013168' 'NMDC60013169' 'NMDC60013170'
 'NMDC60013171' 'NMDC60013172' 'NMDC60013173' 'NMDC60013174'
 'NMDC60013175' 'NMDC60013176' 'NMDC60013177' 'NMDC60013184'
 'NMDC60013186' 'NMDC60013188' 'NMDC60013189' 'NMDC60013190'
 'NMDC60013191' 'NMDC60013192' 'NMDC60013193' 'NMDC60013194'
 'NMDC60013195' 'NMDC60013196' 'NMDC60013197' 'NMDC60013198'
 'NMDC60013199' 'NMDC60013239' 'NMDC60013240' 'NMDC60013242' 'LR794385.1'
 'LR794405.1' 'LR794433.1' 'LR794462.1' 'LR794514.1' 'LR794519.1'
 'LR794530.1' 'LR794549.1' 'LR794564.1' 'LR794619.1' 'LR794620.1'
 'LR794650.1' 'EPI_ISL_421932' 'EPI_ISL_420624' 'EPI_ISL_420620'
 'EPI_ISL_420609' 'EPI_ISL_420611' 'EPI_ISL_420619' 'EPI_ISL_420598'
 'EPI_ISL_420605' 'EPI_ISL_451091' 'EPI_ISL_434889' 'EPI_ISL_451087'
 'EPI_ISL_451084' 'EPI_ISL_455978' 'EPI_ISL_439246' 'EPI_ISL_453745'
 'EPI_ISL_453760' 'EPI_ISL_439159' 'EPI_ISL_432762' 'EPI_ISL_434503'
 'EPI_ISL_434493' 'EPI_ISL_442479' 'EPI_ISL_427379' 'EPI_ISL_427385'
 'EPI_ISL_432478' 'EPI_ISL_424658' 'EPI_ISL_424652' 'EPI_ISL_424655'
 'EPI_ISL_424644' 'EPI_ISL_424642' 'EPI_ISL_424650' 'EPI_ISL_424633'
 'EPI_ISL_424640' 'EPI_ISL_428944' 'EPI_ISL_421204' 'EPI_ISL_423583'
 'EPI_ISL_433499' 'EPI_ISL_429571' 'EPI_ISL_435421' 'EPI_ISL_428359'
 'EPI_ISL_443301' 'EPI_ISL_421512' 'EPI_ISL_428352' 'EPI_ISL_432864'
 'EPI_ISL_419182' 'EPI_ISL_419185' 'EPI_ISL_419186' 'EPI_ISL_420063'
 'EPI_ISL_425899' 'EPI_ISL_419170' 'EPI_ISL_443310' 'EPI_ISL_417526'
 'EPI_ISL_420044' 'EPI_ISL_418423' 'EPI_ISL_418427' 'EPI_ISL_421750'
 'EPI_ISL_418422' 'EPI_ISL_418424' 'EPI_ISL_447136' 'EPI_ISL_417437'
 'EPI_ISL_420038' 'EPI_ISL_420046' 'EPI_ISL_420055' 'EPI_ISL_421738'
 'EPI_ISL_421752' 'EPI_ISL_421753' 'EPI_ISL_418417' 'EPI_ISL_418240'
 'EPI_ISL_420040' 'EPI_ISL_419587' 'EPI_ISL_416499' 'EPI_ISL_417339'
 'EPI_ISL_419578' 'EPI_ISL_417337' 'EPI_ISL_416754' 'EPI_ISL_416756'
 'EPI_ISL_415651' 'EPI_ISL_415652' 'EPI_ISL_416751' 'EPI_ISL_417334'
 'EPI_ISL_416747' 'EPI_ISL_416749' 'EPI_ISL_416752' 'MT451041.1'
 'MT451177.1' 'MT451179.1' 'MT451194.1' 'EPI_ISL_445282' 'EPI_ISL_445311'
 'EPI_ISL_452223' 'EPI_ISL_429115' 'EPI_ISL_415704' 'EPI_ISL_429212'
 'EPI_ISL_415706' 'EPI_ISL_429208' 'EPI_ISL_429196' 'EPI_ISL_415705'
 'EPI_ISL_429211' 'EPI_ISL_415707' 'EPI_ISL_421453']",1,0.001327564262805766
3037(SNP:C->T);14408(SNP:C->T);15324(SNP:C->T);23403(SNP:A->G);27002(SNP:C->T),2020-04-21,['LR794544.1'],B.1,France,"['EPI_ISL_416493' 'EPI_ISL_417946' 'EPI_ISL_417947' 'EPI_ISL_418024'
 'EPI_ISL_418230' 'EPI_ISL_418231' 'EPI_ISL_418234' 'EPI_ISL_418628'
 'EPI_ISL_418632' 'EPI_ISL_418634' 'EPI_ISL_418635' 'EPI_ISL_418648'
 'EPI_ISL_418657' 'EPI_ISL_418659' 'EPI_ISL_418795' 'EPI_ISL_419593'
 'EPI_ISL_420035' 'EPI_ISL_420039' 'EPI_ISL_420083' 'EPI_ISL_420365'
 'EPI_ISL_420368' 'EPI_ISL_420373' 'EPI_ISL_420380' 'EPI_ISL_420382'
 'EPI_ISL_420384' 'EPI_ISL_420389' 'EPI_ISL_420390' 'EPI_ISL_420395'
 'EPI_ISL_420396' 'EPI_ISL_420397' 'EPI_ISL_420427' 'EPI_ISL_420432'
 'EPI_ISL_420434' 'EPI_ISL_420440' 'EPI_ISL_420452' 'EPI_ISL_421508'
 'EPI_ISL_421745' 'EPI_ISL_421746' 'MT320538.2' 'EPI_ISL_427394'
 'EPI_ISL_428890' 'EPI_ISL_429724' 'EPI_ISL_429766' 'EPI_ISL_429782'
 'EPI_ISL_434621' 'EPI_ISL_434622' 'EPI_ISL_434623' 'EPI_ISL_434624'
 'EPI_ISL_434625' 'EPI_ISL_434631' 'EPI_ISL_434632' 'EPI_ISL_434633'
 'EPI_ISL_434634' 'EPI_ISL_435032' 'EPI_ISL_433646' 'EPI_ISL_437348'
 'EPI_ISL_437350' 'FR994049.1' 'EPI_ISL_443291' 'EPI_ISL_444969'
 'EPI_ISL_445069' 'MT358643.1' 'MT470101.1' 'MT470102.1' 'MT470106.1'
 'MT470110.1' 'MT470113.1' 'MT470114.1' 'MT470118.1' 'MT470124.1'
 'MT470133.1' 'MT470136.1' 'MT470138.1' 'MT470140.1' 'MT470143.1'
 'MT470148.1' 'MT470155.1' 'MT470162.1' 'MT470164.1' 'MT470165.1'
 'MT470167.1' 'MT470173.1' 'MT470176.1' 'EPI_ISL_445216' 'EPI_ISL_445272'
 'EPI_ISL_450519' 'LR824235.1' 'LR824247.1' 'LR824250.1' 'LR824268.1'
 'LR824263.1' 'LR824266.1' 'LR824283.1' 'LR824301.1' 'LR824326.1'
 'LR824321.1' 'LR824318.1' 'LR824325.1' 'LR824342.1' 'LR824371.1'
 'LR824381.1' 'LR824400.1' 'LR824409.1' 'LR824413.1' 'LR824414.1'
 'EPI_ISL_451935' 'EPI_ISL_452148' 'EPI_ISL_452151' 'EPI_ISL_452152'
 'EPI_ISL_453982' 'EPI_ISL_457974' 'NMDC60013159' 'NMDC60013162'
 'NMDC60013163' 'NMDC60013164' 'NMDC60013165' 'NMDC60013166'
 'NMDC60013167' 'NMDC60013168' 'NMDC60013169' 'NMDC60013170'
 'NMDC60013171' 'NMDC60013172' 'NMDC60013173' 'NMDC60013174'
 'NMDC60013175' 'NMDC60013176' 'NMDC60013177' 'NMDC60013184'
 'NMDC60013186' 'NMDC60013188' 'NMDC60013189' 'NMDC60013190'
 'NMDC60013191' 'NMDC60013192' 'NMDC60013193' 'NMDC60013194'
 'NMDC60013195' 'NMDC60013196' 'NMDC60013197' 'NMDC60013198'
 'NMDC60013199' 'NMDC60013239' 'NMDC60013240' 'NMDC60013242' 'LR794385.1'
 'LR794405.1' 'LR794433.1' 'LR794462.1' 'LR794514.1' 'LR794519.1'
 'LR794530.1' 'LR794549.1' 'LR794564.1' 'LR794619.1' 'LR794620.1'
 'LR794650.1' 'EPI_ISL_421932' 'EPI_ISL_420624' 'EPI_ISL_420620'
 'EPI_ISL_420609' 'EPI_ISL_420611' 'EPI_ISL_420619' 'EPI_ISL_420598'
 'EPI_ISL_420605' 'EPI_ISL_451091' 'EPI_ISL_434889' 'EPI_ISL_451087'
 'EPI_ISL_451084' 'EPI_ISL_455978' 'EPI_ISL_439246' 'EPI_ISL_453745'
 'EPI_ISL_453760' 'EPI_ISL_439159' 'EPI_ISL_432762' 'EPI_ISL_434503'
 'EPI_ISL_434493' 'EPI_ISL_442479' 'EPI_ISL_427379' 'EPI_ISL_427385'
 'EPI_ISL_432478' 'EPI_ISL_424658' 'EPI_ISL_424652' 'EPI_ISL_424655'
 'EPI_ISL_424644' 'EPI_ISL_424642' 'EPI_ISL_424650' 'EPI_ISL_424633'
 'EPI_ISL_424640' 'EPI_ISL_428944' 'EPI_ISL_421204' 'EPI_ISL_423583'
 'EPI_ISL_433499' 'EPI_ISL_429571' 'EPI_ISL_435421' 'EPI_ISL_428359'
 'EPI_ISL_443301' 'EPI_ISL_421512' 'EPI_ISL_428352' 'EPI_ISL_432864'
 'EPI_ISL_419182' 'EPI_ISL_419185' 'EPI_ISL_419186' 'EPI_ISL_420063'
 'EPI_ISL_425899' 'EPI_ISL_419170' 'EPI_ISL_443310' 'EPI_ISL_417526'
 'EPI_ISL_420044' 'EPI_ISL_418423' 'EPI_ISL_418427' 'EPI_ISL_421750'
 'EPI_ISL_418422' 'EPI_ISL_418424' 'EPI_ISL_447136' 'EPI_ISL_417437'
 'EPI_ISL_420038' 'EPI_ISL_420046' 'EPI_ISL_420055' 'EPI_ISL_421738'
 'EPI_ISL_421752' 'EPI_ISL_421753' 'EPI_ISL_418417' 'EPI_ISL_418240'
 'EPI_ISL_420040' 'EPI_ISL_419587' 'EPI_ISL_416499' 'EPI_ISL_417339'
 'EPI_ISL_419578' 'EPI_ISL_417337' 'EPI_ISL_416754' 'EPI_ISL_416756'
 'EPI_ISL_415651' 'EPI_ISL_415652' 'EPI_ISL_416751' 'EPI_ISL_417334'
 'EPI_ISL_416747' 'EPI_ISL_416749' 'EPI_ISL_416752' 'MT451041.1'
 'MT451177.1' 'MT451179.1' 'MT451194.1' 'EPI_ISL_445282' 'EPI_ISL_445311'
 'EPI_ISL_452223' 'EPI_ISL_429115' 'EPI_ISL_415704' 'EPI_ISL_429212'
 'EPI_ISL_415706' 'EPI_ISL_429208' 'EPI_ISL_429196' 'EPI_ISL_415705'
 'EPI_ISL_429211' 'EPI_ISL_415707' 'EPI_ISL_421453']",1,0.001327564262805766
3037(SNP:C->T);14408(SNP:C->T);15324(SNP:C->T);23403(SNP:A->G);28541(SNP:G->A),2020-04-21,['LR794649.1'],B.1,France,"['EPI_ISL_416493' 'EPI_ISL_417946' 'EPI_ISL_417947' 'EPI_ISL_418024'
 'EPI_ISL_418230' 'EPI_ISL_418231' 'EPI_ISL_418234' 'EPI_ISL_418628'
 'EPI_ISL_418632' 'EPI_ISL_418634' 'EPI_ISL_418635' 'EPI_ISL_418648'
 'EPI_ISL_418657' 'EPI_ISL_418659' 'EPI_ISL_418795' 'EPI_ISL_419593'
 'EPI_ISL_420035' 'EPI_ISL_420039' 'EPI_ISL_420083' 'EPI_ISL_420365'
 'EPI_ISL_420368' 'EPI_ISL_420373' 'EPI_ISL_420380' 'EPI_ISL_420382'
 'EPI_ISL_420384' 'EPI_ISL_420389' 'EPI_ISL_420390' 'EPI_ISL_420395'
 'EPI_ISL_420396' 'EPI_ISL_420397' 'EPI_ISL_420427' 'EPI_ISL_420432'
 'EPI_ISL_420434' 'EPI_ISL_420440' 'EPI_ISL_420452' 'EPI_ISL_421508'
 'EPI_ISL_421745' 'EPI_ISL_421746' 'MT320538.2' 'EPI_ISL_427394'
 'EPI_ISL_428890' 'EPI_ISL_429724' 'EPI_ISL_429766' 'EPI_ISL_429782'
 'EPI_ISL_434621' 'EPI_ISL_434622' 'EPI_ISL_434623' 'EPI_ISL_434624'
 'EPI_ISL_434625' 'EPI_ISL_434631' 'EPI_ISL_434632' 'EPI_ISL_434633'
 'EPI_ISL_434634' 'EPI_ISL_435032' 'EPI_ISL_433646' 'EPI_ISL_437348'
 'EPI_ISL_437350' 'FR994049.1' 'EPI_ISL_443291' 'EPI_ISL_444969'
 'EPI_ISL_445069' 'MT358643.1' 'MT470101.1' 'MT470102.1' 'MT470106.1'
 'MT470110.1' 'MT470113.1' 'MT470114.1' 'MT470118.1' 'MT470124.1'
 'MT470133.1' 'MT470136.1' 'MT470138.1' 'MT470140.1' 'MT470143.1'
 'MT470148.1' 'MT470155.1' 'MT470162.1' 'MT470164.1' 'MT470165.1'
 'MT470167.1' 'MT470173.1' 'MT470176.1' 'EPI_ISL_445216' 'EPI_ISL_445272'
 'EPI_ISL_450519' 'LR824235.1' 'LR824247.1' 'LR824250.1' 'LR824268.1'
 'LR824263.1' 'LR824266.1' 'LR824283.1' 'LR824301.1' 'LR824326.1'
 'LR824321.1' 'LR824318.1' 'LR824325.1' 'LR824342.1' 'LR824371.1'
 'LR824381.1' 'LR824400.1' 'LR824409.1' 'LR824413.1' 'LR824414.1'
 'EPI_ISL_451935' 'EPI_ISL_452148' 'EPI_ISL_452151' 'EPI_ISL_452152'
 'EPI_ISL_453982' 'EPI_ISL_457974' 'NMDC60013159' 'NMDC60013162'
 'NMDC60013163' 'NMDC60013164' 'NMDC60013165' 'NMDC60013166'
 'NMDC60013167' 'NMDC60013168' 'NMDC60013169' 'NMDC60013170'
 'NMDC60013171' 'NMDC60013172' 'NMDC60013173' 'NMDC60013174'
 'NMDC60013175' 'NMDC60013176' 'NMDC60013177' 'NMDC60013184'
 'NMDC60013186' 'NMDC60013188' 'NMDC60013189' 'NMDC60013190'
 'NMDC60013191' 'NMDC60013192' 'NMDC60013193' 'NMDC60013194'
 'NMDC60013195' 'NMDC60013196' 'NMDC60013197' 'NMDC60013198'
 'NMDC60013199' 'NMDC60013239' 'NMDC60013240' 'NMDC60013242' 'LR794385.1'
 'LR794405.1' 'LR794433.1' 'LR794462.1' 'LR794514.1' 'LR794519.1'
 'LR794530.1' 'LR794549.1' 'LR794564.1' 'LR794619.1' 'LR794620.1'
 'LR794650.1' 'EPI_ISL_421932' 'EPI_ISL_420624' 'EPI_ISL_420620'
 'EPI_ISL_420609' 'EPI_ISL_420611' 'EPI_ISL_420619' 'EPI_ISL_420598'
 'EPI_ISL_420605' 'EPI_ISL_451091' 'EPI_ISL_434889' 'EPI_ISL_451087'
 'EPI_ISL_451084' 'EPI_ISL_455978' 'EPI_ISL_439246' 'EPI_ISL_453745'
 'EPI_ISL_453760' 'EPI_ISL_439159' 'EPI_ISL_432762' 'EPI_ISL_434503'
 'EPI_ISL_434493' 'EPI_ISL_442479' 'EPI_ISL_427379' 'EPI_ISL_427385'
 'EPI_ISL_432478' 'EPI_ISL_424658' 'EPI_ISL_424652' 'EPI_ISL_424655'
 'EPI_ISL_424644' 'EPI_ISL_424642' 'EPI_ISL_424650' 'EPI_ISL_424633'
 'EPI_ISL_424640' 'EPI_ISL_428944' 'EPI_ISL_421204' 'EPI_ISL_423583'
 'EPI_ISL_433499' 'EPI_ISL_429571' 'EPI_ISL_435421' 'EPI_ISL_428359'
 'EPI_ISL_443301' 'EPI_ISL_421512' 'EPI_ISL_428352' 'EPI_ISL_432864'
 'EPI_ISL_419182' 'EPI_ISL_419185' 'EPI_ISL_419186' 'EPI_ISL_420063'
 'EPI_ISL_425899' 'EPI_ISL_419170' 'EPI_ISL_443310' 'EPI_ISL_417526'
 'EPI_ISL_420044' 'EPI_ISL_418423' 'EPI_ISL_418427' 'EPI_ISL_421750'
 'EPI_ISL_418422' 'EPI_ISL_418424' 'EPI_ISL_447136' 'EPI_ISL_417437'
 'EPI_ISL_420038' 'EPI_ISL_420046' 'EPI_ISL_420055' 'EPI_ISL_421738'
 'EPI_ISL_421752' 'EPI_ISL_421753' 'EPI_ISL_418417' 'EPI_ISL_418240'
 'EPI_ISL_420040' 'EPI_ISL_419587' 'EPI_ISL_416499' 'EPI_ISL_417339'
 'EPI_ISL_419578' 'EPI_ISL_417337' 'EPI_ISL_416754' 'EPI_ISL_416756'
 'EPI_ISL_415651' 'EPI_ISL_415652' 'EPI_ISL_416751' 'EPI_ISL_417334'
 'EPI_ISL_416747' 'EPI_ISL_416749' 'EPI_ISL_416752' 'MT451041.1'
 'MT451177.1' 'MT451179.1' 'MT451194.1' 'EPI_ISL_445282' 'EPI_ISL_445311'
 'EPI_ISL_452223' 'EPI_ISL_429115' 'EPI_ISL_415704' 'EPI_ISL_429212'
 'EPI_ISL_415706' 'EPI_ISL_429208' 'EPI_ISL_429196' 'EPI_ISL_415705'
 'EPI_ISL_429211' 'EPI_ISL_415707' 'EPI_ISL_421453']",1,0.001327564262805766
3037(SNP:C->T);8179(SNP:G->T);14408(SNP:C->T);15324(SNP:C->T);23403(SNP:A->G),2020-04-21,['LR794682.1'],B.1,France,"['EPI_ISL_416493' 'EPI_ISL_417946' 'EPI_ISL_417947' 'EPI_ISL_418024'
 'EPI_ISL_418230' 'EPI_ISL_418231' 'EPI_ISL_418234' 'EPI_ISL_418628'
 'EPI_ISL_418632' 'EPI_ISL_418634' 'EPI_ISL_418635' 'EPI_ISL_418648'
 'EPI_ISL_418657' 'EPI_ISL_418659' 'EPI_ISL_418795' 'EPI_ISL_419593'
 'EPI_ISL_420035' 'EPI_ISL_420039' 'EPI_ISL_420083' 'EPI_ISL_420365'
 'EPI_ISL_420368' 'EPI_ISL_420373' 'EPI_ISL_420380' 'EPI_ISL_420382'
 'EPI_ISL_420384' 'EPI_ISL_420389' 'EPI_ISL_420390' 'EPI_ISL_420395'
 'EPI_ISL_420396' 'EPI_ISL_420397' 'EPI_ISL_420427' 'EPI_ISL_420432'
 'EPI_ISL_420434' 'EPI_ISL_420440' 'EPI_ISL_420452' 'EPI_ISL_421508'
 'EPI_ISL_421745' 'EPI_ISL_421746' 'MT320538.2' 'EPI_ISL_427394'
 'EPI_ISL_428890' 'EPI_ISL_429724' 'EPI_ISL_429766' 'EPI_ISL_429782'
 'EPI_ISL_434621' 'EPI_ISL_434622' 'EPI_ISL_434623' 'EPI_ISL_434624'
 'EPI_ISL_434625' 'EPI_ISL_434631' 'EPI_ISL_434632' 'EPI_ISL_434633'
 'EPI_ISL_434634' 'EPI_ISL_435032' 'EPI_ISL_433646' 'EPI_ISL_437348'
 'EPI_ISL_437350' 'FR994049.1' 'EPI_ISL_443291' 'EPI_ISL_444969'
 'EPI_ISL_445069' 'MT358643.1' 'MT470101.1' 'MT470102.1' 'MT470106.1'
 'MT470110.1' 'MT470113.1' 'MT470114.1' 'MT470118.1' 'MT470124.1'
 'MT470133.1' 'MT470136.1' 'MT470138.1' 'MT470140.1' 'MT470143.1'
 'MT470148.1' 'MT470155.1' 'MT470162.1' 'MT470164.1' 'MT470165.1'
 'MT470167.1' 'MT470173.1' 'MT470176.1' 'EPI_ISL_445216' 'EPI_ISL_445272'
 'EPI_ISL_450519' 'LR824235.1' 'LR824247.1' 'LR824250.1' 'LR824268.1'
 'LR824263.1' 'LR824266.1' 'LR824283.1' 'LR824301.1' 'LR824326.1'
 'LR824321.1' 'LR824318.1' 'LR824325.1' 'LR824342.1' 'LR824371.1'
 'LR824381.1' 'LR824400.1' 'LR824409.1' 'LR824413.1' 'LR824414.1'
 'EPI_ISL_451935' 'EPI_ISL_452148' 'EPI_ISL_452151' 'EPI_ISL_452152'
 'EPI_ISL_453982' 'EPI_ISL_457974' 'NMDC60013159' 'NMDC60013162'
 'NMDC60013163' 'NMDC60013164' 'NMDC60013165' 'NMDC60013166'
 'NMDC60013167' 'NMDC60013168' 'NMDC60013169' 'NMDC60013170'
 'NMDC60013171' 'NMDC60013172' 'NMDC60013173' 'NMDC60013174'
 'NMDC60013175' 'NMDC60013176' 'NMDC60013177' 'NMDC60013184'
 'NMDC60013186' 'NMDC60013188' 'NMDC60013189' 'NMDC60013190'
 'NMDC60013191' 'NMDC60013192' 'NMDC60013193' 'NMDC60013194'
 'NMDC60013195' 'NMDC60013196' 'NMDC60013197' 'NMDC60013198'
 'NMDC60013199' 'NMDC60013239' 'NMDC60013240' 'NMDC60013242' 'LR794385.1'
 'LR794405.1' 'LR794433.1' 'LR794462.1' 'LR794514.1' 'LR794519.1'
 'LR794530.1' 'LR794549.1' 'LR794564.1' 'LR794619.1' 'LR794620.1'
 'LR794650.1' 'EPI_ISL_421932' 'EPI_ISL_420624' 'EPI_ISL_420620'
 'EPI_ISL_420609' 'EPI_ISL_420611' 'EPI_ISL_420619' 'EPI_ISL_420598'
 'EPI_ISL_420605' 'EPI_ISL_451091' 'EPI_ISL_434889' 'EPI_ISL_451087'
 'EPI_ISL_451084' 'EPI_ISL_455978' 'EPI_ISL_439246' 'EPI_ISL_453745'
 'EPI_ISL_453760' 'EPI_ISL_439159' 'EPI_ISL_432762' 'EPI_ISL_434503'
 'EPI_ISL_434493' 'EPI_ISL_442479' 'EPI_ISL_427379' 'EPI_ISL_427385'
 'EPI_ISL_432478' 'EPI_ISL_424658' 'EPI_ISL_424652' 'EPI_ISL_424655'
 'EPI_ISL_424644' 'EPI_ISL_424642' 'EPI_ISL_424650' 'EPI_ISL_424633'
 'EPI_ISL_424640' 'EPI_ISL_428944' 'EPI_ISL_421204' 'EPI_ISL_423583'
 'EPI_ISL_433499' 'EPI_ISL_429571' 'EPI_ISL_435421' 'EPI_ISL_428359'
 'EPI_ISL_443301' 'EPI_ISL_421512' 'EPI_ISL_428352' 'EPI_ISL_432864'
 'EPI_ISL_419182' 'EPI_ISL_419185' 'EPI_ISL_419186' 'EPI_ISL_420063'
 'EPI_ISL_425899' 'EPI_ISL_419170' 'EPI_ISL_443310' 'EPI_ISL_417526'
 'EPI_ISL_420044' 'EPI_ISL_418423' 'EPI_ISL_418427' 'EPI_ISL_421750'
 'EPI_ISL_418422' 'EPI_ISL_418424' 'EPI_ISL_447136' 'EPI_ISL_417437'
 'EPI_ISL_420038' 'EPI_ISL_420046' 'EPI_ISL_420055' 'EPI_ISL_421738'
 'EPI_ISL_421752' 'EPI_ISL_421753' 'EPI_ISL_418417' 'EPI_ISL_418240'
 'EPI_ISL_420040' 'EPI_ISL_419587' 'EPI_ISL_416499' 'EPI_ISL_417339'
 'EPI_ISL_419578' 'EPI_ISL_417337' 'EPI_ISL_416754' 'EPI_ISL_416756'
 'EPI_ISL_415651' 'EPI_ISL_415652' 'EPI_ISL_416751' 'EPI_ISL_417334'
 'EPI_ISL_416747' 'EPI_ISL_416749' 'EPI_ISL_416752' 'MT451041.1'
 'MT451177.1' 'MT451179.1' 'MT451194.1' 'EPI_ISL_445282' 'EPI_ISL_445311'
 'EPI_ISL_452223' 'EPI_ISL_429115' 'EPI_ISL_415704' 'EPI_ISL_429212'
 'EPI_ISL_415706' 'EPI_ISL_429208' 'EPI_ISL_429196' 'EPI_ISL_415705'
 'EPI_ISL_429211' 'EPI_ISL_415707' 'EPI_ISL_421453']",1,0.001327564262805766
3037(SNP:C->T);14408(SNP:C->T);15324(SNP:C->T);16111(SNP:C->T);23403(SNP:A->G),2020-04-23,['EPI_ISL_429204'],B.1,Switzerland,"['EPI_ISL_416493' 'EPI_ISL_417946' 'EPI_ISL_417947' 'EPI_ISL_418024'
 'EPI_ISL_418230' 'EPI_ISL_418231' 'EPI_ISL_418234' 'EPI_ISL_418628'
 'EPI_ISL_418632' 'EPI_ISL_418634' 'EPI_ISL_418635' 'EPI_ISL_418648'
 'EPI_ISL_418657' 'EPI_ISL_418659' 'EPI_ISL_418795' 'EPI_ISL_419593'
 'EPI_ISL_420035' 'EPI_ISL_420039' 'EPI_ISL_420083' 'EPI_ISL_420365'
 'EPI_ISL_420368' 'EPI_ISL_420373' 'EPI_ISL_420380' 'EPI_ISL_420382'
 'EPI_ISL_420384' 'EPI_ISL_420389' 'EPI_ISL_420390' 'EPI_ISL_420395'
 'EPI_ISL_420396' 'EPI_ISL_420397' 'EPI_ISL_420427' 'EPI_ISL_420432'
 'EPI_ISL_420434' 'EPI_ISL_420440' 'EPI_ISL_420452' 'EPI_ISL_421508'
 'EPI_ISL_421745' 'EPI_ISL_421746' 'MT320538.2' 'EPI_ISL_427394'
 'EPI_ISL_428890' 'EPI_ISL_429724' 'EPI_ISL_429766' 'EPI_ISL_429782'
 'EPI_ISL_434621' 'EPI_ISL_434622' 'EPI_ISL_434623' 'EPI_ISL_434624'
 'EPI_ISL_434625' 'EPI_ISL_434631' 'EPI_ISL_434632' 'EPI_ISL_434633'
 'EPI_ISL_434634' 'EPI_ISL_435032' 'EPI_ISL_433646' 'EPI_ISL_437348'
 'EPI_ISL_437350' 'FR994049.1' 'EPI_ISL_443291' 'EPI_ISL_444969'
 'EPI_ISL_445069' 'MT358643.1' 'MT470101.1' 'MT470102.1' 'MT470106.1'
 'MT470110.1' 'MT470113.1' 'MT470114.1' 'MT470118.1' 'MT470124.1'
 'MT470133.1' 'MT470136.1' 'MT470138.1' 'MT470140.1' 'MT470143.1'
 'MT470148.1' 'MT470155.1' 'MT470162.1' 'MT470164.1' 'MT470165.1'
 'MT470167.1' 'MT470173.1' 'MT470176.1' 'EPI_ISL_445216' 'EPI_ISL_445272'
 'EPI_ISL_450519' 'LR824235.1' 'LR824247.1' 'LR824250.1' 'LR824268.1'
 'LR824263.1' 'LR824266.1' 'LR824283.1' 'LR824301.1' 'LR824326.1'
 'LR824321.1' 'LR824318.1' 'LR824325.1' 'LR824342.1' 'LR824371.1'
 'LR824381.1' 'LR824400.1' 'LR824409.1' 'LR824413.1' 'LR824414.1'
 'EPI_ISL_451935' 'EPI_ISL_452148' 'EPI_ISL_452151' 'EPI_ISL_452152'
 'EPI_ISL_453982' 'EPI_ISL_457974' 'NMDC60013159' 'NMDC60013162'
 'NMDC60013163' 'NMDC60013164' 'NMDC60013165' 'NMDC60013166'
 'NMDC60013167' 'NMDC60013168' 'NMDC60013169' 'NMDC60013170'
 'NMDC60013171' 'NMDC60013172' 'NMDC60013173' 'NMDC60013174'
 'NMDC60013175' 'NMDC60013176' 'NMDC60013177' 'NMDC60013184'
 'NMDC60013186' 'NMDC60013188' 'NMDC60013189' 'NMDC60013190'
 'NMDC60013191' 'NMDC60013192' 'NMDC60013193' 'NMDC60013194'
 'NMDC60013195' 'NMDC60013196' 'NMDC60013197' 'NMDC60013198'
 'NMDC60013199' 'NMDC60013239' 'NMDC60013240' 'NMDC60013242' 'LR794385.1'
 'LR794405.1' 'LR794433.1' 'LR794462.1' 'LR794514.1' 'LR794519.1'
 'LR794530.1' 'LR794549.1' 'LR794564.1' 'LR794619.1' 'LR794620.1'
 'LR794650.1' 'EPI_ISL_421932' 'EPI_ISL_420624' 'EPI_ISL_420620'
 'EPI_ISL_420609' 'EPI_ISL_420611' 'EPI_ISL_420619' 'EPI_ISL_420598'
 'EPI_ISL_420605' 'EPI_ISL_451091' 'EPI_ISL_434889' 'EPI_ISL_451087'
 'EPI_ISL_451084' 'EPI_ISL_455978' 'EPI_ISL_439246' 'EPI_ISL_453745'
 'EPI_ISL_453760' 'EPI_ISL_439159' 'EPI_ISL_432762' 'EPI_ISL_434503'
 'EPI_ISL_434493' 'EPI_ISL_442479' 'EPI_ISL_427379' 'EPI_ISL_427385'
 'EPI_ISL_432478' 'EPI_ISL_424658' 'EPI_ISL_424652' 'EPI_ISL_424655'
 'EPI_ISL_424644' 'EPI_ISL_424642' 'EPI_ISL_424650' 'EPI_ISL_424633'
 'EPI_ISL_424640' 'EPI_ISL_428944' 'EPI_ISL_421204' 'EPI_ISL_423583'
 'EPI_ISL_433499' 'EPI_ISL_429571' 'EPI_ISL_435421' 'EPI_ISL_428359'
 'EPI_ISL_443301' 'EPI_ISL_421512' 'EPI_ISL_428352' 'EPI_ISL_432864'
 'EPI_ISL_419182' 'EPI_ISL_419185' 'EPI_ISL_419186' 'EPI_ISL_420063'
 'EPI_ISL_425899' 'EPI_ISL_419170' 'EPI_ISL_443310' 'EPI_ISL_417526'
 'EPI_ISL_420044' 'EPI_ISL_418423' 'EPI_ISL_418427' 'EPI_ISL_421750'
 'EPI_ISL_418422' 'EPI_ISL_418424' 'EPI_ISL_447136' 'EPI_ISL_417437'
 'EPI_ISL_420038' 'EPI_ISL_420046' 'EPI_ISL_420055' 'EPI_ISL_421738'
 'EPI_ISL_421752' 'EPI_ISL_421753' 'EPI_ISL_418417' 'EPI_ISL_418240'
 'EPI_ISL_420040' 'EPI_ISL_419587' 'EPI_ISL_416499' 'EPI_ISL_417339'
 'EPI_ISL_419578' 'EPI_ISL_417337' 'EPI_ISL_416754' 'EPI_ISL_416756'
 'EPI_ISL_415651' 'EPI_ISL_415652' 'EPI_ISL_416751' 'EPI_ISL_417334'
 'EPI_ISL_416747' 'EPI_ISL_416749' 'EPI_ISL_416752' 'MT451041.1'
 'MT451177.1' 'MT451179.1' 'MT451194.1' 'EPI_ISL_445282' 'EPI_ISL_445311'
 'EPI_ISL_452223' 'EPI_ISL_429115' 'EPI_ISL_415704' 'EPI_ISL_429212'
 'EPI_ISL_415706' 'EPI_ISL_429208' 'EPI_ISL_429196' 'EPI_ISL_415705'
 'EPI_ISL_429211' 'EPI_ISL_415707' 'EPI_ISL_421453']",1,0.001327564262805766
3037(SNP:C->T);14408(SNP:C->T);15324(SNP:C->T);22468(SNP:G->T);23403(SNP:A->G),2020-04-24,['EPI_ISL_429746'],B.1,Luxembourg,"['EPI_ISL_416493' 'EPI_ISL_417946' 'EPI_ISL_417947' 'EPI_ISL_418024'
 'EPI_ISL_418230' 'EPI_ISL_418231' 'EPI_ISL_418234' 'EPI_ISL_418628'
 'EPI_ISL_418632' 'EPI_ISL_418634' 'EPI_ISL_418635' 'EPI_ISL_418648'
 'EPI_ISL_418657' 'EPI_ISL_418659' 'EPI_ISL_418795' 'EPI_ISL_419593'
 'EPI_ISL_420035' 'EPI_ISL_420039' 'EPI_ISL_420083' 'EPI_ISL_420365'
 'EPI_ISL_420368' 'EPI_ISL_420373' 'EPI_ISL_420380' 'EPI_ISL_420382'
 'EPI_ISL_420384' 'EPI_ISL_420389' 'EPI_ISL_420390' 'EPI_ISL_420395'
 'EPI_ISL_420396' 'EPI_ISL_420397' 'EPI_ISL_420427' 'EPI_ISL_420432'
 'EPI_ISL_420434' 'EPI_ISL_420440' 'EPI_ISL_420452' 'EPI_ISL_421508'
 'EPI_ISL_421745' 'EPI_ISL_421746' 'MT320538.2' 'EPI_ISL_427394'
 'EPI_ISL_428890' 'EPI_ISL_429724' 'EPI_ISL_429766' 'EPI_ISL_429782'
 'EPI_ISL_434621' 'EPI_ISL_434622' 'EPI_ISL_434623' 'EPI_ISL_434624'
 'EPI_ISL_434625' 'EPI_ISL_434631' 'EPI_ISL_434632' 'EPI_ISL_434633'
 'EPI_ISL_434634' 'EPI_ISL_435032' 'EPI_ISL_433646' 'EPI_ISL_437348'
 'EPI_ISL_437350' 'FR994049.1' 'EPI_ISL_443291' 'EPI_ISL_444969'
 'EPI_ISL_445069' 'MT358643.1' 'MT470101.1' 'MT470102.1' 'MT470106.1'
 'MT470110.1' 'MT470113.1' 'MT470114.1' 'MT470118.1' 'MT470124.1'
 'MT470133.1' 'MT470136.1' 'MT470138.1' 'MT470140.1' 'MT470143.1'
 'MT470148.1' 'MT470155.1' 'MT470162.1' 'MT470164.1' 'MT470165.1'
 'MT470167.1' 'MT470173.1' 'MT470176.1' 'EPI_ISL_445216' 'EPI_ISL_445272'
 'EPI_ISL_450519' 'LR824235.1' 'LR824247.1' 'LR824250.1' 'LR824268.1'
 'LR824263.1' 'LR824266.1' 'LR824283.1' 'LR824301.1' 'LR824326.1'
 'LR824321.1' 'LR824318.1' 'LR824325.1' 'LR824342.1' 'LR824371.1'
 'LR824381.1' 'LR824400.1' 'LR824409.1' 'LR824413.1' 'LR824414.1'
 'EPI_ISL_451935' 'EPI_ISL_452148' 'EPI_ISL_452151' 'EPI_ISL_452152'
 'EPI_ISL_453982' 'EPI_ISL_457974' 'NMDC60013159' 'NMDC60013162'
 'NMDC60013163' 'NMDC60013164' 'NMDC60013165' 'NMDC60013166'
 'NMDC60013167' 'NMDC60013168' 'NMDC60013169' 'NMDC60013170'
 'NMDC60013171' 'NMDC60013172' 'NMDC60013173' 'NMDC60013174'
 'NMDC60013175' 'NMDC60013176' 'NMDC60013177' 'NMDC60013184'
 'NMDC60013186' 'NMDC60013188' 'NMDC60013189' 'NMDC60013190'
 'NMDC60013191' 'NMDC60013192' 'NMDC60013193' 'NMDC60013194'
 'NMDC60013195' 'NMDC60013196' 'NMDC60013197' 'NMDC60013198'
 'NMDC60013199' 'NMDC60013239' 'NMDC60013240' 'NMDC60013242' 'LR794385.1'
 'LR794405.1' 'LR794433.1' 'LR794462.1' 'LR794514.1' 'LR794519.1'
 'LR794530.1' 'LR794549.1' 'LR794564.1' 'LR794619.1' 'LR794620.1'
 'LR794650.1' 'EPI_ISL_421932' 'EPI_ISL_420624' 'EPI_ISL_420620'
 'EPI_ISL_420609' 'EPI_ISL_420611' 'EPI_ISL_420619' 'EPI_ISL_420598'
 'EPI_ISL_420605' 'EPI_ISL_451091' 'EPI_ISL_434889' 'EPI_ISL_451087'
 'EPI_ISL_451084' 'EPI_ISL_455978' 'EPI_ISL_439246' 'EPI_ISL_453745'
 'EPI_ISL_453760' 'EPI_ISL_439159' 'EPI_ISL_432762' 'EPI_ISL_434503'
 'EPI_ISL_434493' 'EPI_ISL_442479' 'EPI_ISL_427379' 'EPI_ISL_427385'
 'EPI_ISL_432478' 'EPI_ISL_424658' 'EPI_ISL_424652' 'EPI_ISL_424655'
 'EPI_ISL_424644' 'EPI_ISL_424642' 'EPI_ISL_424650' 'EPI_ISL_424633'
 'EPI_ISL_424640' 'EPI_ISL_428944' 'EPI_ISL_421204' 'EPI_ISL_423583'
 'EPI_ISL_433499' 'EPI_ISL_429571' 'EPI_ISL_435421' 'EPI_ISL_428359'
 'EPI_ISL_443301' 'EPI_ISL_421512' 'EPI_ISL_428352' 'EPI_ISL_432864'
 'EPI_ISL_419182' 'EPI_ISL_419185' 'EPI_ISL_419186' 'EPI_ISL_420063'
 'EPI_ISL_425899' 'EPI_ISL_419170' 'EPI_ISL_443310' 'EPI_ISL_417526'
 'EPI_ISL_420044' 'EPI_ISL_418423' 'EPI_ISL_418427' 'EPI_ISL_421750'
 'EPI_ISL_418422' 'EPI_ISL_418424' 'EPI_ISL_447136' 'EPI_ISL_417437'
 'EPI_ISL_420038' 'EPI_ISL_420046' 'EPI_ISL_420055' 'EPI_ISL_421738'
 'EPI_ISL_421752' 'EPI_ISL_421753' 'EPI_ISL_418417' 'EPI_ISL_418240'
 'EPI_ISL_420040' 'EPI_ISL_419587' 'EPI_ISL_416499' 'EPI_ISL_417339'
 'EPI_ISL_419578' 'EPI_ISL_417337' 'EPI_ISL_416754' 'EPI_ISL_416756'
 'EPI_ISL_415651' 'EPI_ISL_415652' 'EPI_ISL_416751' 'EPI_ISL_417334'
 'EPI_ISL_416747' 'EPI_ISL_416749' 'EPI_ISL_416752' 'MT451041.1'
 'MT451177.1' 'MT451179.1' 'MT451194.1' 'EPI_ISL_445282' 'EPI_ISL_445311'
 'EPI_ISL_452223' 'EPI_ISL_429115' 'EPI_ISL_415704' 'EPI_ISL_429212'
 'EPI_ISL_415706' 'EPI_ISL_429208' 'EPI_ISL_429196' 'EPI_ISL_415705'
 'EPI_ISL_429211' 'EPI_ISL_415707' 'EPI_ISL_421453']",1,0.001327564262805766
3037(SNP:C->T);4084(SNP:C->T);14408(SNP:C->T);15324(SNP:C->T);23403(SNP:A->G),2020-04-24,['EPI_ISL_429770'],B.1.143,Luxembourg,"['EPI_ISL_416493' 'EPI_ISL_417946' 'EPI_ISL_417947' 'EPI_ISL_418024'
 'EPI_ISL_418230' 'EPI_ISL_418231' 'EPI_ISL_418234' 'EPI_ISL_418628'
 'EPI_ISL_418632' 'EPI_ISL_418634' 'EPI_ISL_418635' 'EPI_ISL_418648'
 'EPI_ISL_418657' 'EPI_ISL_418659' 'EPI_ISL_418795' 'EPI_ISL_419593'
 'EPI_ISL_420035' 'EPI_ISL_420039' 'EPI_ISL_420083' 'EPI_ISL_420365'
 'EPI_ISL_420368' 'EPI_ISL_420373' 'EPI_ISL_420380' 'EPI_ISL_420382'
 'EPI_ISL_420384' 'EPI_ISL_420389' 'EPI_ISL_420390' 'EPI_ISL_420395'
 'EPI_ISL_420396' 'EPI_ISL_420397' 'EPI_ISL_420427' 'EPI_ISL_420432'
 'EPI_ISL_420434' 'EPI_ISL_420440' 'EPI_ISL_420452' 'EPI_ISL_421508'
 'EPI_ISL_421745' 'EPI_ISL_421746' 'MT320538.2' 'EPI_ISL_427394'
 'EPI_ISL_428890' 'EPI_ISL_429724' 'EPI_ISL_429766' 'EPI_ISL_429782'
 'EPI_ISL_434621' 'EPI_ISL_434622' 'EPI_ISL_434623' 'EPI_ISL_434624'
 'EPI_ISL_434625' 'EPI_ISL_434631' 'EPI_ISL_434632' 'EPI_ISL_434633'
 'EPI_ISL_434634' 'EPI_ISL_435032' 'EPI_ISL_433646' 'EPI_ISL_437348'
 'EPI_ISL_437350' 'FR994049.1' 'EPI_ISL_443291' 'EPI_ISL_444969'
 'EPI_ISL_445069' 'MT358643.1' 'MT470101.1' 'MT470102.1' 'MT470106.1'
 'MT470110.1' 'MT470113.1' 'MT470114.1' 'MT470118.1' 'MT470124.1'
 'MT470133.1' 'MT470136.1' 'MT470138.1' 'MT470140.1' 'MT470143.1'
 'MT470148.1' 'MT470155.1' 'MT470162.1' 'MT470164.1' 'MT470165.1'
 'MT470167.1' 'MT470173.1' 'MT470176.1' 'EPI_ISL_445216' 'EPI_ISL_445272'
 'EPI_ISL_450519' 'LR824235.1' 'LR824247.1' 'LR824250.1' 'LR824268.1'
 'LR824263.1' 'LR824266.1' 'LR824283.1' 'LR824301.1' 'LR824326.1'
 'LR824321.1' 'LR824318.1' 'LR824325.1' 'LR824342.1' 'LR824371.1'
 'LR824381.1' 'LR824400.1' 'LR824409.1' 'LR824413.1' 'LR824414.1'
 'EPI_ISL_451935' 'EPI_ISL_452148' 'EPI_ISL_452151' 'EPI_ISL_452152'
 'EPI_ISL_453982' 'EPI_ISL_457974' 'NMDC60013159' 'NMDC60013162'
 'NMDC60013163' 'NMDC60013164' 'NMDC60013165' 'NMDC60013166'
 'NMDC60013167' 'NMDC60013168' 'NMDC60013169' 'NMDC60013170'
 'NMDC60013171' 'NMDC60013172' 'NMDC60013173' 'NMDC60013174'
 'NMDC60013175' 'NMDC60013176' 'NMDC60013177' 'NMDC60013184'
 'NMDC60013186' 'NMDC60013188' 'NMDC60013189' 'NMDC60013190'
 'NMDC60013191' 'NMDC60013192' 'NMDC60013193' 'NMDC60013194'
 'NMDC60013195' 'NMDC60013196' 'NMDC60013197' 'NMDC60013198'
 'NMDC60013199' 'NMDC60013239' 'NMDC60013240' 'NMDC60013242' 'LR794385.1'
 'LR794405.1' 'LR794433.1' 'LR794462.1' 'LR794514.1' 'LR794519.1'
 'LR794530.1' 'LR794549.1' 'LR794564.1' 'LR794619.1' 'LR794620.1'
 'LR794650.1' 'EPI_ISL_421932' 'EPI_ISL_420624' 'EPI_ISL_420620'
 'EPI_ISL_420609' 'EPI_ISL_420611' 'EPI_ISL_420619' 'EPI_ISL_420598'
 'EPI_ISL_420605' 'EPI_ISL_451091' 'EPI_ISL_434889' 'EPI_ISL_451087'
 'EPI_ISL_451084' 'EPI_ISL_455978' 'EPI_ISL_439246' 'EPI_ISL_453745'
 'EPI_ISL_453760' 'EPI_ISL_439159' 'EPI_ISL_432762' 'EPI_ISL_434503'
 'EPI_ISL_434493' 'EPI_ISL_442479' 'EPI_ISL_427379' 'EPI_ISL_427385'
 'EPI_ISL_432478' 'EPI_ISL_424658' 'EPI_ISL_424652' 'EPI_ISL_424655'
 'EPI_ISL_424644' 'EPI_ISL_424642' 'EPI_ISL_424650' 'EPI_ISL_424633'
 'EPI_ISL_424640' 'EPI_ISL_428944' 'EPI_ISL_421204' 'EPI_ISL_423583'
 'EPI_ISL_433499' 'EPI_ISL_429571' 'EPI_ISL_435421' 'EPI_ISL_428359'
 'EPI_ISL_443301' 'EPI_ISL_421512' 'EPI_ISL_428352' 'EPI_ISL_432864'
 'EPI_ISL_419182' 'EPI_ISL_419185' 'EPI_ISL_419186' 'EPI_ISL_420063'
 'EPI_ISL_425899' 'EPI_ISL_419170' 'EPI_ISL_443310' 'EPI_ISL_417526'
 'EPI_ISL_420044' 'EPI_ISL_418423' 'EPI_ISL_418427' 'EPI_ISL_421750'
 'EPI_ISL_418422' 'EPI_ISL_418424' 'EPI_ISL_447136' 'EPI_ISL_417437'
 'EPI_ISL_420038' 'EPI_ISL_420046' 'EPI_ISL_420055' 'EPI_ISL_421738'
 'EPI_ISL_421752' 'EPI_ISL_421753' 'EPI_ISL_418417' 'EPI_ISL_418240'
 'EPI_ISL_420040' 'EPI_ISL_419587' 'EPI_ISL_416499' 'EPI_ISL_417339'
 'EPI_ISL_419578' 'EPI_ISL_417337' 'EPI_ISL_416754' 'EPI_ISL_416756'
 'EPI_ISL_415651' 'EPI_ISL_415652' 'EPI_ISL_416751' 'EPI_ISL_417334'
 'EPI_ISL_416747' 'EPI_ISL_416749' 'EPI_ISL_416752' 'MT451041.1'
 'MT451177.1' 'MT451179.1' 'MT451194.1' 'EPI_ISL_445282' 'EPI_ISL_445311'
 'EPI_ISL_452223' 'EPI_ISL_429115' 'EPI_ISL_415704' 'EPI_ISL_429212'
 'EPI_ISL_415706' 'EPI_ISL_429208' 'EPI_ISL_429196' 'EPI_ISL_415705'
 'EPI_ISL_429211' 'EPI_ISL_415707' 'EPI_ISL_421453']",1,0.001327564262805766
3037(SNP:C->T);14408(SNP:C->T);15324(SNP:C->T);17410(SNP:C->T);23403(SNP:A->G),2020-04-29,['EPI_ISL_433407'],B.1,United Kingdom,"['EPI_ISL_416493' 'EPI_ISL_417946' 'EPI_ISL_417947' 'EPI_ISL_418024'
 'EPI_ISL_418230' 'EPI_ISL_418231' 'EPI_ISL_418234' 'EPI_ISL_418628'
 'EPI_ISL_418632' 'EPI_ISL_418634' 'EPI_ISL_418635' 'EPI_ISL_418648'
 'EPI_ISL_418657' 'EPI_ISL_418659' 'EPI_ISL_418795' 'EPI_ISL_419593'
 'EPI_ISL_420035' 'EPI_ISL_420039' 'EPI_ISL_420083' 'EPI_ISL_420365'
 'EPI_ISL_420368' 'EPI_ISL_420373' 'EPI_ISL_420380' 'EPI_ISL_420382'
 'EPI_ISL_420384' 'EPI_ISL_420389' 'EPI_ISL_420390' 'EPI_ISL_420395'
 'EPI_ISL_420396' 'EPI_ISL_420397' 'EPI_ISL_420427' 'EPI_ISL_420432'
 'EPI_ISL_420434' 'EPI_ISL_420440' 'EPI_ISL_420452' 'EPI_ISL_421508'
 'EPI_ISL_421745' 'EPI_ISL_421746' 'MT320538.2' 'EPI_ISL_427394'
 'EPI_ISL_428890' 'EPI_ISL_429724' 'EPI_ISL_429766' 'EPI_ISL_429782'
 'EPI_ISL_434621' 'EPI_ISL_434622' 'EPI_ISL_434623' 'EPI_ISL_434624'
 'EPI_ISL_434625' 'EPI_ISL_434631' 'EPI_ISL_434632' 'EPI_ISL_434633'
 'EPI_ISL_434634' 'EPI_ISL_435032' 'EPI_ISL_433646' 'EPI_ISL_437348'
 'EPI_ISL_437350' 'FR994049.1' 'EPI_ISL_443291' 'EPI_ISL_444969'
 'EPI_ISL_445069' 'MT358643.1' 'MT470101.1' 'MT470102.1' 'MT470106.1'
 'MT470110.1' 'MT470113.1' 'MT470114.1' 'MT470118.1' 'MT470124.1'
 'MT470133.1' 'MT470136.1' 'MT470138.1' 'MT470140.1' 'MT470143.1'
 'MT470148.1' 'MT470155.1' 'MT470162.1' 'MT470164.1' 'MT470165.1'
 'MT470167.1' 'MT470173.1' 'MT470176.1' 'EPI_ISL_445216' 'EPI_ISL_445272'
 'EPI_ISL_450519' 'LR824235.1' 'LR824247.1' 'LR824250.1' 'LR824268.1'
 'LR824263.1' 'LR824266.1' 'LR824283.1' 'LR824301.1' 'LR824326.1'
 'LR824321.1' 'LR824318.1' 'LR824325.1' 'LR824342.1' 'LR824371.1'
 'LR824381.1' 'LR824400.1' 'LR824409.1' 'LR824413.1' 'LR824414.1'
 'EPI_ISL_451935' 'EPI_ISL_452148' 'EPI_ISL_452151' 'EPI_ISL_452152'
 'EPI_ISL_453982' 'EPI_ISL_457974' 'NMDC60013159' 'NMDC60013162'
 'NMDC60013163' 'NMDC60013164' 'NMDC60013165' 'NMDC60013166'
 'NMDC60013167' 'NMDC60013168' 'NMDC60013169' 'NMDC60013170'
 'NMDC60013171' 'NMDC60013172' 'NMDC60013173' 'NMDC60013174'
 'NMDC60013175' 'NMDC60013176' 'NMDC60013177' 'NMDC60013184'
 'NMDC60013186' 'NMDC60013188' 'NMDC60013189' 'NMDC60013190'
 'NMDC60013191' 'NMDC60013192' 'NMDC60013193' 'NMDC60013194'
 'NMDC60013195' 'NMDC60013196' 'NMDC60013197' 'NMDC60013198'
 'NMDC60013199' 'NMDC60013239' 'NMDC60013240' 'NMDC60013242' 'LR794385.1'
 'LR794405.1' 'LR794433.1' 'LR794462.1' 'LR794514.1' 'LR794519.1'
 'LR794530.1' 'LR794549.1' 'LR794564.1' 'LR794619.1' 'LR794620.1'
 'LR794650.1' 'EPI_ISL_421932' 'EPI_ISL_420624' 'EPI_ISL_420620'
 'EPI_ISL_420609' 'EPI_ISL_420611' 'EPI_ISL_420619' 'EPI_ISL_420598'
 'EPI_ISL_420605' 'EPI_ISL_451091' 'EPI_ISL_434889' 'EPI_ISL_451087'
 'EPI_ISL_451084' 'EPI_ISL_455978' 'EPI_ISL_439246' 'EPI_ISL_453745'
 'EPI_ISL_453760' 'EPI_ISL_439159' 'EPI_ISL_432762' 'EPI_ISL_434503'
 'EPI_ISL_434493' 'EPI_ISL_442479' 'EPI_ISL_427379' 'EPI_ISL_427385'
 'EPI_ISL_432478' 'EPI_ISL_424658' 'EPI_ISL_424652' 'EPI_ISL_424655'
 'EPI_ISL_424644' 'EPI_ISL_424642' 'EPI_ISL_424650' 'EPI_ISL_424633'
 'EPI_ISL_424640' 'EPI_ISL_428944' 'EPI_ISL_421204' 'EPI_ISL_423583'
 'EPI_ISL_433499' 'EPI_ISL_429571' 'EPI_ISL_435421' 'EPI_ISL_428359'
 'EPI_ISL_443301' 'EPI_ISL_421512' 'EPI_ISL_428352' 'EPI_ISL_432864'
 'EPI_ISL_419182' 'EPI_ISL_419185' 'EPI_ISL_419186' 'EPI_ISL_420063'
 'EPI_ISL_425899' 'EPI_ISL_419170' 'EPI_ISL_443310' 'EPI_ISL_417526'
 'EPI_ISL_420044' 'EPI_ISL_418423' 'EPI_ISL_418427' 'EPI_ISL_421750'
 'EPI_ISL_418422' 'EPI_ISL_418424' 'EPI_ISL_447136' 'EPI_ISL_417437'
 'EPI_ISL_420038' 'EPI_ISL_420046' 'EPI_ISL_420055' 'EPI_ISL_421738'
 'EPI_ISL_421752' 'EPI_ISL_421753' 'EPI_ISL_418417' 'EPI_ISL_418240'
 'EPI_ISL_420040' 'EPI_ISL_419587' 'EPI_ISL_416499' 'EPI_ISL_417339'
 'EPI_ISL_419578' 'EPI_ISL_417337' 'EPI_ISL_416754' 'EPI_ISL_416756'
 'EPI_ISL_415651' 'EPI_ISL_415652' 'EPI_ISL_416751' 'EPI_ISL_417334'
 'EPI_ISL_416747' 'EPI_ISL_416749' 'EPI_ISL_416752' 'MT451041.1'
 'MT451177.1' 'MT451179.1' 'MT451194.1' 'EPI_ISL_445282' 'EPI_ISL_445311'
 'EPI_ISL_452223' 'EPI_ISL_429115' 'EPI_ISL_415704' 'EPI_ISL_429212'
 'EPI_ISL_415706' 'EPI_ISL_429208' 'EPI_ISL_429196' 'EPI_ISL_415705'
 'EPI_ISL_429211' 'EPI_ISL_415707' 'EPI_ISL_421453']",1,0.001327564262805766
761(SNP:A->G);3037(SNP:C->T);14408(SNP:C->T);15324(SNP:C->T);23403(SNP:A->G),2020-04-29,['EPI_ISL_433584'],B.1,United Kingdom,"['EPI_ISL_416493' 'EPI_ISL_417946' 'EPI_ISL_417947' 'EPI_ISL_418024'
 'EPI_ISL_418230' 'EPI_ISL_418231' 'EPI_ISL_418234' 'EPI_ISL_418628'
 'EPI_ISL_418632' 'EPI_ISL_418634' 'EPI_ISL_418635' 'EPI_ISL_418648'
 'EPI_ISL_418657' 'EPI_ISL_418659' 'EPI_ISL_418795' 'EPI_ISL_419593'
 'EPI_ISL_420035' 'EPI_ISL_420039' 'EPI_ISL_420083' 'EPI_ISL_420365'
 'EPI_ISL_420368' 'EPI_ISL_420373' 'EPI_ISL_420380' 'EPI_ISL_420382'
 'EPI_ISL_420384' 'EPI_ISL_420389' 'EPI_ISL_420390' 'EPI_ISL_420395'
 'EPI_ISL_420396' 'EPI_ISL_420397' 'EPI_ISL_420427' 'EPI_ISL_420432'
 'EPI_ISL_420434' 'EPI_ISL_420440' 'EPI_ISL_420452' 'EPI_ISL_421508'
 'EPI_ISL_421745' 'EPI_ISL_421746' 'MT320538.2' 'EPI_ISL_427394'
 'EPI_ISL_428890' 'EPI_ISL_429724' 'EPI_ISL_429766' 'EPI_ISL_429782'
 'EPI_ISL_434621' 'EPI_ISL_434622' 'EPI_ISL_434623' 'EPI_ISL_434624'
 'EPI_ISL_434625' 'EPI_ISL_434631' 'EPI_ISL_434632' 'EPI_ISL_434633'
 'EPI_ISL_434634' 'EPI_ISL_435032' 'EPI_ISL_433646' 'EPI_ISL_437348'
 'EPI_ISL_437350' 'FR994049.1' 'EPI_ISL_443291' 'EPI_ISL_444969'
 'EPI_ISL_445069' 'MT358643.1' 'MT470101.1' 'MT470102.1' 'MT470106.1'
 'MT470110.1' 'MT470113.1' 'MT470114.1' 'MT470118.1' 'MT470124.1'
 'MT470133.1' 'MT470136.1' 'MT470138.1' 'MT470140.1' 'MT470143.1'
 'MT470148.1' 'MT470155.1' 'MT470162.1' 'MT470164.1' 'MT470165.1'
 'MT470167.1' 'MT470173.1' 'MT470176.1' 'EPI_ISL_445216' 'EPI_ISL_445272'
 'EPI_ISL_450519' 'LR824235.1' 'LR824247.1' 'LR824250.1' 'LR824268.1'
 'LR824263.1' 'LR824266.1' 'LR824283.1' 'LR824301.1' 'LR824326.1'
 'LR824321.1' 'LR824318.1' 'LR824325.1' 'LR824342.1' 'LR824371.1'
 'LR824381.1' 'LR824400.1' 'LR824409.1' 'LR824413.1' 'LR824414.1'
 'EPI_ISL_451935' 'EPI_ISL_452148' 'EPI_ISL_452151' 'EPI_ISL_452152'
 'EPI_ISL_453982' 'EPI_ISL_457974' 'NMDC60013159' 'NMDC60013162'
 'NMDC60013163' 'NMDC60013164' 'NMDC60013165' 'NMDC60013166'
 'NMDC60013167' 'NMDC60013168' 'NMDC60013169' 'NMDC60013170'
 'NMDC60013171' 'NMDC60013172' 'NMDC60013173' 'NMDC60013174'
 'NMDC60013175' 'NMDC60013176' 'NMDC60013177' 'NMDC60013184'
 'NMDC60013186' 'NMDC60013188' 'NMDC60013189' 'NMDC60013190'
 'NMDC60013191' 'NMDC60013192' 'NMDC60013193' 'NMDC60013194'
 'NMDC60013195' 'NMDC60013196' 'NMDC60013197' 'NMDC60013198'
 'NMDC60013199' 'NMDC60013239' 'NMDC60013240' 'NMDC60013242' 'LR794385.1'
 'LR794405.1' 'LR794433.1' 'LR794462.1' 'LR794514.1' 'LR794519.1'
 'LR794530.1' 'LR794549.1' 'LR794564.1' 'LR794619.1' 'LR794620.1'
 'LR794650.1' 'EPI_ISL_421932' 'EPI_ISL_420624' 'EPI_ISL_420620'
 'EPI_ISL_420609' 'EPI_ISL_420611' 'EPI_ISL_420619' 'EPI_ISL_420598'
 'EPI_ISL_420605' 'EPI_ISL_451091' 'EPI_ISL_434889' 'EPI_ISL_451087'
 'EPI_ISL_451084' 'EPI_ISL_455978' 'EPI_ISL_439246' 'EPI_ISL_453745'
 'EPI_ISL_453760' 'EPI_ISL_439159' 'EPI_ISL_432762' 'EPI_ISL_434503'
 'EPI_ISL_434493' 'EPI_ISL_442479' 'EPI_ISL_427379' 'EPI_ISL_427385'
 'EPI_ISL_432478' 'EPI_ISL_424658' 'EPI_ISL_424652' 'EPI_ISL_424655'
 'EPI_ISL_424644' 'EPI_ISL_424642' 'EPI_ISL_424650' 'EPI_ISL_424633'
 'EPI_ISL_424640' 'EPI_ISL_428944' 'EPI_ISL_421204' 'EPI_ISL_423583'
 'EPI_ISL_433499' 'EPI_ISL_429571' 'EPI_ISL_435421' 'EPI_ISL_428359'
 'EPI_ISL_443301' 'EPI_ISL_421512' 'EPI_ISL_428352' 'EPI_ISL_432864'
 'EPI_ISL_419182' 'EPI_ISL_419185' 'EPI_ISL_419186' 'EPI_ISL_420063'
 'EPI_ISL_425899' 'EPI_ISL_419170' 'EPI_ISL_443310' 'EPI_ISL_417526'
 'EPI_ISL_420044' 'EPI_ISL_418423' 'EPI_ISL_418427' 'EPI_ISL_421750'
 'EPI_ISL_418422' 'EPI_ISL_418424' 'EPI_ISL_447136' 'EPI_ISL_417437'
 'EPI_ISL_420038' 'EPI_ISL_420046' 'EPI_ISL_420055' 'EPI_ISL_421738'
 'EPI_ISL_421752' 'EPI_ISL_421753' 'EPI_ISL_418417' 'EPI_ISL_418240'
 'EPI_ISL_420040' 'EPI_ISL_419587' 'EPI_ISL_416499' 'EPI_ISL_417339'
 'EPI_ISL_419578' 'EPI_ISL_417337' 'EPI_ISL_416754' 'EPI_ISL_416756'
 'EPI_ISL_415651' 'EPI_ISL_415652' 'EPI_ISL_416751' 'EPI_ISL_417334'
 'EPI_ISL_416747' 'EPI_ISL_416749' 'EPI_ISL_416752' 'MT451041.1'
 'MT451177.1' 'MT451179.1' 'MT451194.1' 'EPI_ISL_445282' 'EPI_ISL_445311'
 'EPI_ISL_452223' 'EPI_ISL_429115' 'EPI_ISL_415704' 'EPI_ISL_429212'
 'EPI_ISL_415706' 'EPI_ISL_429208' 'EPI_ISL_429196' 'EPI_ISL_415705'
 'EPI_ISL_429211' 'EPI_ISL_415707' 'EPI_ISL_421453']",1,0.001327564262805766
3037(SNP:C->T);14408(SNP:C->T);14937(SNP:C->T);15324(SNP:C->T);23403(SNP:A->G),2020-05-04,['EPI_ISL_435429'],B.1,Hungary,"['EPI_ISL_416493' 'EPI_ISL_417946' 'EPI_ISL_417947' 'EPI_ISL_418024'
 'EPI_ISL_418230' 'EPI_ISL_418231' 'EPI_ISL_418234' 'EPI_ISL_418628'
 'EPI_ISL_418632' 'EPI_ISL_418634' 'EPI_ISL_418635' 'EPI_ISL_418648'
 'EPI_ISL_418657' 'EPI_ISL_418659' 'EPI_ISL_418795' 'EPI_ISL_419593'
 'EPI_ISL_420035' 'EPI_ISL_420039' 'EPI_ISL_420083' 'EPI_ISL_420365'
 'EPI_ISL_420368' 'EPI_ISL_420373' 'EPI_ISL_420380' 'EPI_ISL_420382'
 'EPI_ISL_420384' 'EPI_ISL_420389' 'EPI_ISL_420390' 'EPI_ISL_420395'
 'EPI_ISL_420396' 'EPI_ISL_420397' 'EPI_ISL_420427' 'EPI_ISL_420432'
 'EPI_ISL_420434' 'EPI_ISL_420440' 'EPI_ISL_420452' 'EPI_ISL_421508'
 'EPI_ISL_421745' 'EPI_ISL_421746' 'MT320538.2' 'EPI_ISL_427394'
 'EPI_ISL_428890' 'EPI_ISL_429724' 'EPI_ISL_429766' 'EPI_ISL_429782'
 'EPI_ISL_434621' 'EPI_ISL_434622' 'EPI_ISL_434623' 'EPI_ISL_434624'
 'EPI_ISL_434625' 'EPI_ISL_434631' 'EPI_ISL_434632' 'EPI_ISL_434633'
 'EPI_ISL_434634' 'EPI_ISL_435032' 'EPI_ISL_433646' 'EPI_ISL_437348'
 'EPI_ISL_437350' 'FR994049.1' 'EPI_ISL_443291' 'EPI_ISL_444969'
 'EPI_ISL_445069' 'MT358643.1' 'MT470101.1' 'MT470102.1' 'MT470106.1'
 'MT470110.1' 'MT470113.1' 'MT470114.1' 'MT470118.1' 'MT470124.1'
 'MT470133.1' 'MT470136.1' 'MT470138.1' 'MT470140.1' 'MT470143.1'
 'MT470148.1' 'MT470155.1' 'MT470162.1' 'MT470164.1' 'MT470165.1'
 'MT470167.1' 'MT470173.1' 'MT470176.1' 'EPI_ISL_445216' 'EPI_ISL_445272'
 'EPI_ISL_450519' 'LR824235.1' 'LR824247.1' 'LR824250.1' 'LR824268.1'
 'LR824263.1' 'LR824266.1' 'LR824283.1' 'LR824301.1' 'LR824326.1'
 'LR824321.1' 'LR824318.1' 'LR824325.1' 'LR824342.1' 'LR824371.1'
 'LR824381.1' 'LR824400.1' 'LR824409.1' 'LR824413.1' 'LR824414.1'
 'EPI_ISL_451935' 'EPI_ISL_452148' 'EPI_ISL_452151' 'EPI_ISL_452152'
 'EPI_ISL_453982' 'EPI_ISL_457974' 'NMDC60013159' 'NMDC60013162'
 'NMDC60013163' 'NMDC60013164' 'NMDC60013165' 'NMDC60013166'
 'NMDC60013167' 'NMDC60013168' 'NMDC60013169' 'NMDC60013170'
 'NMDC60013171' 'NMDC60013172' 'NMDC60013173' 'NMDC60013174'
 'NMDC60013175' 'NMDC60013176' 'NMDC60013177' 'NMDC60013184'
 'NMDC60013186' 'NMDC60013188' 'NMDC60013189' 'NMDC60013190'
 'NMDC60013191' 'NMDC60013192' 'NMDC60013193' 'NMDC60013194'
 'NMDC60013195' 'NMDC60013196' 'NMDC60013197' 'NMDC60013198'
 'NMDC60013199' 'NMDC60013239' 'NMDC60013240' 'NMDC60013242' 'LR794385.1'
 'LR794405.1' 'LR794433.1' 'LR794462.1' 'LR794514.1' 'LR794519.1'
 'LR794530.1' 'LR794549.1' 'LR794564.1' 'LR794619.1' 'LR794620.1'
 'LR794650.1' 'EPI_ISL_421932' 'EPI_ISL_420624' 'EPI_ISL_420620'
 'EPI_ISL_420609' 'EPI_ISL_420611' 'EPI_ISL_420619' 'EPI_ISL_420598'
 'EPI_ISL_420605' 'EPI_ISL_451091' 'EPI_ISL_434889' 'EPI_ISL_451087'
 'EPI_ISL_451084' 'EPI_ISL_455978' 'EPI_ISL_439246' 'EPI_ISL_453745'
 'EPI_ISL_453760' 'EPI_ISL_439159' 'EPI_ISL_432762' 'EPI_ISL_434503'
 'EPI_ISL_434493' 'EPI_ISL_442479' 'EPI_ISL_427379' 'EPI_ISL_427385'
 'EPI_ISL_432478' 'EPI_ISL_424658' 'EPI_ISL_424652' 'EPI_ISL_424655'
 'EPI_ISL_424644' 'EPI_ISL_424642' 'EPI_ISL_424650' 'EPI_ISL_424633'
 'EPI_ISL_424640' 'EPI_ISL_428944' 'EPI_ISL_421204' 'EPI_ISL_423583'
 'EPI_ISL_433499' 'EPI_ISL_429571' 'EPI_ISL_435421' 'EPI_ISL_428359'
 'EPI_ISL_443301' 'EPI_ISL_421512' 'EPI_ISL_428352' 'EPI_ISL_432864'
 'EPI_ISL_419182' 'EPI_ISL_419185' 'EPI_ISL_419186' 'EPI_ISL_420063'
 'EPI_ISL_425899' 'EPI_ISL_419170' 'EPI_ISL_443310' 'EPI_ISL_417526'
 'EPI_ISL_420044' 'EPI_ISL_418423' 'EPI_ISL_418427' 'EPI_ISL_421750'
 'EPI_ISL_418422' 'EPI_ISL_418424' 'EPI_ISL_447136' 'EPI_ISL_417437'
 'EPI_ISL_420038' 'EPI_ISL_420046' 'EPI_ISL_420055' 'EPI_ISL_421738'
 'EPI_ISL_421752' 'EPI_ISL_421753' 'EPI_ISL_418417' 'EPI_ISL_418240'
 'EPI_ISL_420040' 'EPI_ISL_419587' 'EPI_ISL_416499' 'EPI_ISL_417339'
 'EPI_ISL_419578' 'EPI_ISL_417337' 'EPI_ISL_416754' 'EPI_ISL_416756'
 'EPI_ISL_415651' 'EPI_ISL_415652' 'EPI_ISL_416751' 'EPI_ISL_417334'
 'EPI_ISL_416747' 'EPI_ISL_416749' 'EPI_ISL_416752' 'MT451041.1'
 'MT451177.1' 'MT451179.1' 'MT451194.1' 'EPI_ISL_445282' 'EPI_ISL_445311'
 'EPI_ISL_452223' 'EPI_ISL_429115' 'EPI_ISL_415704' 'EPI_ISL_429212'
 'EPI_ISL_415706' 'EPI_ISL_429208' 'EPI_ISL_429196' 'EPI_ISL_415705'
 'EPI_ISL_429211' 'EPI_ISL_415707' 'EPI_ISL_421453']",1,0.001327564262805766
3037(SNP:C->T);10188(SNP:C->T);14408(SNP:C->T);15324(SNP:C->T);23403(SNP:A->G),2020-05-06,['EPI_ISL_436106'],B.1,China,"['EPI_ISL_416493' 'EPI_ISL_417946' 'EPI_ISL_417947' 'EPI_ISL_418024'
 'EPI_ISL_418230' 'EPI_ISL_418231' 'EPI_ISL_418234' 'EPI_ISL_418628'
 'EPI_ISL_418632' 'EPI_ISL_418634' 'EPI_ISL_418635' 'EPI_ISL_418648'
 'EPI_ISL_418657' 'EPI_ISL_418659' 'EPI_ISL_418795' 'EPI_ISL_419593'
 'EPI_ISL_420035' 'EPI_ISL_420039' 'EPI_ISL_420083' 'EPI_ISL_420365'
 'EPI_ISL_420368' 'EPI_ISL_420373' 'EPI_ISL_420380' 'EPI_ISL_420382'
 'EPI_ISL_420384' 'EPI_ISL_420389' 'EPI_ISL_420390' 'EPI_ISL_420395'
 'EPI_ISL_420396' 'EPI_ISL_420397' 'EPI_ISL_420427' 'EPI_ISL_420432'
 'EPI_ISL_420434' 'EPI_ISL_420440' 'EPI_ISL_420452' 'EPI_ISL_421508'
 'EPI_ISL_421745' 'EPI_ISL_421746' 'MT320538.2' 'EPI_ISL_427394'
 'EPI_ISL_428890' 'EPI_ISL_429724' 'EPI_ISL_429766' 'EPI_ISL_429782'
 'EPI_ISL_434621' 'EPI_ISL_434622' 'EPI_ISL_434623' 'EPI_ISL_434624'
 'EPI_ISL_434625' 'EPI_ISL_434631' 'EPI_ISL_434632' 'EPI_ISL_434633'
 'EPI_ISL_434634' 'EPI_ISL_435032' 'EPI_ISL_433646' 'EPI_ISL_437348'
 'EPI_ISL_437350' 'FR994049.1' 'EPI_ISL_443291' 'EPI_ISL_444969'
 'EPI_ISL_445069' 'MT358643.1' 'MT470101.1' 'MT470102.1' 'MT470106.1'
 'MT470110.1' 'MT470113.1' 'MT470114.1' 'MT470118.1' 'MT470124.1'
 'MT470133.1' 'MT470136.1' 'MT470138.1' 'MT470140.1' 'MT470143.1'
 'MT470148.1' 'MT470155.1' 'MT470162.1' 'MT470164.1' 'MT470165.1'
 'MT470167.1' 'MT470173.1' 'MT470176.1' 'EPI_ISL_445216' 'EPI_ISL_445272'
 'EPI_ISL_450519' 'LR824235.1' 'LR824247.1' 'LR824250.1' 'LR824268.1'
 'LR824263.1' 'LR824266.1' 'LR824283.1' 'LR824301.1' 'LR824326.1'
 'LR824321.1' 'LR824318.1' 'LR824325.1' 'LR824342.1' 'LR824371.1'
 'LR824381.1' 'LR824400.1' 'LR824409.1' 'LR824413.1' 'LR824414.1'
 'EPI_ISL_451935' 'EPI_ISL_452148' 'EPI_ISL_452151' 'EPI_ISL_452152'
 'EPI_ISL_453982' 'EPI_ISL_457974' 'NMDC60013159' 'NMDC60013162'
 'NMDC60013163' 'NMDC60013164' 'NMDC60013165' 'NMDC60013166'
 'NMDC60013167' 'NMDC60013168' 'NMDC60013169' 'NMDC60013170'
 'NMDC60013171' 'NMDC60013172' 'NMDC60013173' 'NMDC60013174'
 'NMDC60013175' 'NMDC60013176' 'NMDC60013177' 'NMDC60013184'
 'NMDC60013186' 'NMDC60013188' 'NMDC60013189' 'NMDC60013190'
 'NMDC60013191' 'NMDC60013192' 'NMDC60013193' 'NMDC60013194'
 'NMDC60013195' 'NMDC60013196' 'NMDC60013197' 'NMDC60013198'
 'NMDC60013199' 'NMDC60013239' 'NMDC60013240' 'NMDC60013242' 'LR794385.1'
 'LR794405.1' 'LR794433.1' 'LR794462.1' 'LR794514.1' 'LR794519.1'
 'LR794530.1' 'LR794549.1' 'LR794564.1' 'LR794619.1' 'LR794620.1'
 'LR794650.1' 'EPI_ISL_421932' 'EPI_ISL_420624' 'EPI_ISL_420620'
 'EPI_ISL_420609' 'EPI_ISL_420611' 'EPI_ISL_420619' 'EPI_ISL_420598'
 'EPI_ISL_420605' 'EPI_ISL_451091' 'EPI_ISL_434889' 'EPI_ISL_451087'
 'EPI_ISL_451084' 'EPI_ISL_455978' 'EPI_ISL_439246' 'EPI_ISL_453745'
 'EPI_ISL_453760' 'EPI_ISL_439159' 'EPI_ISL_432762' 'EPI_ISL_434503'
 'EPI_ISL_434493' 'EPI_ISL_442479' 'EPI_ISL_427379' 'EPI_ISL_427385'
 'EPI_ISL_432478' 'EPI_ISL_424658' 'EPI_ISL_424652' 'EPI_ISL_424655'
 'EPI_ISL_424644' 'EPI_ISL_424642' 'EPI_ISL_424650' 'EPI_ISL_424633'
 'EPI_ISL_424640' 'EPI_ISL_428944' 'EPI_ISL_421204' 'EPI_ISL_423583'
 'EPI_ISL_433499' 'EPI_ISL_429571' 'EPI_ISL_435421' 'EPI_ISL_428359'
 'EPI_ISL_443301' 'EPI_ISL_421512' 'EPI_ISL_428352' 'EPI_ISL_432864'
 'EPI_ISL_419182' 'EPI_ISL_419185' 'EPI_ISL_419186' 'EPI_ISL_420063'
 'EPI_ISL_425899' 'EPI_ISL_419170' 'EPI_ISL_443310' 'EPI_ISL_417526'
 'EPI_ISL_420044' 'EPI_ISL_418423' 'EPI_ISL_418427' 'EPI_ISL_421750'
 'EPI_ISL_418422' 'EPI_ISL_418424' 'EPI_ISL_447136' 'EPI_ISL_417437'
 'EPI_ISL_420038' 'EPI_ISL_420046' 'EPI_ISL_420055' 'EPI_ISL_421738'
 'EPI_ISL_421752' 'EPI_ISL_421753' 'EPI_ISL_418417' 'EPI_ISL_418240'
 'EPI_ISL_420040' 'EPI_ISL_419587' 'EPI_ISL_416499' 'EPI_ISL_417339'
 'EPI_ISL_419578' 'EPI_ISL_417337' 'EPI_ISL_416754' 'EPI_ISL_416756'
 'EPI_ISL_415651' 'EPI_ISL_415652' 'EPI_ISL_416751' 'EPI_ISL_417334'
 'EPI_ISL_416747' 'EPI_ISL_416749' 'EPI_ISL_416752' 'MT451041.1'
 'MT451177.1' 'MT451179.1' 'MT451194.1' 'EPI_ISL_445282' 'EPI_ISL_445311'
 'EPI_ISL_452223' 'EPI_ISL_429115' 'EPI_ISL_415704' 'EPI_ISL_429212'
 'EPI_ISL_415706' 'EPI_ISL_429208' 'EPI_ISL_429196' 'EPI_ISL_415705'
 'EPI_ISL_429211' 'EPI_ISL_415707' 'EPI_ISL_421453']",1,0.001327564262805766
3037(SNP:C->T);14408(SNP:C->T);15324(SNP:C->T);23403(SNP:A->G);28957(SNP:C->T),2020-05-08,['EPI_ISL_437241'],B.1.220,Germany,"['EPI_ISL_416493' 'EPI_ISL_417946' 'EPI_ISL_417947' 'EPI_ISL_418024'
 'EPI_ISL_418230' 'EPI_ISL_418231' 'EPI_ISL_418234' 'EPI_ISL_418628'
 'EPI_ISL_418632' 'EPI_ISL_418634' 'EPI_ISL_418635' 'EPI_ISL_418648'
 'EPI_ISL_418657' 'EPI_ISL_418659' 'EPI_ISL_418795' 'EPI_ISL_419593'
 'EPI_ISL_420035' 'EPI_ISL_420039' 'EPI_ISL_420083' 'EPI_ISL_420365'
 'EPI_ISL_420368' 'EPI_ISL_420373' 'EPI_ISL_420380' 'EPI_ISL_420382'
 'EPI_ISL_420384' 'EPI_ISL_420389' 'EPI_ISL_420390' 'EPI_ISL_420395'
 'EPI_ISL_420396' 'EPI_ISL_420397' 'EPI_ISL_420427' 'EPI_ISL_420432'
 'EPI_ISL_420434' 'EPI_ISL_420440' 'EPI_ISL_420452' 'EPI_ISL_421508'
 'EPI_ISL_421745' 'EPI_ISL_421746' 'MT320538.2' 'EPI_ISL_427394'
 'EPI_ISL_428890' 'EPI_ISL_429724' 'EPI_ISL_429766' 'EPI_ISL_429782'
 'EPI_ISL_434621' 'EPI_ISL_434622' 'EPI_ISL_434623' 'EPI_ISL_434624'
 'EPI_ISL_434625' 'EPI_ISL_434631' 'EPI_ISL_434632' 'EPI_ISL_434633'
 'EPI_ISL_434634' 'EPI_ISL_435032' 'EPI_ISL_433646' 'EPI_ISL_437348'
 'EPI_ISL_437350' 'FR994049.1' 'EPI_ISL_443291' 'EPI_ISL_444969'
 'EPI_ISL_445069' 'MT358643.1' 'MT470101.1' 'MT470102.1' 'MT470106.1'
 'MT470110.1' 'MT470113.1' 'MT470114.1' 'MT470118.1' 'MT470124.1'
 'MT470133.1' 'MT470136.1' 'MT470138.1' 'MT470140.1' 'MT470143.1'
 'MT470148.1' 'MT470155.1' 'MT470162.1' 'MT470164.1' 'MT470165.1'
 'MT470167.1' 'MT470173.1' 'MT470176.1' 'EPI_ISL_445216' 'EPI_ISL_445272'
 'EPI_ISL_450519' 'LR824235.1' 'LR824247.1' 'LR824250.1' 'LR824268.1'
 'LR824263.1' 'LR824266.1' 'LR824283.1' 'LR824301.1' 'LR824326.1'
 'LR824321.1' 'LR824318.1' 'LR824325.1' 'LR824342.1' 'LR824371.1'
 'LR824381.1' 'LR824400.1' 'LR824409.1' 'LR824413.1' 'LR824414.1'
 'EPI_ISL_451935' 'EPI_ISL_452148' 'EPI_ISL_452151' 'EPI_ISL_452152'
 'EPI_ISL_453982' 'EPI_ISL_457974' 'NMDC60013159' 'NMDC60013162'
 'NMDC60013163' 'NMDC60013164' 'NMDC60013165' 'NMDC60013166'
 'NMDC60013167' 'NMDC60013168' 'NMDC60013169' 'NMDC60013170'
 'NMDC60013171' 'NMDC60013172' 'NMDC60013173' 'NMDC60013174'
 'NMDC60013175' 'NMDC60013176' 'NMDC60013177' 'NMDC60013184'
 'NMDC60013186' 'NMDC60013188' 'NMDC60013189' 'NMDC60013190'
 'NMDC60013191' 'NMDC60013192' 'NMDC60013193' 'NMDC60013194'
 'NMDC60013195' 'NMDC60013196' 'NMDC60013197' 'NMDC60013198'
 'NMDC60013199' 'NMDC60013239' 'NMDC60013240' 'NMDC60013242' 'LR794385.1'
 'LR794405.1' 'LR794433.1' 'LR794462.1' 'LR794514.1' 'LR794519.1'
 'LR794530.1' 'LR794549.1' 'LR794564.1' 'LR794619.1' 'LR794620.1'
 'LR794650.1' 'EPI_ISL_421932' 'EPI_ISL_420624' 'EPI_ISL_420620'
 'EPI_ISL_420609' 'EPI_ISL_420611' 'EPI_ISL_420619' 'EPI_ISL_420598'
 'EPI_ISL_420605' 'EPI_ISL_451091' 'EPI_ISL_434889' 'EPI_ISL_451087'
 'EPI_ISL_451084' 'EPI_ISL_455978' 'EPI_ISL_439246' 'EPI_ISL_453745'
 'EPI_ISL_453760' 'EPI_ISL_439159' 'EPI_ISL_432762' 'EPI_ISL_434503'
 'EPI_ISL_434493' 'EPI_ISL_442479' 'EPI_ISL_427379' 'EPI_ISL_427385'
 'EPI_ISL_432478' 'EPI_ISL_424658' 'EPI_ISL_424652' 'EPI_ISL_424655'
 'EPI_ISL_424644' 'EPI_ISL_424642' 'EPI_ISL_424650' 'EPI_ISL_424633'
 'EPI_ISL_424640' 'EPI_ISL_428944' 'EPI_ISL_421204' 'EPI_ISL_423583'
 'EPI_ISL_433499' 'EPI_ISL_429571' 'EPI_ISL_435421' 'EPI_ISL_428359'
 'EPI_ISL_443301' 'EPI_ISL_421512' 'EPI_ISL_428352' 'EPI_ISL_432864'
 'EPI_ISL_419182' 'EPI_ISL_419185' 'EPI_ISL_419186' 'EPI_ISL_420063'
 'EPI_ISL_425899' 'EPI_ISL_419170' 'EPI_ISL_443310' 'EPI_ISL_417526'
 'EPI_ISL_420044' 'EPI_ISL_418423' 'EPI_ISL_418427' 'EPI_ISL_421750'
 'EPI_ISL_418422' 'EPI_ISL_418424' 'EPI_ISL_447136' 'EPI_ISL_417437'
 'EPI_ISL_420038' 'EPI_ISL_420046' 'EPI_ISL_420055' 'EPI_ISL_421738'
 'EPI_ISL_421752' 'EPI_ISL_421753' 'EPI_ISL_418417' 'EPI_ISL_418240'
 'EPI_ISL_420040' 'EPI_ISL_419587' 'EPI_ISL_416499' 'EPI_ISL_417339'
 'EPI_ISL_419578' 'EPI_ISL_417337' 'EPI_ISL_416754' 'EPI_ISL_416756'
 'EPI_ISL_415651' 'EPI_ISL_415652' 'EPI_ISL_416751' 'EPI_ISL_417334'
 'EPI_ISL_416747' 'EPI_ISL_416749' 'EPI_ISL_416752' 'MT451041.1'
 'MT451177.1' 'MT451179.1' 'MT451194.1' 'EPI_ISL_445282' 'EPI_ISL_445311'
 'EPI_ISL_452223' 'EPI_ISL_429115' 'EPI_ISL_415704' 'EPI_ISL_429212'
 'EPI_ISL_415706' 'EPI_ISL_429208' 'EPI_ISL_429196' 'EPI_ISL_415705'
 'EPI_ISL_429211' 'EPI_ISL_415707' 'EPI_ISL_421453']",1,0.001327564262805766
3037(SNP:C->T);14408(SNP:C->T);15324(SNP:C->T);23403(SNP:A->G);23557(SNP:C->T),2020-05-11,['MT451204.1'],B.1,Australia,"['EPI_ISL_416493' 'EPI_ISL_417946' 'EPI_ISL_417947' 'EPI_ISL_418024'
 'EPI_ISL_418230' 'EPI_ISL_418231' 'EPI_ISL_418234' 'EPI_ISL_418628'
 'EPI_ISL_418632' 'EPI_ISL_418634' 'EPI_ISL_418635' 'EPI_ISL_418648'
 'EPI_ISL_418657' 'EPI_ISL_418659' 'EPI_ISL_418795' 'EPI_ISL_419593'
 'EPI_ISL_420035' 'EPI_ISL_420039' 'EPI_ISL_420083' 'EPI_ISL_420365'
 'EPI_ISL_420368' 'EPI_ISL_420373' 'EPI_ISL_420380' 'EPI_ISL_420382'
 'EPI_ISL_420384' 'EPI_ISL_420389' 'EPI_ISL_420390' 'EPI_ISL_420395'
 'EPI_ISL_420396' 'EPI_ISL_420397' 'EPI_ISL_420427' 'EPI_ISL_420432'
 'EPI_ISL_420434' 'EPI_ISL_420440' 'EPI_ISL_420452' 'EPI_ISL_421508'
 'EPI_ISL_421745' 'EPI_ISL_421746' 'MT320538.2' 'EPI_ISL_427394'
 'EPI_ISL_428890' 'EPI_ISL_429724' 'EPI_ISL_429766' 'EPI_ISL_429782'
 'EPI_ISL_434621' 'EPI_ISL_434622' 'EPI_ISL_434623' 'EPI_ISL_434624'
 'EPI_ISL_434625' 'EPI_ISL_434631' 'EPI_ISL_434632' 'EPI_ISL_434633'
 'EPI_ISL_434634' 'EPI_ISL_435032' 'EPI_ISL_433646' 'EPI_ISL_437348'
 'EPI_ISL_437350' 'FR994049.1' 'EPI_ISL_443291' 'EPI_ISL_444969'
 'EPI_ISL_445069' 'MT358643.1' 'MT470101.1' 'MT470102.1' 'MT470106.1'
 'MT470110.1' 'MT470113.1' 'MT470114.1' 'MT470118.1' 'MT470124.1'
 'MT470133.1' 'MT470136.1' 'MT470138.1' 'MT470140.1' 'MT470143.1'
 'MT470148.1' 'MT470155.1' 'MT470162.1' 'MT470164.1' 'MT470165.1'
 'MT470167.1' 'MT470173.1' 'MT470176.1' 'EPI_ISL_445216' 'EPI_ISL_445272'
 'EPI_ISL_450519' 'LR824235.1' 'LR824247.1' 'LR824250.1' 'LR824268.1'
 'LR824263.1' 'LR824266.1' 'LR824283.1' 'LR824301.1' 'LR824326.1'
 'LR824321.1' 'LR824318.1' 'LR824325.1' 'LR824342.1' 'LR824371.1'
 'LR824381.1' 'LR824400.1' 'LR824409.1' 'LR824413.1' 'LR824414.1'
 'EPI_ISL_451935' 'EPI_ISL_452148' 'EPI_ISL_452151' 'EPI_ISL_452152'
 'EPI_ISL_453982' 'EPI_ISL_457974' 'NMDC60013159' 'NMDC60013162'
 'NMDC60013163' 'NMDC60013164' 'NMDC60013165' 'NMDC60013166'
 'NMDC60013167' 'NMDC60013168' 'NMDC60013169' 'NMDC60013170'
 'NMDC60013171' 'NMDC60013172' 'NMDC60013173' 'NMDC60013174'
 'NMDC60013175' 'NMDC60013176' 'NMDC60013177' 'NMDC60013184'
 'NMDC60013186' 'NMDC60013188' 'NMDC60013189' 'NMDC60013190'
 'NMDC60013191' 'NMDC60013192' 'NMDC60013193' 'NMDC60013194'
 'NMDC60013195' 'NMDC60013196' 'NMDC60013197' 'NMDC60013198'
 'NMDC60013199' 'NMDC60013239' 'NMDC60013240' 'NMDC60013242' 'LR794385.1'
 'LR794405.1' 'LR794433.1' 'LR794462.1' 'LR794514.1' 'LR794519.1'
 'LR794530.1' 'LR794549.1' 'LR794564.1' 'LR794619.1' 'LR794620.1'
 'LR794650.1' 'EPI_ISL_421932' 'EPI_ISL_420624' 'EPI_ISL_420620'
 'EPI_ISL_420609' 'EPI_ISL_420611' 'EPI_ISL_420619' 'EPI_ISL_420598'
 'EPI_ISL_420605' 'EPI_ISL_451091' 'EPI_ISL_434889' 'EPI_ISL_451087'
 'EPI_ISL_451084' 'EPI_ISL_455978' 'EPI_ISL_439246' 'EPI_ISL_453745'
 'EPI_ISL_453760' 'EPI_ISL_439159' 'EPI_ISL_432762' 'EPI_ISL_434503'
 'EPI_ISL_434493' 'EPI_ISL_442479' 'EPI_ISL_427379' 'EPI_ISL_427385'
 'EPI_ISL_432478' 'EPI_ISL_424658' 'EPI_ISL_424652' 'EPI_ISL_424655'
 'EPI_ISL_424644' 'EPI_ISL_424642' 'EPI_ISL_424650' 'EPI_ISL_424633'
 'EPI_ISL_424640' 'EPI_ISL_428944' 'EPI_ISL_421204' 'EPI_ISL_423583'
 'EPI_ISL_433499' 'EPI_ISL_429571' 'EPI_ISL_435421' 'EPI_ISL_428359'
 'EPI_ISL_443301' 'EPI_ISL_421512' 'EPI_ISL_428352' 'EPI_ISL_432864'
 'EPI_ISL_419182' 'EPI_ISL_419185' 'EPI_ISL_419186' 'EPI_ISL_420063'
 'EPI_ISL_425899' 'EPI_ISL_419170' 'EPI_ISL_443310' 'EPI_ISL_417526'
 'EPI_ISL_420044' 'EPI_ISL_418423' 'EPI_ISL_418427' 'EPI_ISL_421750'
 'EPI_ISL_418422' 'EPI_ISL_418424' 'EPI_ISL_447136' 'EPI_ISL_417437'
 'EPI_ISL_420038' 'EPI_ISL_420046' 'EPI_ISL_420055' 'EPI_ISL_421738'
 'EPI_ISL_421752' 'EPI_ISL_421753' 'EPI_ISL_418417' 'EPI_ISL_418240'
 'EPI_ISL_420040' 'EPI_ISL_419587' 'EPI_ISL_416499' 'EPI_ISL_417339'
 'EPI_ISL_419578' 'EPI_ISL_417337' 'EPI_ISL_416754' 'EPI_ISL_416756'
 'EPI_ISL_415651' 'EPI_ISL_415652' 'EPI_ISL_416751' 'EPI_ISL_417334'
 'EPI_ISL_416747' 'EPI_ISL_416749' 'EPI_ISL_416752' 'MT451041.1'
 'MT451177.1' 'MT451179.1' 'MT451194.1' 'EPI_ISL_445282' 'EPI_ISL_445311'
 'EPI_ISL_452223' 'EPI_ISL_429115' 'EPI_ISL_415704' 'EPI_ISL_429212'
 'EPI_ISL_415706' 'EPI_ISL_429208' 'EPI_ISL_429196' 'EPI_ISL_415705'
 'EPI_ISL_429211' 'EPI_ISL_415707' 'EPI_ISL_421453']",1,0.001327564262805766
3037(SNP:C->T);14408(SNP:C->T);15324(SNP:C->T);23403(SNP:A->G);25710(SNP:C->T),2020-05-11,['MT451180.1'],B.1,Australia,"['EPI_ISL_416493' 'EPI_ISL_417946' 'EPI_ISL_417947' 'EPI_ISL_418024'
 'EPI_ISL_418230' 'EPI_ISL_418231' 'EPI_ISL_418234' 'EPI_ISL_418628'
 'EPI_ISL_418632' 'EPI_ISL_418634' 'EPI_ISL_418635' 'EPI_ISL_418648'
 'EPI_ISL_418657' 'EPI_ISL_418659' 'EPI_ISL_418795' 'EPI_ISL_419593'
 'EPI_ISL_420035' 'EPI_ISL_420039' 'EPI_ISL_420083' 'EPI_ISL_420365'
 'EPI_ISL_420368' 'EPI_ISL_420373' 'EPI_ISL_420380' 'EPI_ISL_420382'
 'EPI_ISL_420384' 'EPI_ISL_420389' 'EPI_ISL_420390' 'EPI_ISL_420395'
 'EPI_ISL_420396' 'EPI_ISL_420397' 'EPI_ISL_420427' 'EPI_ISL_420432'
 'EPI_ISL_420434' 'EPI_ISL_420440' 'EPI_ISL_420452' 'EPI_ISL_421508'
 'EPI_ISL_421745' 'EPI_ISL_421746' 'MT320538.2' 'EPI_ISL_427394'
 'EPI_ISL_428890' 'EPI_ISL_429724' 'EPI_ISL_429766' 'EPI_ISL_429782'
 'EPI_ISL_434621' 'EPI_ISL_434622' 'EPI_ISL_434623' 'EPI_ISL_434624'
 'EPI_ISL_434625' 'EPI_ISL_434631' 'EPI_ISL_434632' 'EPI_ISL_434633'
 'EPI_ISL_434634' 'EPI_ISL_435032' 'EPI_ISL_433646' 'EPI_ISL_437348'
 'EPI_ISL_437350' 'FR994049.1' 'EPI_ISL_443291' 'EPI_ISL_444969'
 'EPI_ISL_445069' 'MT358643.1' 'MT470101.1' 'MT470102.1' 'MT470106.1'
 'MT470110.1' 'MT470113.1' 'MT470114.1' 'MT470118.1' 'MT470124.1'
 'MT470133.1' 'MT470136.1' 'MT470138.1' 'MT470140.1' 'MT470143.1'
 'MT470148.1' 'MT470155.1' 'MT470162.1' 'MT470164.1' 'MT470165.1'
 'MT470167.1' 'MT470173.1' 'MT470176.1' 'EPI_ISL_445216' 'EPI_ISL_445272'
 'EPI_ISL_450519' 'LR824235.1' 'LR824247.1' 'LR824250.1' 'LR824268.1'
 'LR824263.1' 'LR824266.1' 'LR824283.1' 'LR824301.1' 'LR824326.1'
 'LR824321.1' 'LR824318.1' 'LR824325.1' 'LR824342.1' 'LR824371.1'
 'LR824381.1' 'LR824400.1' 'LR824409.1' 'LR824413.1' 'LR824414.1'
 'EPI_ISL_451935' 'EPI_ISL_452148' 'EPI_ISL_452151' 'EPI_ISL_452152'
 'EPI_ISL_453982' 'EPI_ISL_457974' 'NMDC60013159' 'NMDC60013162'
 'NMDC60013163' 'NMDC60013164' 'NMDC60013165' 'NMDC60013166'
 'NMDC60013167' 'NMDC60013168' 'NMDC60013169' 'NMDC60013170'
 'NMDC60013171' 'NMDC60013172' 'NMDC60013173' 'NMDC60013174'
 'NMDC60013175' 'NMDC60013176' 'NMDC60013177' 'NMDC60013184'
 'NMDC60013186' 'NMDC60013188' 'NMDC60013189' 'NMDC60013190'
 'NMDC60013191' 'NMDC60013192' 'NMDC60013193' 'NMDC60013194'
 'NMDC60013195' 'NMDC60013196' 'NMDC60013197' 'NMDC60013198'
 'NMDC60013199' 'NMDC60013239' 'NMDC60013240' 'NMDC60013242' 'LR794385.1'
 'LR794405.1' 'LR794433.1' 'LR794462.1' 'LR794514.1' 'LR794519.1'
 'LR794530.1' 'LR794549.1' 'LR794564.1' 'LR794619.1' 'LR794620.1'
 'LR794650.1' 'EPI_ISL_421932' 'EPI_ISL_420624' 'EPI_ISL_420620'
 'EPI_ISL_420609' 'EPI_ISL_420611' 'EPI_ISL_420619' 'EPI_ISL_420598'
 'EPI_ISL_420605' 'EPI_ISL_451091' 'EPI_ISL_434889' 'EPI_ISL_451087'
 'EPI_ISL_451084' 'EPI_ISL_455978' 'EPI_ISL_439246' 'EPI_ISL_453745'
 'EPI_ISL_453760' 'EPI_ISL_439159' 'EPI_ISL_432762' 'EPI_ISL_434503'
 'EPI_ISL_434493' 'EPI_ISL_442479' 'EPI_ISL_427379' 'EPI_ISL_427385'
 'EPI_ISL_432478' 'EPI_ISL_424658' 'EPI_ISL_424652' 'EPI_ISL_424655'
 'EPI_ISL_424644' 'EPI_ISL_424642' 'EPI_ISL_424650' 'EPI_ISL_424633'
 'EPI_ISL_424640' 'EPI_ISL_428944' 'EPI_ISL_421204' 'EPI_ISL_423583'
 'EPI_ISL_433499' 'EPI_ISL_429571' 'EPI_ISL_435421' 'EPI_ISL_428359'
 'EPI_ISL_443301' 'EPI_ISL_421512' 'EPI_ISL_428352' 'EPI_ISL_432864'
 'EPI_ISL_419182' 'EPI_ISL_419185' 'EPI_ISL_419186' 'EPI_ISL_420063'
 'EPI_ISL_425899' 'EPI_ISL_419170' 'EPI_ISL_443310' 'EPI_ISL_417526'
 'EPI_ISL_420044' 'EPI_ISL_418423' 'EPI_ISL_418427' 'EPI_ISL_421750'
 'EPI_ISL_418422' 'EPI_ISL_418424' 'EPI_ISL_447136' 'EPI_ISL_417437'
 'EPI_ISL_420038' 'EPI_ISL_420046' 'EPI_ISL_420055' 'EPI_ISL_421738'
 'EPI_ISL_421752' 'EPI_ISL_421753' 'EPI_ISL_418417' 'EPI_ISL_418240'
 'EPI_ISL_420040' 'EPI_ISL_419587' 'EPI_ISL_416499' 'EPI_ISL_417339'
 'EPI_ISL_419578' 'EPI_ISL_417337' 'EPI_ISL_416754' 'EPI_ISL_416756'
 'EPI_ISL_415651' 'EPI_ISL_415652' 'EPI_ISL_416751' 'EPI_ISL_417334'
 'EPI_ISL_416747' 'EPI_ISL_416749' 'EPI_ISL_416752' 'MT451041.1'
 'MT451177.1' 'MT451179.1' 'MT451194.1' 'EPI_ISL_445282' 'EPI_ISL_445311'
 'EPI_ISL_452223' 'EPI_ISL_429115' 'EPI_ISL_415704' 'EPI_ISL_429212'
 'EPI_ISL_415706' 'EPI_ISL_429208' 'EPI_ISL_429196' 'EPI_ISL_415705'
 'EPI_ISL_429211' 'EPI_ISL_415707' 'EPI_ISL_421453']",1,0.001327564262805766
3037(SNP:C->T);14408(SNP:C->T);15324(SNP:C->T);23403(SNP:A->G);23558(SNP:A->G),2020-05-12,['EPI_ISL_437968'],B.1,Austria,"['EPI_ISL_416493' 'EPI_ISL_417946' 'EPI_ISL_417947' 'EPI_ISL_418024'
 'EPI_ISL_418230' 'EPI_ISL_418231' 'EPI_ISL_418234' 'EPI_ISL_418628'
 'EPI_ISL_418632' 'EPI_ISL_418634' 'EPI_ISL_418635' 'EPI_ISL_418648'
 'EPI_ISL_418657' 'EPI_ISL_418659' 'EPI_ISL_418795' 'EPI_ISL_419593'
 'EPI_ISL_420035' 'EPI_ISL_420039' 'EPI_ISL_420083' 'EPI_ISL_420365'
 'EPI_ISL_420368' 'EPI_ISL_420373' 'EPI_ISL_420380' 'EPI_ISL_420382'
 'EPI_ISL_420384' 'EPI_ISL_420389' 'EPI_ISL_420390' 'EPI_ISL_420395'
 'EPI_ISL_420396' 'EPI_ISL_420397' 'EPI_ISL_420427' 'EPI_ISL_420432'
 'EPI_ISL_420434' 'EPI_ISL_420440' 'EPI_ISL_420452' 'EPI_ISL_421508'
 'EPI_ISL_421745' 'EPI_ISL_421746' 'MT320538.2' 'EPI_ISL_427394'
 'EPI_ISL_428890' 'EPI_ISL_429724' 'EPI_ISL_429766' 'EPI_ISL_429782'
 'EPI_ISL_434621' 'EPI_ISL_434622' 'EPI_ISL_434623' 'EPI_ISL_434624'
 'EPI_ISL_434625' 'EPI_ISL_434631' 'EPI_ISL_434632' 'EPI_ISL_434633'
 'EPI_ISL_434634' 'EPI_ISL_435032' 'EPI_ISL_433646' 'EPI_ISL_437348'
 'EPI_ISL_437350' 'FR994049.1' 'EPI_ISL_443291' 'EPI_ISL_444969'
 'EPI_ISL_445069' 'MT358643.1' 'MT470101.1' 'MT470102.1' 'MT470106.1'
 'MT470110.1' 'MT470113.1' 'MT470114.1' 'MT470118.1' 'MT470124.1'
 'MT470133.1' 'MT470136.1' 'MT470138.1' 'MT470140.1' 'MT470143.1'
 'MT470148.1' 'MT470155.1' 'MT470162.1' 'MT470164.1' 'MT470165.1'
 'MT470167.1' 'MT470173.1' 'MT470176.1' 'EPI_ISL_445216' 'EPI_ISL_445272'
 'EPI_ISL_450519' 'LR824235.1' 'LR824247.1' 'LR824250.1' 'LR824268.1'
 'LR824263.1' 'LR824266.1' 'LR824283.1' 'LR824301.1' 'LR824326.1'
 'LR824321.1' 'LR824318.1' 'LR824325.1' 'LR824342.1' 'LR824371.1'
 'LR824381.1' 'LR824400.1' 'LR824409.1' 'LR824413.1' 'LR824414.1'
 'EPI_ISL_451935' 'EPI_ISL_452148' 'EPI_ISL_452151' 'EPI_ISL_452152'
 'EPI_ISL_453982' 'EPI_ISL_457974' 'NMDC60013159' 'NMDC60013162'
 'NMDC60013163' 'NMDC60013164' 'NMDC60013165' 'NMDC60013166'
 'NMDC60013167' 'NMDC60013168' 'NMDC60013169' 'NMDC60013170'
 'NMDC60013171' 'NMDC60013172' 'NMDC60013173' 'NMDC60013174'
 'NMDC60013175' 'NMDC60013176' 'NMDC60013177' 'NMDC60013184'
 'NMDC60013186' 'NMDC60013188' 'NMDC60013189' 'NMDC60013190'
 'NMDC60013191' 'NMDC60013192' 'NMDC60013193' 'NMDC60013194'
 'NMDC60013195' 'NMDC60013196' 'NMDC60013197' 'NMDC60013198'
 'NMDC60013199' 'NMDC60013239' 'NMDC60013240' 'NMDC60013242' 'LR794385.1'
 'LR794405.1' 'LR794433.1' 'LR794462.1' 'LR794514.1' 'LR794519.1'
 'LR794530.1' 'LR794549.1' 'LR794564.1' 'LR794619.1' 'LR794620.1'
 'LR794650.1' 'EPI_ISL_421932' 'EPI_ISL_420624' 'EPI_ISL_420620'
 'EPI_ISL_420609' 'EPI_ISL_420611' 'EPI_ISL_420619' 'EPI_ISL_420598'
 'EPI_ISL_420605' 'EPI_ISL_451091' 'EPI_ISL_434889' 'EPI_ISL_451087'
 'EPI_ISL_451084' 'EPI_ISL_455978' 'EPI_ISL_439246' 'EPI_ISL_453745'
 'EPI_ISL_453760' 'EPI_ISL_439159' 'EPI_ISL_432762' 'EPI_ISL_434503'
 'EPI_ISL_434493' 'EPI_ISL_442479' 'EPI_ISL_427379' 'EPI_ISL_427385'
 'EPI_ISL_432478' 'EPI_ISL_424658' 'EPI_ISL_424652' 'EPI_ISL_424655'
 'EPI_ISL_424644' 'EPI_ISL_424642' 'EPI_ISL_424650' 'EPI_ISL_424633'
 'EPI_ISL_424640' 'EPI_ISL_428944' 'EPI_ISL_421204' 'EPI_ISL_423583'
 'EPI_ISL_433499' 'EPI_ISL_429571' 'EPI_ISL_435421' 'EPI_ISL_428359'
 'EPI_ISL_443301' 'EPI_ISL_421512' 'EPI_ISL_428352' 'EPI_ISL_432864'
 'EPI_ISL_419182' 'EPI_ISL_419185' 'EPI_ISL_419186' 'EPI_ISL_420063'
 'EPI_ISL_425899' 'EPI_ISL_419170' 'EPI_ISL_443310' 'EPI_ISL_417526'
 'EPI_ISL_420044' 'EPI_ISL_418423' 'EPI_ISL_418427' 'EPI_ISL_421750'
 'EPI_ISL_418422' 'EPI_ISL_418424' 'EPI_ISL_447136' 'EPI_ISL_417437'
 'EPI_ISL_420038' 'EPI_ISL_420046' 'EPI_ISL_420055' 'EPI_ISL_421738'
 'EPI_ISL_421752' 'EPI_ISL_421753' 'EPI_ISL_418417' 'EPI_ISL_418240'
 'EPI_ISL_420040' 'EPI_ISL_419587' 'EPI_ISL_416499' 'EPI_ISL_417339'
 'EPI_ISL_419578' 'EPI_ISL_417337' 'EPI_ISL_416754' 'EPI_ISL_416756'
 'EPI_ISL_415651' 'EPI_ISL_415652' 'EPI_ISL_416751' 'EPI_ISL_417334'
 'EPI_ISL_416747' 'EPI_ISL_416749' 'EPI_ISL_416752' 'MT451041.1'
 'MT451177.1' 'MT451179.1' 'MT451194.1' 'EPI_ISL_445282' 'EPI_ISL_445311'
 'EPI_ISL_452223' 'EPI_ISL_429115' 'EPI_ISL_415704' 'EPI_ISL_429212'
 'EPI_ISL_415706' 'EPI_ISL_429208' 'EPI_ISL_429196' 'EPI_ISL_415705'
 'EPI_ISL_429211' 'EPI_ISL_415707' 'EPI_ISL_421453']",1,0.001327564262805766
3037(SNP:C->T);14408(SNP:C->T);15324(SNP:C->T);23403(SNP:A->G);28851(SNP:G->T),2020-05-12,['EPI_ISL_443286'],B.1,France,"['EPI_ISL_416493' 'EPI_ISL_417946' 'EPI_ISL_417947' 'EPI_ISL_418024'
 'EPI_ISL_418230' 'EPI_ISL_418231' 'EPI_ISL_418234' 'EPI_ISL_418628'
 'EPI_ISL_418632' 'EPI_ISL_418634' 'EPI_ISL_418635' 'EPI_ISL_418648'
 'EPI_ISL_418657' 'EPI_ISL_418659' 'EPI_ISL_418795' 'EPI_ISL_419593'
 'EPI_ISL_420035' 'EPI_ISL_420039' 'EPI_ISL_420083' 'EPI_ISL_420365'
 'EPI_ISL_420368' 'EPI_ISL_420373' 'EPI_ISL_420380' 'EPI_ISL_420382'
 'EPI_ISL_420384' 'EPI_ISL_420389' 'EPI_ISL_420390' 'EPI_ISL_420395'
 'EPI_ISL_420396' 'EPI_ISL_420397' 'EPI_ISL_420427' 'EPI_ISL_420432'
 'EPI_ISL_420434' 'EPI_ISL_420440' 'EPI_ISL_420452' 'EPI_ISL_421508'
 'EPI_ISL_421745' 'EPI_ISL_421746' 'MT320538.2' 'EPI_ISL_427394'
 'EPI_ISL_428890' 'EPI_ISL_429724' 'EPI_ISL_429766' 'EPI_ISL_429782'
 'EPI_ISL_434621' 'EPI_ISL_434622' 'EPI_ISL_434623' 'EPI_ISL_434624'
 'EPI_ISL_434625' 'EPI_ISL_434631' 'EPI_ISL_434632' 'EPI_ISL_434633'
 'EPI_ISL_434634' 'EPI_ISL_435032' 'EPI_ISL_433646' 'EPI_ISL_437348'
 'EPI_ISL_437350' 'FR994049.1' 'EPI_ISL_443291' 'EPI_ISL_444969'
 'EPI_ISL_445069' 'MT358643.1' 'MT470101.1' 'MT470102.1' 'MT470106.1'
 'MT470110.1' 'MT470113.1' 'MT470114.1' 'MT470118.1' 'MT470124.1'
 'MT470133.1' 'MT470136.1' 'MT470138.1' 'MT470140.1' 'MT470143.1'
 'MT470148.1' 'MT470155.1' 'MT470162.1' 'MT470164.1' 'MT470165.1'
 'MT470167.1' 'MT470173.1' 'MT470176.1' 'EPI_ISL_445216' 'EPI_ISL_445272'
 'EPI_ISL_450519' 'LR824235.1' 'LR824247.1' 'LR824250.1' 'LR824268.1'
 'LR824263.1' 'LR824266.1' 'LR824283.1' 'LR824301.1' 'LR824326.1'
 'LR824321.1' 'LR824318.1' 'LR824325.1' 'LR824342.1' 'LR824371.1'
 'LR824381.1' 'LR824400.1' 'LR824409.1' 'LR824413.1' 'LR824414.1'
 'EPI_ISL_451935' 'EPI_ISL_452148' 'EPI_ISL_452151' 'EPI_ISL_452152'
 'EPI_ISL_453982' 'EPI_ISL_457974' 'NMDC60013159' 'NMDC60013162'
 'NMDC60013163' 'NMDC60013164' 'NMDC60013165' 'NMDC60013166'
 'NMDC60013167' 'NMDC60013168' 'NMDC60013169' 'NMDC60013170'
 'NMDC60013171' 'NMDC60013172' 'NMDC60013173' 'NMDC60013174'
 'NMDC60013175' 'NMDC60013176' 'NMDC60013177' 'NMDC60013184'
 'NMDC60013186' 'NMDC60013188' 'NMDC60013189' 'NMDC60013190'
 'NMDC60013191' 'NMDC60013192' 'NMDC60013193' 'NMDC60013194'
 'NMDC60013195' 'NMDC60013196' 'NMDC60013197' 'NMDC60013198'
 'NMDC60013199' 'NMDC60013239' 'NMDC60013240' 'NMDC60013242' 'LR794385.1'
 'LR794405.1' 'LR794433.1' 'LR794462.1' 'LR794514.1' 'LR794519.1'
 'LR794530.1' 'LR794549.1' 'LR794564.1' 'LR794619.1' 'LR794620.1'
 'LR794650.1' 'EPI_ISL_421932' 'EPI_ISL_420624' 'EPI_ISL_420620'
 'EPI_ISL_420609' 'EPI_ISL_420611' 'EPI_ISL_420619' 'EPI_ISL_420598'
 'EPI_ISL_420605' 'EPI_ISL_451091' 'EPI_ISL_434889' 'EPI_ISL_451087'
 'EPI_ISL_451084' 'EPI_ISL_455978' 'EPI_ISL_439246' 'EPI_ISL_453745'
 'EPI_ISL_453760' 'EPI_ISL_439159' 'EPI_ISL_432762' 'EPI_ISL_434503'
 'EPI_ISL_434493' 'EPI_ISL_442479' 'EPI_ISL_427379' 'EPI_ISL_427385'
 'EPI_ISL_432478' 'EPI_ISL_424658' 'EPI_ISL_424652' 'EPI_ISL_424655'
 'EPI_ISL_424644' 'EPI_ISL_424642' 'EPI_ISL_424650' 'EPI_ISL_424633'
 'EPI_ISL_424640' 'EPI_ISL_428944' 'EPI_ISL_421204' 'EPI_ISL_423583'
 'EPI_ISL_433499' 'EPI_ISL_429571' 'EPI_ISL_435421' 'EPI_ISL_428359'
 'EPI_ISL_443301' 'EPI_ISL_421512' 'EPI_ISL_428352' 'EPI_ISL_432864'
 'EPI_ISL_419182' 'EPI_ISL_419185' 'EPI_ISL_419186' 'EPI_ISL_420063'
 'EPI_ISL_425899' 'EPI_ISL_419170' 'EPI_ISL_443310' 'EPI_ISL_417526'
 'EPI_ISL_420044' 'EPI_ISL_418423' 'EPI_ISL_418427' 'EPI_ISL_421750'
 'EPI_ISL_418422' 'EPI_ISL_418424' 'EPI_ISL_447136' 'EPI_ISL_417437'
 'EPI_ISL_420038' 'EPI_ISL_420046' 'EPI_ISL_420055' 'EPI_ISL_421738'
 'EPI_ISL_421752' 'EPI_ISL_421753' 'EPI_ISL_418417' 'EPI_ISL_418240'
 'EPI_ISL_420040' 'EPI_ISL_419587' 'EPI_ISL_416499' 'EPI_ISL_417339'
 'EPI_ISL_419578' 'EPI_ISL_417337' 'EPI_ISL_416754' 'EPI_ISL_416756'
 'EPI_ISL_415651' 'EPI_ISL_415652' 'EPI_ISL_416751' 'EPI_ISL_417334'
 'EPI_ISL_416747' 'EPI_ISL_416749' 'EPI_ISL_416752' 'MT451041.1'
 'MT451177.1' 'MT451179.1' 'MT451194.1' 'EPI_ISL_445282' 'EPI_ISL_445311'
 'EPI_ISL_452223' 'EPI_ISL_429115' 'EPI_ISL_415704' 'EPI_ISL_429212'
 'EPI_ISL_415706' 'EPI_ISL_429208' 'EPI_ISL_429196' 'EPI_ISL_415705'
 'EPI_ISL_429211' 'EPI_ISL_415707' 'EPI_ISL_421453']",1,0.001327564262805766
3037(SNP:C->T);14408(SNP:C->T);15324(SNP:C->T);23403(SNP:A->G);29474(SNP:G->T),2020-05-12,['EPI_ISL_443288'],B.1,France,"['EPI_ISL_416493' 'EPI_ISL_417946' 'EPI_ISL_417947' 'EPI_ISL_418024'
 'EPI_ISL_418230' 'EPI_ISL_418231' 'EPI_ISL_418234' 'EPI_ISL_418628'
 'EPI_ISL_418632' 'EPI_ISL_418634' 'EPI_ISL_418635' 'EPI_ISL_418648'
 'EPI_ISL_418657' 'EPI_ISL_418659' 'EPI_ISL_418795' 'EPI_ISL_419593'
 'EPI_ISL_420035' 'EPI_ISL_420039' 'EPI_ISL_420083' 'EPI_ISL_420365'
 'EPI_ISL_420368' 'EPI_ISL_420373' 'EPI_ISL_420380' 'EPI_ISL_420382'
 'EPI_ISL_420384' 'EPI_ISL_420389' 'EPI_ISL_420390' 'EPI_ISL_420395'
 'EPI_ISL_420396' 'EPI_ISL_420397' 'EPI_ISL_420427' 'EPI_ISL_420432'
 'EPI_ISL_420434' 'EPI_ISL_420440' 'EPI_ISL_420452' 'EPI_ISL_421508'
 'EPI_ISL_421745' 'EPI_ISL_421746' 'MT320538.2' 'EPI_ISL_427394'
 'EPI_ISL_428890' 'EPI_ISL_429724' 'EPI_ISL_429766' 'EPI_ISL_429782'
 'EPI_ISL_434621' 'EPI_ISL_434622' 'EPI_ISL_434623' 'EPI_ISL_434624'
 'EPI_ISL_434625' 'EPI_ISL_434631' 'EPI_ISL_434632' 'EPI_ISL_434633'
 'EPI_ISL_434634' 'EPI_ISL_435032' 'EPI_ISL_433646' 'EPI_ISL_437348'
 'EPI_ISL_437350' 'FR994049.1' 'EPI_ISL_443291' 'EPI_ISL_444969'
 'EPI_ISL_445069' 'MT358643.1' 'MT470101.1' 'MT470102.1' 'MT470106.1'
 'MT470110.1' 'MT470113.1' 'MT470114.1' 'MT470118.1' 'MT470124.1'
 'MT470133.1' 'MT470136.1' 'MT470138.1' 'MT470140.1' 'MT470143.1'
 'MT470148.1' 'MT470155.1' 'MT470162.1' 'MT470164.1' 'MT470165.1'
 'MT470167.1' 'MT470173.1' 'MT470176.1' 'EPI_ISL_445216' 'EPI_ISL_445272'
 'EPI_ISL_450519' 'LR824235.1' 'LR824247.1' 'LR824250.1' 'LR824268.1'
 'LR824263.1' 'LR824266.1' 'LR824283.1' 'LR824301.1' 'LR824326.1'
 'LR824321.1' 'LR824318.1' 'LR824325.1' 'LR824342.1' 'LR824371.1'
 'LR824381.1' 'LR824400.1' 'LR824409.1' 'LR824413.1' 'LR824414.1'
 'EPI_ISL_451935' 'EPI_ISL_452148' 'EPI_ISL_452151' 'EPI_ISL_452152'
 'EPI_ISL_453982' 'EPI_ISL_457974' 'NMDC60013159' 'NMDC60013162'
 'NMDC60013163' 'NMDC60013164' 'NMDC60013165' 'NMDC60013166'
 'NMDC60013167' 'NMDC60013168' 'NMDC60013169' 'NMDC60013170'
 'NMDC60013171' 'NMDC60013172' 'NMDC60013173' 'NMDC60013174'
 'NMDC60013175' 'NMDC60013176' 'NMDC60013177' 'NMDC60013184'
 'NMDC60013186' 'NMDC60013188' 'NMDC60013189' 'NMDC60013190'
 'NMDC60013191' 'NMDC60013192' 'NMDC60013193' 'NMDC60013194'
 'NMDC60013195' 'NMDC60013196' 'NMDC60013197' 'NMDC60013198'
 'NMDC60013199' 'NMDC60013239' 'NMDC60013240' 'NMDC60013242' 'LR794385.1'
 'LR794405.1' 'LR794433.1' 'LR794462.1' 'LR794514.1' 'LR794519.1'
 'LR794530.1' 'LR794549.1' 'LR794564.1' 'LR794619.1' 'LR794620.1'
 'LR794650.1' 'EPI_ISL_421932' 'EPI_ISL_420624' 'EPI_ISL_420620'
 'EPI_ISL_420609' 'EPI_ISL_420611' 'EPI_ISL_420619' 'EPI_ISL_420598'
 'EPI_ISL_420605' 'EPI_ISL_451091' 'EPI_ISL_434889' 'EPI_ISL_451087'
 'EPI_ISL_451084' 'EPI_ISL_455978' 'EPI_ISL_439246' 'EPI_ISL_453745'
 'EPI_ISL_453760' 'EPI_ISL_439159' 'EPI_ISL_432762' 'EPI_ISL_434503'
 'EPI_ISL_434493' 'EPI_ISL_442479' 'EPI_ISL_427379' 'EPI_ISL_427385'
 'EPI_ISL_432478' 'EPI_ISL_424658' 'EPI_ISL_424652' 'EPI_ISL_424655'
 'EPI_ISL_424644' 'EPI_ISL_424642' 'EPI_ISL_424650' 'EPI_ISL_424633'
 'EPI_ISL_424640' 'EPI_ISL_428944' 'EPI_ISL_421204' 'EPI_ISL_423583'
 'EPI_ISL_433499' 'EPI_ISL_429571' 'EPI_ISL_435421' 'EPI_ISL_428359'
 'EPI_ISL_443301' 'EPI_ISL_421512' 'EPI_ISL_428352' 'EPI_ISL_432864'
 'EPI_ISL_419182' 'EPI_ISL_419185' 'EPI_ISL_419186' 'EPI_ISL_420063'
 'EPI_ISL_425899' 'EPI_ISL_419170' 'EPI_ISL_443310' 'EPI_ISL_417526'
 'EPI_ISL_420044' 'EPI_ISL_418423' 'EPI_ISL_418427' 'EPI_ISL_421750'
 'EPI_ISL_418422' 'EPI_ISL_418424' 'EPI_ISL_447136' 'EPI_ISL_417437'
 'EPI_ISL_420038' 'EPI_ISL_420046' 'EPI_ISL_420055' 'EPI_ISL_421738'
 'EPI_ISL_421752' 'EPI_ISL_421753' 'EPI_ISL_418417' 'EPI_ISL_418240'
 'EPI_ISL_420040' 'EPI_ISL_419587' 'EPI_ISL_416499' 'EPI_ISL_417339'
 'EPI_ISL_419578' 'EPI_ISL_417337' 'EPI_ISL_416754' 'EPI_ISL_416756'
 'EPI_ISL_415651' 'EPI_ISL_415652' 'EPI_ISL_416751' 'EPI_ISL_417334'
 'EPI_ISL_416747' 'EPI_ISL_416749' 'EPI_ISL_416752' 'MT451041.1'
 'MT451177.1' 'MT451179.1' 'MT451194.1' 'EPI_ISL_445282' 'EPI_ISL_445311'
 'EPI_ISL_452223' 'EPI_ISL_429115' 'EPI_ISL_415704' 'EPI_ISL_429212'
 'EPI_ISL_415706' 'EPI_ISL_429208' 'EPI_ISL_429196' 'EPI_ISL_415705'
 'EPI_ISL_429211' 'EPI_ISL_415707' 'EPI_ISL_421453']",1,0.001327564262805766
3037(SNP:C->T);6196(SNP:C->T);14408(SNP:C->T);15324(SNP:C->T);23403(SNP:A->G),2020-05-12,['EPI_ISL_443262'],B.1,France,"['EPI_ISL_416493' 'EPI_ISL_417946' 'EPI_ISL_417947' 'EPI_ISL_418024'
 'EPI_ISL_418230' 'EPI_ISL_418231' 'EPI_ISL_418234' 'EPI_ISL_418628'
 'EPI_ISL_418632' 'EPI_ISL_418634' 'EPI_ISL_418635' 'EPI_ISL_418648'
 'EPI_ISL_418657' 'EPI_ISL_418659' 'EPI_ISL_418795' 'EPI_ISL_419593'
 'EPI_ISL_420035' 'EPI_ISL_420039' 'EPI_ISL_420083' 'EPI_ISL_420365'
 'EPI_ISL_420368' 'EPI_ISL_420373' 'EPI_ISL_420380' 'EPI_ISL_420382'
 'EPI_ISL_420384' 'EPI_ISL_420389' 'EPI_ISL_420390' 'EPI_ISL_420395'
 'EPI_ISL_420396' 'EPI_ISL_420397' 'EPI_ISL_420427' 'EPI_ISL_420432'
 'EPI_ISL_420434' 'EPI_ISL_420440' 'EPI_ISL_420452' 'EPI_ISL_421508'
 'EPI_ISL_421745' 'EPI_ISL_421746' 'MT320538.2' 'EPI_ISL_427394'
 'EPI_ISL_428890' 'EPI_ISL_429724' 'EPI_ISL_429766' 'EPI_ISL_429782'
 'EPI_ISL_434621' 'EPI_ISL_434622' 'EPI_ISL_434623' 'EPI_ISL_434624'
 'EPI_ISL_434625' 'EPI_ISL_434631' 'EPI_ISL_434632' 'EPI_ISL_434633'
 'EPI_ISL_434634' 'EPI_ISL_435032' 'EPI_ISL_433646' 'EPI_ISL_437348'
 'EPI_ISL_437350' 'FR994049.1' 'EPI_ISL_443291' 'EPI_ISL_444969'
 'EPI_ISL_445069' 'MT358643.1' 'MT470101.1' 'MT470102.1' 'MT470106.1'
 'MT470110.1' 'MT470113.1' 'MT470114.1' 'MT470118.1' 'MT470124.1'
 'MT470133.1' 'MT470136.1' 'MT470138.1' 'MT470140.1' 'MT470143.1'
 'MT470148.1' 'MT470155.1' 'MT470162.1' 'MT470164.1' 'MT470165.1'
 'MT470167.1' 'MT470173.1' 'MT470176.1' 'EPI_ISL_445216' 'EPI_ISL_445272'
 'EPI_ISL_450519' 'LR824235.1' 'LR824247.1' 'LR824250.1' 'LR824268.1'
 'LR824263.1' 'LR824266.1' 'LR824283.1' 'LR824301.1' 'LR824326.1'
 'LR824321.1' 'LR824318.1' 'LR824325.1' 'LR824342.1' 'LR824371.1'
 'LR824381.1' 'LR824400.1' 'LR824409.1' 'LR824413.1' 'LR824414.1'
 'EPI_ISL_451935' 'EPI_ISL_452148' 'EPI_ISL_452151' 'EPI_ISL_452152'
 'EPI_ISL_453982' 'EPI_ISL_457974' 'NMDC60013159' 'NMDC60013162'
 'NMDC60013163' 'NMDC60013164' 'NMDC60013165' 'NMDC60013166'
 'NMDC60013167' 'NMDC60013168' 'NMDC60013169' 'NMDC60013170'
 'NMDC60013171' 'NMDC60013172' 'NMDC60013173' 'NMDC60013174'
 'NMDC60013175' 'NMDC60013176' 'NMDC60013177' 'NMDC60013184'
 'NMDC60013186' 'NMDC60013188' 'NMDC60013189' 'NMDC60013190'
 'NMDC60013191' 'NMDC60013192' 'NMDC60013193' 'NMDC60013194'
 'NMDC60013195' 'NMDC60013196' 'NMDC60013197' 'NMDC60013198'
 'NMDC60013199' 'NMDC60013239' 'NMDC60013240' 'NMDC60013242' 'LR794385.1'
 'LR794405.1' 'LR794433.1' 'LR794462.1' 'LR794514.1' 'LR794519.1'
 'LR794530.1' 'LR794549.1' 'LR794564.1' 'LR794619.1' 'LR794620.1'
 'LR794650.1' 'EPI_ISL_421932' 'EPI_ISL_420624' 'EPI_ISL_420620'
 'EPI_ISL_420609' 'EPI_ISL_420611' 'EPI_ISL_420619' 'EPI_ISL_420598'
 'EPI_ISL_420605' 'EPI_ISL_451091' 'EPI_ISL_434889' 'EPI_ISL_451087'
 'EPI_ISL_451084' 'EPI_ISL_455978' 'EPI_ISL_439246' 'EPI_ISL_453745'
 'EPI_ISL_453760' 'EPI_ISL_439159' 'EPI_ISL_432762' 'EPI_ISL_434503'
 'EPI_ISL_434493' 'EPI_ISL_442479' 'EPI_ISL_427379' 'EPI_ISL_427385'
 'EPI_ISL_432478' 'EPI_ISL_424658' 'EPI_ISL_424652' 'EPI_ISL_424655'
 'EPI_ISL_424644' 'EPI_ISL_424642' 'EPI_ISL_424650' 'EPI_ISL_424633'
 'EPI_ISL_424640' 'EPI_ISL_428944' 'EPI_ISL_421204' 'EPI_ISL_423583'
 'EPI_ISL_433499' 'EPI_ISL_429571' 'EPI_ISL_435421' 'EPI_ISL_428359'
 'EPI_ISL_443301' 'EPI_ISL_421512' 'EPI_ISL_428352' 'EPI_ISL_432864'
 'EPI_ISL_419182' 'EPI_ISL_419185' 'EPI_ISL_419186' 'EPI_ISL_420063'
 'EPI_ISL_425899' 'EPI_ISL_419170' 'EPI_ISL_443310' 'EPI_ISL_417526'
 'EPI_ISL_420044' 'EPI_ISL_418423' 'EPI_ISL_418427' 'EPI_ISL_421750'
 'EPI_ISL_418422' 'EPI_ISL_418424' 'EPI_ISL_447136' 'EPI_ISL_417437'
 'EPI_ISL_420038' 'EPI_ISL_420046' 'EPI_ISL_420055' 'EPI_ISL_421738'
 'EPI_ISL_421752' 'EPI_ISL_421753' 'EPI_ISL_418417' 'EPI_ISL_418240'
 'EPI_ISL_420040' 'EPI_ISL_419587' 'EPI_ISL_416499' 'EPI_ISL_417339'
 'EPI_ISL_419578' 'EPI_ISL_417337' 'EPI_ISL_416754' 'EPI_ISL_416756'
 'EPI_ISL_415651' 'EPI_ISL_415652' 'EPI_ISL_416751' 'EPI_ISL_417334'
 'EPI_ISL_416747' 'EPI_ISL_416749' 'EPI_ISL_416752' 'MT451041.1'
 'MT451177.1' 'MT451179.1' 'MT451194.1' 'EPI_ISL_445282' 'EPI_ISL_445311'
 'EPI_ISL_452223' 'EPI_ISL_429115' 'EPI_ISL_415704' 'EPI_ISL_429212'
 'EPI_ISL_415706' 'EPI_ISL_429208' 'EPI_ISL_429196' 'EPI_ISL_415705'
 'EPI_ISL_429211' 'EPI_ISL_415707' 'EPI_ISL_421453']",1,0.001327564262805766
936(SNP:C->T);3037(SNP:C->T);14408(SNP:C->T);15324(SNP:C->T);23403(SNP:A->G),2020-05-12,['EPI_ISL_440946'],B.1,United Kingdom,"['EPI_ISL_416493' 'EPI_ISL_417946' 'EPI_ISL_417947' 'EPI_ISL_418024'
 'EPI_ISL_418230' 'EPI_ISL_418231' 'EPI_ISL_418234' 'EPI_ISL_418628'
 'EPI_ISL_418632' 'EPI_ISL_418634' 'EPI_ISL_418635' 'EPI_ISL_418648'
 'EPI_ISL_418657' 'EPI_ISL_418659' 'EPI_ISL_418795' 'EPI_ISL_419593'
 'EPI_ISL_420035' 'EPI_ISL_420039' 'EPI_ISL_420083' 'EPI_ISL_420365'
 'EPI_ISL_420368' 'EPI_ISL_420373' 'EPI_ISL_420380' 'EPI_ISL_420382'
 'EPI_ISL_420384' 'EPI_ISL_420389' 'EPI_ISL_420390' 'EPI_ISL_420395'
 'EPI_ISL_420396' 'EPI_ISL_420397' 'EPI_ISL_420427' 'EPI_ISL_420432'
 'EPI_ISL_420434' 'EPI_ISL_420440' 'EPI_ISL_420452' 'EPI_ISL_421508'
 'EPI_ISL_421745' 'EPI_ISL_421746' 'MT320538.2' 'EPI_ISL_427394'
 'EPI_ISL_428890' 'EPI_ISL_429724' 'EPI_ISL_429766' 'EPI_ISL_429782'
 'EPI_ISL_434621' 'EPI_ISL_434622' 'EPI_ISL_434623' 'EPI_ISL_434624'
 'EPI_ISL_434625' 'EPI_ISL_434631' 'EPI_ISL_434632' 'EPI_ISL_434633'
 'EPI_ISL_434634' 'EPI_ISL_435032' 'EPI_ISL_433646' 'EPI_ISL_437348'
 'EPI_ISL_437350' 'FR994049.1' 'EPI_ISL_443291' 'EPI_ISL_444969'
 'EPI_ISL_445069' 'MT358643.1' 'MT470101.1' 'MT470102.1' 'MT470106.1'
 'MT470110.1' 'MT470113.1' 'MT470114.1' 'MT470118.1' 'MT470124.1'
 'MT470133.1' 'MT470136.1' 'MT470138.1' 'MT470140.1' 'MT470143.1'
 'MT470148.1' 'MT470155.1' 'MT470162.1' 'MT470164.1' 'MT470165.1'
 'MT470167.1' 'MT470173.1' 'MT470176.1' 'EPI_ISL_445216' 'EPI_ISL_445272'
 'EPI_ISL_450519' 'LR824235.1' 'LR824247.1' 'LR824250.1' 'LR824268.1'
 'LR824263.1' 'LR824266.1' 'LR824283.1' 'LR824301.1' 'LR824326.1'
 'LR824321.1' 'LR824318.1' 'LR824325.1' 'LR824342.1' 'LR824371.1'
 'LR824381.1' 'LR824400.1' 'LR824409.1' 'LR824413.1' 'LR824414.1'
 'EPI_ISL_451935' 'EPI_ISL_452148' 'EPI_ISL_452151' 'EPI_ISL_452152'
 'EPI_ISL_453982' 'EPI_ISL_457974' 'NMDC60013159' 'NMDC60013162'
 'NMDC60013163' 'NMDC60013164' 'NMDC60013165' 'NMDC60013166'
 'NMDC60013167' 'NMDC60013168' 'NMDC60013169' 'NMDC60013170'
 'NMDC60013171' 'NMDC60013172' 'NMDC60013173' 'NMDC60013174'
 'NMDC60013175' 'NMDC60013176' 'NMDC60013177' 'NMDC60013184'
 'NMDC60013186' 'NMDC60013188' 'NMDC60013189' 'NMDC60013190'
 'NMDC60013191' 'NMDC60013192' 'NMDC60013193' 'NMDC60013194'
 'NMDC60013195' 'NMDC60013196' 'NMDC60013197' 'NMDC60013198'
 'NMDC60013199' 'NMDC60013239' 'NMDC60013240' 'NMDC60013242' 'LR794385.1'
 'LR794405.1' 'LR794433.1' 'LR794462.1' 'LR794514.1' 'LR794519.1'
 'LR794530.1' 'LR794549.1' 'LR794564.1' 'LR794619.1' 'LR794620.1'
 'LR794650.1' 'EPI_ISL_421932' 'EPI_ISL_420624' 'EPI_ISL_420620'
 'EPI_ISL_420609' 'EPI_ISL_420611' 'EPI_ISL_420619' 'EPI_ISL_420598'
 'EPI_ISL_420605' 'EPI_ISL_451091' 'EPI_ISL_434889' 'EPI_ISL_451087'
 'EPI_ISL_451084' 'EPI_ISL_455978' 'EPI_ISL_439246' 'EPI_ISL_453745'
 'EPI_ISL_453760' 'EPI_ISL_439159' 'EPI_ISL_432762' 'EPI_ISL_434503'
 'EPI_ISL_434493' 'EPI_ISL_442479' 'EPI_ISL_427379' 'EPI_ISL_427385'
 'EPI_ISL_432478' 'EPI_ISL_424658' 'EPI_ISL_424652' 'EPI_ISL_424655'
 'EPI_ISL_424644' 'EPI_ISL_424642' 'EPI_ISL_424650' 'EPI_ISL_424633'
 'EPI_ISL_424640' 'EPI_ISL_428944' 'EPI_ISL_421204' 'EPI_ISL_423583'
 'EPI_ISL_433499' 'EPI_ISL_429571' 'EPI_ISL_435421' 'EPI_ISL_428359'
 'EPI_ISL_443301' 'EPI_ISL_421512' 'EPI_ISL_428352' 'EPI_ISL_432864'
 'EPI_ISL_419182' 'EPI_ISL_419185' 'EPI_ISL_419186' 'EPI_ISL_420063'
 'EPI_ISL_425899' 'EPI_ISL_419170' 'EPI_ISL_443310' 'EPI_ISL_417526'
 'EPI_ISL_420044' 'EPI_ISL_418423' 'EPI_ISL_418427' 'EPI_ISL_421750'
 'EPI_ISL_418422' 'EPI_ISL_418424' 'EPI_ISL_447136' 'EPI_ISL_417437'
 'EPI_ISL_420038' 'EPI_ISL_420046' 'EPI_ISL_420055' 'EPI_ISL_421738'
 'EPI_ISL_421752' 'EPI_ISL_421753' 'EPI_ISL_418417' 'EPI_ISL_418240'
 'EPI_ISL_420040' 'EPI_ISL_419587' 'EPI_ISL_416499' 'EPI_ISL_417339'
 'EPI_ISL_419578' 'EPI_ISL_417337' 'EPI_ISL_416754' 'EPI_ISL_416756'
 'EPI_ISL_415651' 'EPI_ISL_415652' 'EPI_ISL_416751' 'EPI_ISL_417334'
 'EPI_ISL_416747' 'EPI_ISL_416749' 'EPI_ISL_416752' 'MT451041.1'
 'MT451177.1' 'MT451179.1' 'MT451194.1' 'EPI_ISL_445282' 'EPI_ISL_445311'
 'EPI_ISL_452223' 'EPI_ISL_429115' 'EPI_ISL_415704' 'EPI_ISL_429212'
 'EPI_ISL_415706' 'EPI_ISL_429208' 'EPI_ISL_429196' 'EPI_ISL_415705'
 'EPI_ISL_429211' 'EPI_ISL_415707' 'EPI_ISL_421453']",1,0.001327564262805766
514(Deletion:TGTTATG->T);3037(SNP:C->T);14408(SNP:C->T);15324(SNP:C->T);23403(SNP:A->G),2020-05-16,['EPI_ISL_447129'],B.1.211,Belgium,"['EPI_ISL_416493' 'EPI_ISL_417946' 'EPI_ISL_417947' 'EPI_ISL_418024'
 'EPI_ISL_418230' 'EPI_ISL_418231' 'EPI_ISL_418234' 'EPI_ISL_418628'
 'EPI_ISL_418632' 'EPI_ISL_418634' 'EPI_ISL_418635' 'EPI_ISL_418648'
 'EPI_ISL_418657' 'EPI_ISL_418659' 'EPI_ISL_418795' 'EPI_ISL_419593'
 'EPI_ISL_420035' 'EPI_ISL_420039' 'EPI_ISL_420083' 'EPI_ISL_420365'
 'EPI_ISL_420368' 'EPI_ISL_420373' 'EPI_ISL_420380' 'EPI_ISL_420382'
 'EPI_ISL_420384' 'EPI_ISL_420389' 'EPI_ISL_420390' 'EPI_ISL_420395'
 'EPI_ISL_420396' 'EPI_ISL_420397' 'EPI_ISL_420427' 'EPI_ISL_420432'
 'EPI_ISL_420434' 'EPI_ISL_420440' 'EPI_ISL_420452' 'EPI_ISL_421508'
 'EPI_ISL_421745' 'EPI_ISL_421746' 'MT320538.2' 'EPI_ISL_427394'
 'EPI_ISL_428890' 'EPI_ISL_429724' 'EPI_ISL_429766' 'EPI_ISL_429782'
 'EPI_ISL_434621' 'EPI_ISL_434622' 'EPI_ISL_434623' 'EPI_ISL_434624'
 'EPI_ISL_434625' 'EPI_ISL_434631' 'EPI_ISL_434632' 'EPI_ISL_434633'
 'EPI_ISL_434634' 'EPI_ISL_435032' 'EPI_ISL_433646' 'EPI_ISL_437348'
 'EPI_ISL_437350' 'FR994049.1' 'EPI_ISL_443291' 'EPI_ISL_444969'
 'EPI_ISL_445069' 'MT358643.1' 'MT470101.1' 'MT470102.1' 'MT470106.1'
 'MT470110.1' 'MT470113.1' 'MT470114.1' 'MT470118.1' 'MT470124.1'
 'MT470133.1' 'MT470136.1' 'MT470138.1' 'MT470140.1' 'MT470143.1'
 'MT470148.1' 'MT470155.1' 'MT470162.1' 'MT470164.1' 'MT470165.1'
 'MT470167.1' 'MT470173.1' 'MT470176.1' 'EPI_ISL_445216' 'EPI_ISL_445272'
 'EPI_ISL_450519' 'LR824235.1' 'LR824247.1' 'LR824250.1' 'LR824268.1'
 'LR824263.1' 'LR824266.1' 'LR824283.1' 'LR824301.1' 'LR824326.1'
 'LR824321.1' 'LR824318.1' 'LR824325.1' 'LR824342.1' 'LR824371.1'
 'LR824381.1' 'LR824400.1' 'LR824409.1' 'LR824413.1' 'LR824414.1'
 'EPI_ISL_451935' 'EPI_ISL_452148' 'EPI_ISL_452151' 'EPI_ISL_452152'
 'EPI_ISL_453982' 'EPI_ISL_457974' 'NMDC60013159' 'NMDC60013162'
 'NMDC60013163' 'NMDC60013164' 'NMDC60013165' 'NMDC60013166'
 'NMDC60013167' 'NMDC60013168' 'NMDC60013169' 'NMDC60013170'
 'NMDC60013171' 'NMDC60013172' 'NMDC60013173' 'NMDC60013174'
 'NMDC60013175' 'NMDC60013176' 'NMDC60013177' 'NMDC60013184'
 'NMDC60013186' 'NMDC60013188' 'NMDC60013189' 'NMDC60013190'
 'NMDC60013191' 'NMDC60013192' 'NMDC60013193' 'NMDC60013194'
 'NMDC60013195' 'NMDC60013196' 'NMDC60013197' 'NMDC60013198'
 'NMDC60013199' 'NMDC60013239' 'NMDC60013240' 'NMDC60013242' 'LR794385.1'
 'LR794405.1' 'LR794433.1' 'LR794462.1' 'LR794514.1' 'LR794519.1'
 'LR794530.1' 'LR794549.1' 'LR794564.1' 'LR794619.1' 'LR794620.1'
 'LR794650.1' 'EPI_ISL_421932' 'EPI_ISL_420624' 'EPI_ISL_420620'
 'EPI_ISL_420609' 'EPI_ISL_420611' 'EPI_ISL_420619' 'EPI_ISL_420598'
 'EPI_ISL_420605' 'EPI_ISL_451091' 'EPI_ISL_434889' 'EPI_ISL_451087'
 'EPI_ISL_451084' 'EPI_ISL_455978' 'EPI_ISL_439246' 'EPI_ISL_453745'
 'EPI_ISL_453760' 'EPI_ISL_439159' 'EPI_ISL_432762' 'EPI_ISL_434503'
 'EPI_ISL_434493' 'EPI_ISL_442479' 'EPI_ISL_427379' 'EPI_ISL_427385'
 'EPI_ISL_432478' 'EPI_ISL_424658' 'EPI_ISL_424652' 'EPI_ISL_424655'
 'EPI_ISL_424644' 'EPI_ISL_424642' 'EPI_ISL_424650' 'EPI_ISL_424633'
 'EPI_ISL_424640' 'EPI_ISL_428944' 'EPI_ISL_421204' 'EPI_ISL_423583'
 'EPI_ISL_433499' 'EPI_ISL_429571' 'EPI_ISL_435421' 'EPI_ISL_428359'
 'EPI_ISL_443301' 'EPI_ISL_421512' 'EPI_ISL_428352' 'EPI_ISL_432864'
 'EPI_ISL_419182' 'EPI_ISL_419185' 'EPI_ISL_419186' 'EPI_ISL_420063'
 'EPI_ISL_425899' 'EPI_ISL_419170' 'EPI_ISL_443310' 'EPI_ISL_417526'
 'EPI_ISL_420044' 'EPI_ISL_418423' 'EPI_ISL_418427' 'EPI_ISL_421750'
 'EPI_ISL_418422' 'EPI_ISL_418424' 'EPI_ISL_447136' 'EPI_ISL_417437'
 'EPI_ISL_420038' 'EPI_ISL_420046' 'EPI_ISL_420055' 'EPI_ISL_421738'
 'EPI_ISL_421752' 'EPI_ISL_421753' 'EPI_ISL_418417' 'EPI_ISL_418240'
 'EPI_ISL_420040' 'EPI_ISL_419587' 'EPI_ISL_416499' 'EPI_ISL_417339'
 'EPI_ISL_419578' 'EPI_ISL_417337' 'EPI_ISL_416754' 'EPI_ISL_416756'
 'EPI_ISL_415651' 'EPI_ISL_415652' 'EPI_ISL_416751' 'EPI_ISL_417334'
 'EPI_ISL_416747' 'EPI_ISL_416749' 'EPI_ISL_416752' 'MT451041.1'
 'MT451177.1' 'MT451179.1' 'MT451194.1' 'EPI_ISL_445282' 'EPI_ISL_445311'
 'EPI_ISL_452223' 'EPI_ISL_429115' 'EPI_ISL_415704' 'EPI_ISL_429212'
 'EPI_ISL_415706' 'EPI_ISL_429208' 'EPI_ISL_429196' 'EPI_ISL_415705'
 'EPI_ISL_429211' 'EPI_ISL_415707' 'EPI_ISL_421453']",1,0.001327564262805766
685(Deletion:AAAGTCATTT->A);3037(SNP:C->T);14408(SNP:C->T);15324(SNP:C->T);23403(SNP:A->G),2020-05-16,['EPI_ISL_447133'],B.1,Belgium,"['EPI_ISL_416493' 'EPI_ISL_417946' 'EPI_ISL_417947' 'EPI_ISL_418024'
 'EPI_ISL_418230' 'EPI_ISL_418231' 'EPI_ISL_418234' 'EPI_ISL_418628'
 'EPI_ISL_418632' 'EPI_ISL_418634' 'EPI_ISL_418635' 'EPI_ISL_418648'
 'EPI_ISL_418657' 'EPI_ISL_418659' 'EPI_ISL_418795' 'EPI_ISL_419593'
 'EPI_ISL_420035' 'EPI_ISL_420039' 'EPI_ISL_420083' 'EPI_ISL_420365'
 'EPI_ISL_420368' 'EPI_ISL_420373' 'EPI_ISL_420380' 'EPI_ISL_420382'
 'EPI_ISL_420384' 'EPI_ISL_420389' 'EPI_ISL_420390' 'EPI_ISL_420395'
 'EPI_ISL_420396' 'EPI_ISL_420397' 'EPI_ISL_420427' 'EPI_ISL_420432'
 'EPI_ISL_420434' 'EPI_ISL_420440' 'EPI_ISL_420452' 'EPI_ISL_421508'
 'EPI_ISL_421745' 'EPI_ISL_421746' 'MT320538.2' 'EPI_ISL_427394'
 'EPI_ISL_428890' 'EPI_ISL_429724' 'EPI_ISL_429766' 'EPI_ISL_429782'
 'EPI_ISL_434621' 'EPI_ISL_434622' 'EPI_ISL_434623' 'EPI_ISL_434624'
 'EPI_ISL_434625' 'EPI_ISL_434631' 'EPI_ISL_434632' 'EPI_ISL_434633'
 'EPI_ISL_434634' 'EPI_ISL_435032' 'EPI_ISL_433646' 'EPI_ISL_437348'
 'EPI_ISL_437350' 'FR994049.1' 'EPI_ISL_443291' 'EPI_ISL_444969'
 'EPI_ISL_445069' 'MT358643.1' 'MT470101.1' 'MT470102.1' 'MT470106.1'
 'MT470110.1' 'MT470113.1' 'MT470114.1' 'MT470118.1' 'MT470124.1'
 'MT470133.1' 'MT470136.1' 'MT470138.1' 'MT470140.1' 'MT470143.1'
 'MT470148.1' 'MT470155.1' 'MT470162.1' 'MT470164.1' 'MT470165.1'
 'MT470167.1' 'MT470173.1' 'MT470176.1' 'EPI_ISL_445216' 'EPI_ISL_445272'
 'EPI_ISL_450519' 'LR824235.1' 'LR824247.1' 'LR824250.1' 'LR824268.1'
 'LR824263.1' 'LR824266.1' 'LR824283.1' 'LR824301.1' 'LR824326.1'
 'LR824321.1' 'LR824318.1' 'LR824325.1' 'LR824342.1' 'LR824371.1'
 'LR824381.1' 'LR824400.1' 'LR824409.1' 'LR824413.1' 'LR824414.1'
 'EPI_ISL_451935' 'EPI_ISL_452148' 'EPI_ISL_452151' 'EPI_ISL_452152'
 'EPI_ISL_453982' 'EPI_ISL_457974' 'NMDC60013159' 'NMDC60013162'
 'NMDC60013163' 'NMDC60013164' 'NMDC60013165' 'NMDC60013166'
 'NMDC60013167' 'NMDC60013168' 'NMDC60013169' 'NMDC60013170'
 'NMDC60013171' 'NMDC60013172' 'NMDC60013173' 'NMDC60013174'
 'NMDC60013175' 'NMDC60013176' 'NMDC60013177' 'NMDC60013184'
 'NMDC60013186' 'NMDC60013188' 'NMDC60013189' 'NMDC60013190'
 'NMDC60013191' 'NMDC60013192' 'NMDC60013193' 'NMDC60013194'
 'NMDC60013195' 'NMDC60013196' 'NMDC60013197' 'NMDC60013198'
 'NMDC60013199' 'NMDC60013239' 'NMDC60013240' 'NMDC60013242' 'LR794385.1'
 'LR794405.1' 'LR794433.1' 'LR794462.1' 'LR794514.1' 'LR794519.1'
 'LR794530.1' 'LR794549.1' 'LR794564.1' 'LR794619.1' 'LR794620.1'
 'LR794650.1' 'EPI_ISL_421932' 'EPI_ISL_420624' 'EPI_ISL_420620'
 'EPI_ISL_420609' 'EPI_ISL_420611' 'EPI_ISL_420619' 'EPI_ISL_420598'
 'EPI_ISL_420605' 'EPI_ISL_451091' 'EPI_ISL_434889' 'EPI_ISL_451087'
 'EPI_ISL_451084' 'EPI_ISL_455978' 'EPI_ISL_439246' 'EPI_ISL_453745'
 'EPI_ISL_453760' 'EPI_ISL_439159' 'EPI_ISL_432762' 'EPI_ISL_434503'
 'EPI_ISL_434493' 'EPI_ISL_442479' 'EPI_ISL_427379' 'EPI_ISL_427385'
 'EPI_ISL_432478' 'EPI_ISL_424658' 'EPI_ISL_424652' 'EPI_ISL_424655'
 'EPI_ISL_424644' 'EPI_ISL_424642' 'EPI_ISL_424650' 'EPI_ISL_424633'
 'EPI_ISL_424640' 'EPI_ISL_428944' 'EPI_ISL_421204' 'EPI_ISL_423583'
 'EPI_ISL_433499' 'EPI_ISL_429571' 'EPI_ISL_435421' 'EPI_ISL_428359'
 'EPI_ISL_443301' 'EPI_ISL_421512' 'EPI_ISL_428352' 'EPI_ISL_432864'
 'EPI_ISL_419182' 'EPI_ISL_419185' 'EPI_ISL_419186' 'EPI_ISL_420063'
 'EPI_ISL_425899' 'EPI_ISL_419170' 'EPI_ISL_443310' 'EPI_ISL_417526'
 'EPI_ISL_420044' 'EPI_ISL_418423' 'EPI_ISL_418427' 'EPI_ISL_421750'
 'EPI_ISL_418422' 'EPI_ISL_418424' 'EPI_ISL_447136' 'EPI_ISL_417437'
 'EPI_ISL_420038' 'EPI_ISL_420046' 'EPI_ISL_420055' 'EPI_ISL_421738'
 'EPI_ISL_421752' 'EPI_ISL_421753' 'EPI_ISL_418417' 'EPI_ISL_418240'
 'EPI_ISL_420040' 'EPI_ISL_419587' 'EPI_ISL_416499' 'EPI_ISL_417339'
 'EPI_ISL_419578' 'EPI_ISL_417337' 'EPI_ISL_416754' 'EPI_ISL_416756'
 'EPI_ISL_415651' 'EPI_ISL_415652' 'EPI_ISL_416751' 'EPI_ISL_417334'
 'EPI_ISL_416747' 'EPI_ISL_416749' 'EPI_ISL_416752' 'MT451041.1'
 'MT451177.1' 'MT451179.1' 'MT451194.1' 'EPI_ISL_445282' 'EPI_ISL_445311'
 'EPI_ISL_452223' 'EPI_ISL_429115' 'EPI_ISL_415704' 'EPI_ISL_429212'
 'EPI_ISL_415706' 'EPI_ISL_429208' 'EPI_ISL_429196' 'EPI_ISL_415705'
 'EPI_ISL_429211' 'EPI_ISL_415707' 'EPI_ISL_421453']",1,0.001327564262805766
3037(SNP:C->T);14408(SNP:C->T);14585(SNP:C->T);15324(SNP:C->T);23403(SNP:A->G),2020-05-19,['EPI_ISL_448907'],B.1,United Kingdom,"['EPI_ISL_416493' 'EPI_ISL_417946' 'EPI_ISL_417947' 'EPI_ISL_418024'
 'EPI_ISL_418230' 'EPI_ISL_418231' 'EPI_ISL_418234' 'EPI_ISL_418628'
 'EPI_ISL_418632' 'EPI_ISL_418634' 'EPI_ISL_418635' 'EPI_ISL_418648'
 'EPI_ISL_418657' 'EPI_ISL_418659' 'EPI_ISL_418795' 'EPI_ISL_419593'
 'EPI_ISL_420035' 'EPI_ISL_420039' 'EPI_ISL_420083' 'EPI_ISL_420365'
 'EPI_ISL_420368' 'EPI_ISL_420373' 'EPI_ISL_420380' 'EPI_ISL_420382'
 'EPI_ISL_420384' 'EPI_ISL_420389' 'EPI_ISL_420390' 'EPI_ISL_420395'
 'EPI_ISL_420396' 'EPI_ISL_420397' 'EPI_ISL_420427' 'EPI_ISL_420432'
 'EPI_ISL_420434' 'EPI_ISL_420440' 'EPI_ISL_420452' 'EPI_ISL_421508'
 'EPI_ISL_421745' 'EPI_ISL_421746' 'MT320538.2' 'EPI_ISL_427394'
 'EPI_ISL_428890' 'EPI_ISL_429724' 'EPI_ISL_429766' 'EPI_ISL_429782'
 'EPI_ISL_434621' 'EPI_ISL_434622' 'EPI_ISL_434623' 'EPI_ISL_434624'
 'EPI_ISL_434625' 'EPI_ISL_434631' 'EPI_ISL_434632' 'EPI_ISL_434633'
 'EPI_ISL_434634' 'EPI_ISL_435032' 'EPI_ISL_433646' 'EPI_ISL_437348'
 'EPI_ISL_437350' 'FR994049.1' 'EPI_ISL_443291' 'EPI_ISL_444969'
 'EPI_ISL_445069' 'MT358643.1' 'MT470101.1' 'MT470102.1' 'MT470106.1'
 'MT470110.1' 'MT470113.1' 'MT470114.1' 'MT470118.1' 'MT470124.1'
 'MT470133.1' 'MT470136.1' 'MT470138.1' 'MT470140.1' 'MT470143.1'
 'MT470148.1' 'MT470155.1' 'MT470162.1' 'MT470164.1' 'MT470165.1'
 'MT470167.1' 'MT470173.1' 'MT470176.1' 'EPI_ISL_445216' 'EPI_ISL_445272'
 'EPI_ISL_450519' 'LR824235.1' 'LR824247.1' 'LR824250.1' 'LR824268.1'
 'LR824263.1' 'LR824266.1' 'LR824283.1' 'LR824301.1' 'LR824326.1'
 'LR824321.1' 'LR824318.1' 'LR824325.1' 'LR824342.1' 'LR824371.1'
 'LR824381.1' 'LR824400.1' 'LR824409.1' 'LR824413.1' 'LR824414.1'
 'EPI_ISL_451935' 'EPI_ISL_452148' 'EPI_ISL_452151' 'EPI_ISL_452152'
 'EPI_ISL_453982' 'EPI_ISL_457974' 'NMDC60013159' 'NMDC60013162'
 'NMDC60013163' 'NMDC60013164' 'NMDC60013165' 'NMDC60013166'
 'NMDC60013167' 'NMDC60013168' 'NMDC60013169' 'NMDC60013170'
 'NMDC60013171' 'NMDC60013172' 'NMDC60013173' 'NMDC60013174'
 'NMDC60013175' 'NMDC60013176' 'NMDC60013177' 'NMDC60013184'
 'NMDC60013186' 'NMDC60013188' 'NMDC60013189' 'NMDC60013190'
 'NMDC60013191' 'NMDC60013192' 'NMDC60013193' 'NMDC60013194'
 'NMDC60013195' 'NMDC60013196' 'NMDC60013197' 'NMDC60013198'
 'NMDC60013199' 'NMDC60013239' 'NMDC60013240' 'NMDC60013242' 'LR794385.1'
 'LR794405.1' 'LR794433.1' 'LR794462.1' 'LR794514.1' 'LR794519.1'
 'LR794530.1' 'LR794549.1' 'LR794564.1' 'LR794619.1' 'LR794620.1'
 'LR794650.1' 'EPI_ISL_421932' 'EPI_ISL_420624' 'EPI_ISL_420620'
 'EPI_ISL_420609' 'EPI_ISL_420611' 'EPI_ISL_420619' 'EPI_ISL_420598'
 'EPI_ISL_420605' 'EPI_ISL_451091' 'EPI_ISL_434889' 'EPI_ISL_451087'
 'EPI_ISL_451084' 'EPI_ISL_455978' 'EPI_ISL_439246' 'EPI_ISL_453745'
 'EPI_ISL_453760' 'EPI_ISL_439159' 'EPI_ISL_432762' 'EPI_ISL_434503'
 'EPI_ISL_434493' 'EPI_ISL_442479' 'EPI_ISL_427379' 'EPI_ISL_427385'
 'EPI_ISL_432478' 'EPI_ISL_424658' 'EPI_ISL_424652' 'EPI_ISL_424655'
 'EPI_ISL_424644' 'EPI_ISL_424642' 'EPI_ISL_424650' 'EPI_ISL_424633'
 'EPI_ISL_424640' 'EPI_ISL_428944' 'EPI_ISL_421204' 'EPI_ISL_423583'
 'EPI_ISL_433499' 'EPI_ISL_429571' 'EPI_ISL_435421' 'EPI_ISL_428359'
 'EPI_ISL_443301' 'EPI_ISL_421512' 'EPI_ISL_428352' 'EPI_ISL_432864'
 'EPI_ISL_419182' 'EPI_ISL_419185' 'EPI_ISL_419186' 'EPI_ISL_420063'
 'EPI_ISL_425899' 'EPI_ISL_419170' 'EPI_ISL_443310' 'EPI_ISL_417526'
 'EPI_ISL_420044' 'EPI_ISL_418423' 'EPI_ISL_418427' 'EPI_ISL_421750'
 'EPI_ISL_418422' 'EPI_ISL_418424' 'EPI_ISL_447136' 'EPI_ISL_417437'
 'EPI_ISL_420038' 'EPI_ISL_420046' 'EPI_ISL_420055' 'EPI_ISL_421738'
 'EPI_ISL_421752' 'EPI_ISL_421753' 'EPI_ISL_418417' 'EPI_ISL_418240'
 'EPI_ISL_420040' 'EPI_ISL_419587' 'EPI_ISL_416499' 'EPI_ISL_417339'
 'EPI_ISL_419578' 'EPI_ISL_417337' 'EPI_ISL_416754' 'EPI_ISL_416756'
 'EPI_ISL_415651' 'EPI_ISL_415652' 'EPI_ISL_416751' 'EPI_ISL_417334'
 'EPI_ISL_416747' 'EPI_ISL_416749' 'EPI_ISL_416752' 'MT451041.1'
 'MT451177.1' 'MT451179.1' 'MT451194.1' 'EPI_ISL_445282' 'EPI_ISL_445311'
 'EPI_ISL_452223' 'EPI_ISL_429115' 'EPI_ISL_415704' 'EPI_ISL_429212'
 'EPI_ISL_415706' 'EPI_ISL_429208' 'EPI_ISL_429196' 'EPI_ISL_415705'
 'EPI_ISL_429211' 'EPI_ISL_415707' 'EPI_ISL_421453']",1,0.001327564262805766
3037(SNP:C->T);14408(SNP:C->T);15324(SNP:C->T);22882(SNP:T->G);23403(SNP:A->G),2020-05-21,['EPI_ISL_450523'],B.1,Latvia,"['EPI_ISL_416493' 'EPI_ISL_417946' 'EPI_ISL_417947' 'EPI_ISL_418024'
 'EPI_ISL_418230' 'EPI_ISL_418231' 'EPI_ISL_418234' 'EPI_ISL_418628'
 'EPI_ISL_418632' 'EPI_ISL_418634' 'EPI_ISL_418635' 'EPI_ISL_418648'
 'EPI_ISL_418657' 'EPI_ISL_418659' 'EPI_ISL_418795' 'EPI_ISL_419593'
 'EPI_ISL_420035' 'EPI_ISL_420039' 'EPI_ISL_420083' 'EPI_ISL_420365'
 'EPI_ISL_420368' 'EPI_ISL_420373' 'EPI_ISL_420380' 'EPI_ISL_420382'
 'EPI_ISL_420384' 'EPI_ISL_420389' 'EPI_ISL_420390' 'EPI_ISL_420395'
 'EPI_ISL_420396' 'EPI_ISL_420397' 'EPI_ISL_420427' 'EPI_ISL_420432'
 'EPI_ISL_420434' 'EPI_ISL_420440' 'EPI_ISL_420452' 'EPI_ISL_421508'
 'EPI_ISL_421745' 'EPI_ISL_421746' 'MT320538.2' 'EPI_ISL_427394'
 'EPI_ISL_428890' 'EPI_ISL_429724' 'EPI_ISL_429766' 'EPI_ISL_429782'
 'EPI_ISL_434621' 'EPI_ISL_434622' 'EPI_ISL_434623' 'EPI_ISL_434624'
 'EPI_ISL_434625' 'EPI_ISL_434631' 'EPI_ISL_434632' 'EPI_ISL_434633'
 'EPI_ISL_434634' 'EPI_ISL_435032' 'EPI_ISL_433646' 'EPI_ISL_437348'
 'EPI_ISL_437350' 'FR994049.1' 'EPI_ISL_443291' 'EPI_ISL_444969'
 'EPI_ISL_445069' 'MT358643.1' 'MT470101.1' 'MT470102.1' 'MT470106.1'
 'MT470110.1' 'MT470113.1' 'MT470114.1' 'MT470118.1' 'MT470124.1'
 'MT470133.1' 'MT470136.1' 'MT470138.1' 'MT470140.1' 'MT470143.1'
 'MT470148.1' 'MT470155.1' 'MT470162.1' 'MT470164.1' 'MT470165.1'
 'MT470167.1' 'MT470173.1' 'MT470176.1' 'EPI_ISL_445216' 'EPI_ISL_445272'
 'EPI_ISL_450519' 'LR824235.1' 'LR824247.1' 'LR824250.1' 'LR824268.1'
 'LR824263.1' 'LR824266.1' 'LR824283.1' 'LR824301.1' 'LR824326.1'
 'LR824321.1' 'LR824318.1' 'LR824325.1' 'LR824342.1' 'LR824371.1'
 'LR824381.1' 'LR824400.1' 'LR824409.1' 'LR824413.1' 'LR824414.1'
 'EPI_ISL_451935' 'EPI_ISL_452148' 'EPI_ISL_452151' 'EPI_ISL_452152'
 'EPI_ISL_453982' 'EPI_ISL_457974' 'NMDC60013159' 'NMDC60013162'
 'NMDC60013163' 'NMDC60013164' 'NMDC60013165' 'NMDC60013166'
 'NMDC60013167' 'NMDC60013168' 'NMDC60013169' 'NMDC60013170'
 'NMDC60013171' 'NMDC60013172' 'NMDC60013173' 'NMDC60013174'
 'NMDC60013175' 'NMDC60013176' 'NMDC60013177' 'NMDC60013184'
 'NMDC60013186' 'NMDC60013188' 'NMDC60013189' 'NMDC60013190'
 'NMDC60013191' 'NMDC60013192' 'NMDC60013193' 'NMDC60013194'
 'NMDC60013195' 'NMDC60013196' 'NMDC60013197' 'NMDC60013198'
 'NMDC60013199' 'NMDC60013239' 'NMDC60013240' 'NMDC60013242' 'LR794385.1'
 'LR794405.1' 'LR794433.1' 'LR794462.1' 'LR794514.1' 'LR794519.1'
 'LR794530.1' 'LR794549.1' 'LR794564.1' 'LR794619.1' 'LR794620.1'
 'LR794650.1' 'EPI_ISL_421932' 'EPI_ISL_420624' 'EPI_ISL_420620'
 'EPI_ISL_420609' 'EPI_ISL_420611' 'EPI_ISL_420619' 'EPI_ISL_420598'
 'EPI_ISL_420605' 'EPI_ISL_451091' 'EPI_ISL_434889' 'EPI_ISL_451087'
 'EPI_ISL_451084' 'EPI_ISL_455978' 'EPI_ISL_439246' 'EPI_ISL_453745'
 'EPI_ISL_453760' 'EPI_ISL_439159' 'EPI_ISL_432762' 'EPI_ISL_434503'
 'EPI_ISL_434493' 'EPI_ISL_442479' 'EPI_ISL_427379' 'EPI_ISL_427385'
 'EPI_ISL_432478' 'EPI_ISL_424658' 'EPI_ISL_424652' 'EPI_ISL_424655'
 'EPI_ISL_424644' 'EPI_ISL_424642' 'EPI_ISL_424650' 'EPI_ISL_424633'
 'EPI_ISL_424640' 'EPI_ISL_428944' 'EPI_ISL_421204' 'EPI_ISL_423583'
 'EPI_ISL_433499' 'EPI_ISL_429571' 'EPI_ISL_435421' 'EPI_ISL_428359'
 'EPI_ISL_443301' 'EPI_ISL_421512' 'EPI_ISL_428352' 'EPI_ISL_432864'
 'EPI_ISL_419182' 'EPI_ISL_419185' 'EPI_ISL_419186' 'EPI_ISL_420063'
 'EPI_ISL_425899' 'EPI_ISL_419170' 'EPI_ISL_443310' 'EPI_ISL_417526'
 'EPI_ISL_420044' 'EPI_ISL_418423' 'EPI_ISL_418427' 'EPI_ISL_421750'
 'EPI_ISL_418422' 'EPI_ISL_418424' 'EPI_ISL_447136' 'EPI_ISL_417437'
 'EPI_ISL_420038' 'EPI_ISL_420046' 'EPI_ISL_420055' 'EPI_ISL_421738'
 'EPI_ISL_421752' 'EPI_ISL_421753' 'EPI_ISL_418417' 'EPI_ISL_418240'
 'EPI_ISL_420040' 'EPI_ISL_419587' 'EPI_ISL_416499' 'EPI_ISL_417339'
 'EPI_ISL_419578' 'EPI_ISL_417337' 'EPI_ISL_416754' 'EPI_ISL_416756'
 'EPI_ISL_415651' 'EPI_ISL_415652' 'EPI_ISL_416751' 'EPI_ISL_417334'
 'EPI_ISL_416747' 'EPI_ISL_416749' 'EPI_ISL_416752' 'MT451041.1'
 'MT451177.1' 'MT451179.1' 'MT451194.1' 'EPI_ISL_445282' 'EPI_ISL_445311'
 'EPI_ISL_452223' 'EPI_ISL_429115' 'EPI_ISL_415704' 'EPI_ISL_429212'
 'EPI_ISL_415706' 'EPI_ISL_429208' 'EPI_ISL_429196' 'EPI_ISL_415705'
 'EPI_ISL_429211' 'EPI_ISL_415707' 'EPI_ISL_421453']",1,0.001327564262805766
3037(SNP:C->T);14408(SNP:C->T);15324(SNP:C->T);23403(SNP:A->G);24503(SNP:C->T),2020-05-21,['MT506901.1'],B.1,United States,"['EPI_ISL_416493' 'EPI_ISL_417946' 'EPI_ISL_417947' 'EPI_ISL_418024'
 'EPI_ISL_418230' 'EPI_ISL_418231' 'EPI_ISL_418234' 'EPI_ISL_418628'
 'EPI_ISL_418632' 'EPI_ISL_418634' 'EPI_ISL_418635' 'EPI_ISL_418648'
 'EPI_ISL_418657' 'EPI_ISL_418659' 'EPI_ISL_418795' 'EPI_ISL_419593'
 'EPI_ISL_420035' 'EPI_ISL_420039' 'EPI_ISL_420083' 'EPI_ISL_420365'
 'EPI_ISL_420368' 'EPI_ISL_420373' 'EPI_ISL_420380' 'EPI_ISL_420382'
 'EPI_ISL_420384' 'EPI_ISL_420389' 'EPI_ISL_420390' 'EPI_ISL_420395'
 'EPI_ISL_420396' 'EPI_ISL_420397' 'EPI_ISL_420427' 'EPI_ISL_420432'
 'EPI_ISL_420434' 'EPI_ISL_420440' 'EPI_ISL_420452' 'EPI_ISL_421508'
 'EPI_ISL_421745' 'EPI_ISL_421746' 'MT320538.2' 'EPI_ISL_427394'
 'EPI_ISL_428890' 'EPI_ISL_429724' 'EPI_ISL_429766' 'EPI_ISL_429782'
 'EPI_ISL_434621' 'EPI_ISL_434622' 'EPI_ISL_434623' 'EPI_ISL_434624'
 'EPI_ISL_434625' 'EPI_ISL_434631' 'EPI_ISL_434632' 'EPI_ISL_434633'
 'EPI_ISL_434634' 'EPI_ISL_435032' 'EPI_ISL_433646' 'EPI_ISL_437348'
 'EPI_ISL_437350' 'FR994049.1' 'EPI_ISL_443291' 'EPI_ISL_444969'
 'EPI_ISL_445069' 'MT358643.1' 'MT470101.1' 'MT470102.1' 'MT470106.1'
 'MT470110.1' 'MT470113.1' 'MT470114.1' 'MT470118.1' 'MT470124.1'
 'MT470133.1' 'MT470136.1' 'MT470138.1' 'MT470140.1' 'MT470143.1'
 'MT470148.1' 'MT470155.1' 'MT470162.1' 'MT470164.1' 'MT470165.1'
 'MT470167.1' 'MT470173.1' 'MT470176.1' 'EPI_ISL_445216' 'EPI_ISL_445272'
 'EPI_ISL_450519' 'LR824235.1' 'LR824247.1' 'LR824250.1' 'LR824268.1'
 'LR824263.1' 'LR824266.1' 'LR824283.1' 'LR824301.1' 'LR824326.1'
 'LR824321.1' 'LR824318.1' 'LR824325.1' 'LR824342.1' 'LR824371.1'
 'LR824381.1' 'LR824400.1' 'LR824409.1' 'LR824413.1' 'LR824414.1'
 'EPI_ISL_451935' 'EPI_ISL_452148' 'EPI_ISL_452151' 'EPI_ISL_452152'
 'EPI_ISL_453982' 'EPI_ISL_457974' 'NMDC60013159' 'NMDC60013162'
 'NMDC60013163' 'NMDC60013164' 'NMDC60013165' 'NMDC60013166'
 'NMDC60013167' 'NMDC60013168' 'NMDC60013169' 'NMDC60013170'
 'NMDC60013171' 'NMDC60013172' 'NMDC60013173' 'NMDC60013174'
 'NMDC60013175' 'NMDC60013176' 'NMDC60013177' 'NMDC60013184'
 'NMDC60013186' 'NMDC60013188' 'NMDC60013189' 'NMDC60013190'
 'NMDC60013191' 'NMDC60013192' 'NMDC60013193' 'NMDC60013194'
 'NMDC60013195' 'NMDC60013196' 'NMDC60013197' 'NMDC60013198'
 'NMDC60013199' 'NMDC60013239' 'NMDC60013240' 'NMDC60013242' 'LR794385.1'
 'LR794405.1' 'LR794433.1' 'LR794462.1' 'LR794514.1' 'LR794519.1'
 'LR794530.1' 'LR794549.1' 'LR794564.1' 'LR794619.1' 'LR794620.1'
 'LR794650.1' 'EPI_ISL_421932' 'EPI_ISL_420624' 'EPI_ISL_420620'
 'EPI_ISL_420609' 'EPI_ISL_420611' 'EPI_ISL_420619' 'EPI_ISL_420598'
 'EPI_ISL_420605' 'EPI_ISL_451091' 'EPI_ISL_434889' 'EPI_ISL_451087'
 'EPI_ISL_451084' 'EPI_ISL_455978' 'EPI_ISL_439246' 'EPI_ISL_453745'
 'EPI_ISL_453760' 'EPI_ISL_439159' 'EPI_ISL_432762' 'EPI_ISL_434503'
 'EPI_ISL_434493' 'EPI_ISL_442479' 'EPI_ISL_427379' 'EPI_ISL_427385'
 'EPI_ISL_432478' 'EPI_ISL_424658' 'EPI_ISL_424652' 'EPI_ISL_424655'
 'EPI_ISL_424644' 'EPI_ISL_424642' 'EPI_ISL_424650' 'EPI_ISL_424633'
 'EPI_ISL_424640' 'EPI_ISL_428944' 'EPI_ISL_421204' 'EPI_ISL_423583'
 'EPI_ISL_433499' 'EPI_ISL_429571' 'EPI_ISL_435421' 'EPI_ISL_428359'
 'EPI_ISL_443301' 'EPI_ISL_421512' 'EPI_ISL_428352' 'EPI_ISL_432864'
 'EPI_ISL_419182' 'EPI_ISL_419185' 'EPI_ISL_419186' 'EPI_ISL_420063'
 'EPI_ISL_425899' 'EPI_ISL_419170' 'EPI_ISL_443310' 'EPI_ISL_417526'
 'EPI_ISL_420044' 'EPI_ISL_418423' 'EPI_ISL_418427' 'EPI_ISL_421750'
 'EPI_ISL_418422' 'EPI_ISL_418424' 'EPI_ISL_447136' 'EPI_ISL_417437'
 'EPI_ISL_420038' 'EPI_ISL_420046' 'EPI_ISL_420055' 'EPI_ISL_421738'
 'EPI_ISL_421752' 'EPI_ISL_421753' 'EPI_ISL_418417' 'EPI_ISL_418240'
 'EPI_ISL_420040' 'EPI_ISL_419587' 'EPI_ISL_416499' 'EPI_ISL_417339'
 'EPI_ISL_419578' 'EPI_ISL_417337' 'EPI_ISL_416754' 'EPI_ISL_416756'
 'EPI_ISL_415651' 'EPI_ISL_415652' 'EPI_ISL_416751' 'EPI_ISL_417334'
 'EPI_ISL_416747' 'EPI_ISL_416749' 'EPI_ISL_416752' 'MT451041.1'
 'MT451177.1' 'MT451179.1' 'MT451194.1' 'EPI_ISL_445282' 'EPI_ISL_445311'
 'EPI_ISL_452223' 'EPI_ISL_429115' 'EPI_ISL_415704' 'EPI_ISL_429212'
 'EPI_ISL_415706' 'EPI_ISL_429208' 'EPI_ISL_429196' 'EPI_ISL_415705'
 'EPI_ISL_429211' 'EPI_ISL_415707' 'EPI_ISL_421453']",1,0.001327564262805766
3037(SNP:C->T);10319(SNP:C->T);14408(SNP:C->T);15324(SNP:C->T);23403(SNP:A->G),2020-05-23,['EPI_ISL_451180'],B.1,Belgium,"['EPI_ISL_416493' 'EPI_ISL_417946' 'EPI_ISL_417947' 'EPI_ISL_418024'
 'EPI_ISL_418230' 'EPI_ISL_418231' 'EPI_ISL_418234' 'EPI_ISL_418628'
 'EPI_ISL_418632' 'EPI_ISL_418634' 'EPI_ISL_418635' 'EPI_ISL_418648'
 'EPI_ISL_418657' 'EPI_ISL_418659' 'EPI_ISL_418795' 'EPI_ISL_419593'
 'EPI_ISL_420035' 'EPI_ISL_420039' 'EPI_ISL_420083' 'EPI_ISL_420365'
 'EPI_ISL_420368' 'EPI_ISL_420373' 'EPI_ISL_420380' 'EPI_ISL_420382'
 'EPI_ISL_420384' 'EPI_ISL_420389' 'EPI_ISL_420390' 'EPI_ISL_420395'
 'EPI_ISL_420396' 'EPI_ISL_420397' 'EPI_ISL_420427' 'EPI_ISL_420432'
 'EPI_ISL_420434' 'EPI_ISL_420440' 'EPI_ISL_420452' 'EPI_ISL_421508'
 'EPI_ISL_421745' 'EPI_ISL_421746' 'MT320538.2' 'EPI_ISL_427394'
 'EPI_ISL_428890' 'EPI_ISL_429724' 'EPI_ISL_429766' 'EPI_ISL_429782'
 'EPI_ISL_434621' 'EPI_ISL_434622' 'EPI_ISL_434623' 'EPI_ISL_434624'
 'EPI_ISL_434625' 'EPI_ISL_434631' 'EPI_ISL_434632' 'EPI_ISL_434633'
 'EPI_ISL_434634' 'EPI_ISL_435032' 'EPI_ISL_433646' 'EPI_ISL_437348'
 'EPI_ISL_437350' 'FR994049.1' 'EPI_ISL_443291' 'EPI_ISL_444969'
 'EPI_ISL_445069' 'MT358643.1' 'MT470101.1' 'MT470102.1' 'MT470106.1'
 'MT470110.1' 'MT470113.1' 'MT470114.1' 'MT470118.1' 'MT470124.1'
 'MT470133.1' 'MT470136.1' 'MT470138.1' 'MT470140.1' 'MT470143.1'
 'MT470148.1' 'MT470155.1' 'MT470162.1' 'MT470164.1' 'MT470165.1'
 'MT470167.1' 'MT470173.1' 'MT470176.1' 'EPI_ISL_445216' 'EPI_ISL_445272'
 'EPI_ISL_450519' 'LR824235.1' 'LR824247.1' 'LR824250.1' 'LR824268.1'
 'LR824263.1' 'LR824266.1' 'LR824283.1' 'LR824301.1' 'LR824326.1'
 'LR824321.1' 'LR824318.1' 'LR824325.1' 'LR824342.1' 'LR824371.1'
 'LR824381.1' 'LR824400.1' 'LR824409.1' 'LR824413.1' 'LR824414.1'
 'EPI_ISL_451935' 'EPI_ISL_452148' 'EPI_ISL_452151' 'EPI_ISL_452152'
 'EPI_ISL_453982' 'EPI_ISL_457974' 'NMDC60013159' 'NMDC60013162'
 'NMDC60013163' 'NMDC60013164' 'NMDC60013165' 'NMDC60013166'
 'NMDC60013167' 'NMDC60013168' 'NMDC60013169' 'NMDC60013170'
 'NMDC60013171' 'NMDC60013172' 'NMDC60013173' 'NMDC60013174'
 'NMDC60013175' 'NMDC60013176' 'NMDC60013177' 'NMDC60013184'
 'NMDC60013186' 'NMDC60013188' 'NMDC60013189' 'NMDC60013190'
 'NMDC60013191' 'NMDC60013192' 'NMDC60013193' 'NMDC60013194'
 'NMDC60013195' 'NMDC60013196' 'NMDC60013197' 'NMDC60013198'
 'NMDC60013199' 'NMDC60013239' 'NMDC60013240' 'NMDC60013242' 'LR794385.1'
 'LR794405.1' 'LR794433.1' 'LR794462.1' 'LR794514.1' 'LR794519.1'
 'LR794530.1' 'LR794549.1' 'LR794564.1' 'LR794619.1' 'LR794620.1'
 'LR794650.1' 'EPI_ISL_421932' 'EPI_ISL_420624' 'EPI_ISL_420620'
 'EPI_ISL_420609' 'EPI_ISL_420611' 'EPI_ISL_420619' 'EPI_ISL_420598'
 'EPI_ISL_420605' 'EPI_ISL_451091' 'EPI_ISL_434889' 'EPI_ISL_451087'
 'EPI_ISL_451084' 'EPI_ISL_455978' 'EPI_ISL_439246' 'EPI_ISL_453745'
 'EPI_ISL_453760' 'EPI_ISL_439159' 'EPI_ISL_432762' 'EPI_ISL_434503'
 'EPI_ISL_434493' 'EPI_ISL_442479' 'EPI_ISL_427379' 'EPI_ISL_427385'
 'EPI_ISL_432478' 'EPI_ISL_424658' 'EPI_ISL_424652' 'EPI_ISL_424655'
 'EPI_ISL_424644' 'EPI_ISL_424642' 'EPI_ISL_424650' 'EPI_ISL_424633'
 'EPI_ISL_424640' 'EPI_ISL_428944' 'EPI_ISL_421204' 'EPI_ISL_423583'
 'EPI_ISL_433499' 'EPI_ISL_429571' 'EPI_ISL_435421' 'EPI_ISL_428359'
 'EPI_ISL_443301' 'EPI_ISL_421512' 'EPI_ISL_428352' 'EPI_ISL_432864'
 'EPI_ISL_419182' 'EPI_ISL_419185' 'EPI_ISL_419186' 'EPI_ISL_420063'
 'EPI_ISL_425899' 'EPI_ISL_419170' 'EPI_ISL_443310' 'EPI_ISL_417526'
 'EPI_ISL_420044' 'EPI_ISL_418423' 'EPI_ISL_418427' 'EPI_ISL_421750'
 'EPI_ISL_418422' 'EPI_ISL_418424' 'EPI_ISL_447136' 'EPI_ISL_417437'
 'EPI_ISL_420038' 'EPI_ISL_420046' 'EPI_ISL_420055' 'EPI_ISL_421738'
 'EPI_ISL_421752' 'EPI_ISL_421753' 'EPI_ISL_418417' 'EPI_ISL_418240'
 'EPI_ISL_420040' 'EPI_ISL_419587' 'EPI_ISL_416499' 'EPI_ISL_417339'
 'EPI_ISL_419578' 'EPI_ISL_417337' 'EPI_ISL_416754' 'EPI_ISL_416756'
 'EPI_ISL_415651' 'EPI_ISL_415652' 'EPI_ISL_416751' 'EPI_ISL_417334'
 'EPI_ISL_416747' 'EPI_ISL_416749' 'EPI_ISL_416752' 'MT451041.1'
 'MT451177.1' 'MT451179.1' 'MT451194.1' 'EPI_ISL_445282' 'EPI_ISL_445311'
 'EPI_ISL_452223' 'EPI_ISL_429115' 'EPI_ISL_415704' 'EPI_ISL_429212'
 'EPI_ISL_415706' 'EPI_ISL_429208' 'EPI_ISL_429196' 'EPI_ISL_415705'
 'EPI_ISL_429211' 'EPI_ISL_415707' 'EPI_ISL_421453']",1,0.001327564262805766
3037(SNP:C->T);12100(SNP:C->T);14408(SNP:C->T);15324(SNP:C->T);23403(SNP:A->G),2020-05-25,['LR824237.1'],B.1,Switzerland,"['EPI_ISL_416493' 'EPI_ISL_417946' 'EPI_ISL_417947' 'EPI_ISL_418024'
 'EPI_ISL_418230' 'EPI_ISL_418231' 'EPI_ISL_418234' 'EPI_ISL_418628'
 'EPI_ISL_418632' 'EPI_ISL_418634' 'EPI_ISL_418635' 'EPI_ISL_418648'
 'EPI_ISL_418657' 'EPI_ISL_418659' 'EPI_ISL_418795' 'EPI_ISL_419593'
 'EPI_ISL_420035' 'EPI_ISL_420039' 'EPI_ISL_420083' 'EPI_ISL_420365'
 'EPI_ISL_420368' 'EPI_ISL_420373' 'EPI_ISL_420380' 'EPI_ISL_420382'
 'EPI_ISL_420384' 'EPI_ISL_420389' 'EPI_ISL_420390' 'EPI_ISL_420395'
 'EPI_ISL_420396' 'EPI_ISL_420397' 'EPI_ISL_420427' 'EPI_ISL_420432'
 'EPI_ISL_420434' 'EPI_ISL_420440' 'EPI_ISL_420452' 'EPI_ISL_421508'
 'EPI_ISL_421745' 'EPI_ISL_421746' 'MT320538.2' 'EPI_ISL_427394'
 'EPI_ISL_428890' 'EPI_ISL_429724' 'EPI_ISL_429766' 'EPI_ISL_429782'
 'EPI_ISL_434621' 'EPI_ISL_434622' 'EPI_ISL_434623' 'EPI_ISL_434624'
 'EPI_ISL_434625' 'EPI_ISL_434631' 'EPI_ISL_434632' 'EPI_ISL_434633'
 'EPI_ISL_434634' 'EPI_ISL_435032' 'EPI_ISL_433646' 'EPI_ISL_437348'
 'EPI_ISL_437350' 'FR994049.1' 'EPI_ISL_443291' 'EPI_ISL_444969'
 'EPI_ISL_445069' 'MT358643.1' 'MT470101.1' 'MT470102.1' 'MT470106.1'
 'MT470110.1' 'MT470113.1' 'MT470114.1' 'MT470118.1' 'MT470124.1'
 'MT470133.1' 'MT470136.1' 'MT470138.1' 'MT470140.1' 'MT470143.1'
 'MT470148.1' 'MT470155.1' 'MT470162.1' 'MT470164.1' 'MT470165.1'
 'MT470167.1' 'MT470173.1' 'MT470176.1' 'EPI_ISL_445216' 'EPI_ISL_445272'
 'EPI_ISL_450519' 'LR824235.1' 'LR824247.1' 'LR824250.1' 'LR824268.1'
 'LR824263.1' 'LR824266.1' 'LR824283.1' 'LR824301.1' 'LR824326.1'
 'LR824321.1' 'LR824318.1' 'LR824325.1' 'LR824342.1' 'LR824371.1'
 'LR824381.1' 'LR824400.1' 'LR824409.1' 'LR824413.1' 'LR824414.1'
 'EPI_ISL_451935' 'EPI_ISL_452148' 'EPI_ISL_452151' 'EPI_ISL_452152'
 'EPI_ISL_453982' 'EPI_ISL_457974' 'NMDC60013159' 'NMDC60013162'
 'NMDC60013163' 'NMDC60013164' 'NMDC60013165' 'NMDC60013166'
 'NMDC60013167' 'NMDC60013168' 'NMDC60013169' 'NMDC60013170'
 'NMDC60013171' 'NMDC60013172' 'NMDC60013173' 'NMDC60013174'
 'NMDC60013175' 'NMDC60013176' 'NMDC60013177' 'NMDC60013184'
 'NMDC60013186' 'NMDC60013188' 'NMDC60013189' 'NMDC60013190'
 'NMDC60013191' 'NMDC60013192' 'NMDC60013193' 'NMDC60013194'
 'NMDC60013195' 'NMDC60013196' 'NMDC60013197' 'NMDC60013198'
 'NMDC60013199' 'NMDC60013239' 'NMDC60013240' 'NMDC60013242' 'LR794385.1'
 'LR794405.1' 'LR794433.1' 'LR794462.1' 'LR794514.1' 'LR794519.1'
 'LR794530.1' 'LR794549.1' 'LR794564.1' 'LR794619.1' 'LR794620.1'
 'LR794650.1' 'EPI_ISL_421932' 'EPI_ISL_420624' 'EPI_ISL_420620'
 'EPI_ISL_420609' 'EPI_ISL_420611' 'EPI_ISL_420619' 'EPI_ISL_420598'
 'EPI_ISL_420605' 'EPI_ISL_451091' 'EPI_ISL_434889' 'EPI_ISL_451087'
 'EPI_ISL_451084' 'EPI_ISL_455978' 'EPI_ISL_439246' 'EPI_ISL_453745'
 'EPI_ISL_453760' 'EPI_ISL_439159' 'EPI_ISL_432762' 'EPI_ISL_434503'
 'EPI_ISL_434493' 'EPI_ISL_442479' 'EPI_ISL_427379' 'EPI_ISL_427385'
 'EPI_ISL_432478' 'EPI_ISL_424658' 'EPI_ISL_424652' 'EPI_ISL_424655'
 'EPI_ISL_424644' 'EPI_ISL_424642' 'EPI_ISL_424650' 'EPI_ISL_424633'
 'EPI_ISL_424640' 'EPI_ISL_428944' 'EPI_ISL_421204' 'EPI_ISL_423583'
 'EPI_ISL_433499' 'EPI_ISL_429571' 'EPI_ISL_435421' 'EPI_ISL_428359'
 'EPI_ISL_443301' 'EPI_ISL_421512' 'EPI_ISL_428352' 'EPI_ISL_432864'
 'EPI_ISL_419182' 'EPI_ISL_419185' 'EPI_ISL_419186' 'EPI_ISL_420063'
 'EPI_ISL_425899' 'EPI_ISL_419170' 'EPI_ISL_443310' 'EPI_ISL_417526'
 'EPI_ISL_420044' 'EPI_ISL_418423' 'EPI_ISL_418427' 'EPI_ISL_421750'
 'EPI_ISL_418422' 'EPI_ISL_418424' 'EPI_ISL_447136' 'EPI_ISL_417437'
 'EPI_ISL_420038' 'EPI_ISL_420046' 'EPI_ISL_420055' 'EPI_ISL_421738'
 'EPI_ISL_421752' 'EPI_ISL_421753' 'EPI_ISL_418417' 'EPI_ISL_418240'
 'EPI_ISL_420040' 'EPI_ISL_419587' 'EPI_ISL_416499' 'EPI_ISL_417339'
 'EPI_ISL_419578' 'EPI_ISL_417337' 'EPI_ISL_416754' 'EPI_ISL_416756'
 'EPI_ISL_415651' 'EPI_ISL_415652' 'EPI_ISL_416751' 'EPI_ISL_417334'
 'EPI_ISL_416747' 'EPI_ISL_416749' 'EPI_ISL_416752' 'MT451041.1'
 'MT451177.1' 'MT451179.1' 'MT451194.1' 'EPI_ISL_445282' 'EPI_ISL_445311'
 'EPI_ISL_452223' 'EPI_ISL_429115' 'EPI_ISL_415704' 'EPI_ISL_429212'
 'EPI_ISL_415706' 'EPI_ISL_429208' 'EPI_ISL_429196' 'EPI_ISL_415705'
 'EPI_ISL_429211' 'EPI_ISL_415707' 'EPI_ISL_421453']",1,0.001327564262805766
3037(SNP:C->T);14408(SNP:C->T);15324(SNP:C->T);23403(SNP:A->G);23489(SNP:T->C),2020-05-25,['LR824386.1'],B.1,Switzerland,"['EPI_ISL_416493' 'EPI_ISL_417946' 'EPI_ISL_417947' 'EPI_ISL_418024'
 'EPI_ISL_418230' 'EPI_ISL_418231' 'EPI_ISL_418234' 'EPI_ISL_418628'
 'EPI_ISL_418632' 'EPI_ISL_418634' 'EPI_ISL_418635' 'EPI_ISL_418648'
 'EPI_ISL_418657' 'EPI_ISL_418659' 'EPI_ISL_418795' 'EPI_ISL_419593'
 'EPI_ISL_420035' 'EPI_ISL_420039' 'EPI_ISL_420083' 'EPI_ISL_420365'
 'EPI_ISL_420368' 'EPI_ISL_420373' 'EPI_ISL_420380' 'EPI_ISL_420382'
 'EPI_ISL_420384' 'EPI_ISL_420389' 'EPI_ISL_420390' 'EPI_ISL_420395'
 'EPI_ISL_420396' 'EPI_ISL_420397' 'EPI_ISL_420427' 'EPI_ISL_420432'
 'EPI_ISL_420434' 'EPI_ISL_420440' 'EPI_ISL_420452' 'EPI_ISL_421508'
 'EPI_ISL_421745' 'EPI_ISL_421746' 'MT320538.2' 'EPI_ISL_427394'
 'EPI_ISL_428890' 'EPI_ISL_429724' 'EPI_ISL_429766' 'EPI_ISL_429782'
 'EPI_ISL_434621' 'EPI_ISL_434622' 'EPI_ISL_434623' 'EPI_ISL_434624'
 'EPI_ISL_434625' 'EPI_ISL_434631' 'EPI_ISL_434632' 'EPI_ISL_434633'
 'EPI_ISL_434634' 'EPI_ISL_435032' 'EPI_ISL_433646' 'EPI_ISL_437348'
 'EPI_ISL_437350' 'FR994049.1' 'EPI_ISL_443291' 'EPI_ISL_444969'
 'EPI_ISL_445069' 'MT358643.1' 'MT470101.1' 'MT470102.1' 'MT470106.1'
 'MT470110.1' 'MT470113.1' 'MT470114.1' 'MT470118.1' 'MT470124.1'
 'MT470133.1' 'MT470136.1' 'MT470138.1' 'MT470140.1' 'MT470143.1'
 'MT470148.1' 'MT470155.1' 'MT470162.1' 'MT470164.1' 'MT470165.1'
 'MT470167.1' 'MT470173.1' 'MT470176.1' 'EPI_ISL_445216' 'EPI_ISL_445272'
 'EPI_ISL_450519' 'LR824235.1' 'LR824247.1' 'LR824250.1' 'LR824268.1'
 'LR824263.1' 'LR824266.1' 'LR824283.1' 'LR824301.1' 'LR824326.1'
 'LR824321.1' 'LR824318.1' 'LR824325.1' 'LR824342.1' 'LR824371.1'
 'LR824381.1' 'LR824400.1' 'LR824409.1' 'LR824413.1' 'LR824414.1'
 'EPI_ISL_451935' 'EPI_ISL_452148' 'EPI_ISL_452151' 'EPI_ISL_452152'
 'EPI_ISL_453982' 'EPI_ISL_457974' 'NMDC60013159' 'NMDC60013162'
 'NMDC60013163' 'NMDC60013164' 'NMDC60013165' 'NMDC60013166'
 'NMDC60013167' 'NMDC60013168' 'NMDC60013169' 'NMDC60013170'
 'NMDC60013171' 'NMDC60013172' 'NMDC60013173' 'NMDC60013174'
 'NMDC60013175' 'NMDC60013176' 'NMDC60013177' 'NMDC60013184'
 'NMDC60013186' 'NMDC60013188' 'NMDC60013189' 'NMDC60013190'
 'NMDC60013191' 'NMDC60013192' 'NMDC60013193' 'NMDC60013194'
 'NMDC60013195' 'NMDC60013196' 'NMDC60013197' 'NMDC60013198'
 'NMDC60013199' 'NMDC60013239' 'NMDC60013240' 'NMDC60013242' 'LR794385.1'
 'LR794405.1' 'LR794433.1' 'LR794462.1' 'LR794514.1' 'LR794519.1'
 'LR794530.1' 'LR794549.1' 'LR794564.1' 'LR794619.1' 'LR794620.1'
 'LR794650.1' 'EPI_ISL_421932' 'EPI_ISL_420624' 'EPI_ISL_420620'
 'EPI_ISL_420609' 'EPI_ISL_420611' 'EPI_ISL_420619' 'EPI_ISL_420598'
 'EPI_ISL_420605' 'EPI_ISL_451091' 'EPI_ISL_434889' 'EPI_ISL_451087'
 'EPI_ISL_451084' 'EPI_ISL_455978' 'EPI_ISL_439246' 'EPI_ISL_453745'
 'EPI_ISL_453760' 'EPI_ISL_439159' 'EPI_ISL_432762' 'EPI_ISL_434503'
 'EPI_ISL_434493' 'EPI_ISL_442479' 'EPI_ISL_427379' 'EPI_ISL_427385'
 'EPI_ISL_432478' 'EPI_ISL_424658' 'EPI_ISL_424652' 'EPI_ISL_424655'
 'EPI_ISL_424644' 'EPI_ISL_424642' 'EPI_ISL_424650' 'EPI_ISL_424633'
 'EPI_ISL_424640' 'EPI_ISL_428944' 'EPI_ISL_421204' 'EPI_ISL_423583'
 'EPI_ISL_433499' 'EPI_ISL_429571' 'EPI_ISL_435421' 'EPI_ISL_428359'
 'EPI_ISL_443301' 'EPI_ISL_421512' 'EPI_ISL_428352' 'EPI_ISL_432864'
 'EPI_ISL_419182' 'EPI_ISL_419185' 'EPI_ISL_419186' 'EPI_ISL_420063'
 'EPI_ISL_425899' 'EPI_ISL_419170' 'EPI_ISL_443310' 'EPI_ISL_417526'
 'EPI_ISL_420044' 'EPI_ISL_418423' 'EPI_ISL_418427' 'EPI_ISL_421750'
 'EPI_ISL_418422' 'EPI_ISL_418424' 'EPI_ISL_447136' 'EPI_ISL_417437'
 'EPI_ISL_420038' 'EPI_ISL_420046' 'EPI_ISL_420055' 'EPI_ISL_421738'
 'EPI_ISL_421752' 'EPI_ISL_421753' 'EPI_ISL_418417' 'EPI_ISL_418240'
 'EPI_ISL_420040' 'EPI_ISL_419587' 'EPI_ISL_416499' 'EPI_ISL_417339'
 'EPI_ISL_419578' 'EPI_ISL_417337' 'EPI_ISL_416754' 'EPI_ISL_416756'
 'EPI_ISL_415651' 'EPI_ISL_415652' 'EPI_ISL_416751' 'EPI_ISL_417334'
 'EPI_ISL_416747' 'EPI_ISL_416749' 'EPI_ISL_416752' 'MT451041.1'
 'MT451177.1' 'MT451179.1' 'MT451194.1' 'EPI_ISL_445282' 'EPI_ISL_445311'
 'EPI_ISL_452223' 'EPI_ISL_429115' 'EPI_ISL_415704' 'EPI_ISL_429212'
 'EPI_ISL_415706' 'EPI_ISL_429208' 'EPI_ISL_429196' 'EPI_ISL_415705'
 'EPI_ISL_429211' 'EPI_ISL_415707' 'EPI_ISL_421453']",1,0.001327564262805766
3037(SNP:C->T);14408(SNP:C->T);15324(SNP:C->T);23403(SNP:A->G);24382(SNP:C->T),2020-05-25,['LR824390.1'],B.1,Switzerland,"['EPI_ISL_416493' 'EPI_ISL_417946' 'EPI_ISL_417947' 'EPI_ISL_418024'
 'EPI_ISL_418230' 'EPI_ISL_418231' 'EPI_ISL_418234' 'EPI_ISL_418628'
 'EPI_ISL_418632' 'EPI_ISL_418634' 'EPI_ISL_418635' 'EPI_ISL_418648'
 'EPI_ISL_418657' 'EPI_ISL_418659' 'EPI_ISL_418795' 'EPI_ISL_419593'
 'EPI_ISL_420035' 'EPI_ISL_420039' 'EPI_ISL_420083' 'EPI_ISL_420365'
 'EPI_ISL_420368' 'EPI_ISL_420373' 'EPI_ISL_420380' 'EPI_ISL_420382'
 'EPI_ISL_420384' 'EPI_ISL_420389' 'EPI_ISL_420390' 'EPI_ISL_420395'
 'EPI_ISL_420396' 'EPI_ISL_420397' 'EPI_ISL_420427' 'EPI_ISL_420432'
 'EPI_ISL_420434' 'EPI_ISL_420440' 'EPI_ISL_420452' 'EPI_ISL_421508'
 'EPI_ISL_421745' 'EPI_ISL_421746' 'MT320538.2' 'EPI_ISL_427394'
 'EPI_ISL_428890' 'EPI_ISL_429724' 'EPI_ISL_429766' 'EPI_ISL_429782'
 'EPI_ISL_434621' 'EPI_ISL_434622' 'EPI_ISL_434623' 'EPI_ISL_434624'
 'EPI_ISL_434625' 'EPI_ISL_434631' 'EPI_ISL_434632' 'EPI_ISL_434633'
 'EPI_ISL_434634' 'EPI_ISL_435032' 'EPI_ISL_433646' 'EPI_ISL_437348'
 'EPI_ISL_437350' 'FR994049.1' 'EPI_ISL_443291' 'EPI_ISL_444969'
 'EPI_ISL_445069' 'MT358643.1' 'MT470101.1' 'MT470102.1' 'MT470106.1'
 'MT470110.1' 'MT470113.1' 'MT470114.1' 'MT470118.1' 'MT470124.1'
 'MT470133.1' 'MT470136.1' 'MT470138.1' 'MT470140.1' 'MT470143.1'
 'MT470148.1' 'MT470155.1' 'MT470162.1' 'MT470164.1' 'MT470165.1'
 'MT470167.1' 'MT470173.1' 'MT470176.1' 'EPI_ISL_445216' 'EPI_ISL_445272'
 'EPI_ISL_450519' 'LR824235.1' 'LR824247.1' 'LR824250.1' 'LR824268.1'
 'LR824263.1' 'LR824266.1' 'LR824283.1' 'LR824301.1' 'LR824326.1'
 'LR824321.1' 'LR824318.1' 'LR824325.1' 'LR824342.1' 'LR824371.1'
 'LR824381.1' 'LR824400.1' 'LR824409.1' 'LR824413.1' 'LR824414.1'
 'EPI_ISL_451935' 'EPI_ISL_452148' 'EPI_ISL_452151' 'EPI_ISL_452152'
 'EPI_ISL_453982' 'EPI_ISL_457974' 'NMDC60013159' 'NMDC60013162'
 'NMDC60013163' 'NMDC60013164' 'NMDC60013165' 'NMDC60013166'
 'NMDC60013167' 'NMDC60013168' 'NMDC60013169' 'NMDC60013170'
 'NMDC60013171' 'NMDC60013172' 'NMDC60013173' 'NMDC60013174'
 'NMDC60013175' 'NMDC60013176' 'NMDC60013177' 'NMDC60013184'
 'NMDC60013186' 'NMDC60013188' 'NMDC60013189' 'NMDC60013190'
 'NMDC60013191' 'NMDC60013192' 'NMDC60013193' 'NMDC60013194'
 'NMDC60013195' 'NMDC60013196' 'NMDC60013197' 'NMDC60013198'
 'NMDC60013199' 'NMDC60013239' 'NMDC60013240' 'NMDC60013242' 'LR794385.1'
 'LR794405.1' 'LR794433.1' 'LR794462.1' 'LR794514.1' 'LR794519.1'
 'LR794530.1' 'LR794549.1' 'LR794564.1' 'LR794619.1' 'LR794620.1'
 'LR794650.1' 'EPI_ISL_421932' 'EPI_ISL_420624' 'EPI_ISL_420620'
 'EPI_ISL_420609' 'EPI_ISL_420611' 'EPI_ISL_420619' 'EPI_ISL_420598'
 'EPI_ISL_420605' 'EPI_ISL_451091' 'EPI_ISL_434889' 'EPI_ISL_451087'
 'EPI_ISL_451084' 'EPI_ISL_455978' 'EPI_ISL_439246' 'EPI_ISL_453745'
 'EPI_ISL_453760' 'EPI_ISL_439159' 'EPI_ISL_432762' 'EPI_ISL_434503'
 'EPI_ISL_434493' 'EPI_ISL_442479' 'EPI_ISL_427379' 'EPI_ISL_427385'
 'EPI_ISL_432478' 'EPI_ISL_424658' 'EPI_ISL_424652' 'EPI_ISL_424655'
 'EPI_ISL_424644' 'EPI_ISL_424642' 'EPI_ISL_424650' 'EPI_ISL_424633'
 'EPI_ISL_424640' 'EPI_ISL_428944' 'EPI_ISL_421204' 'EPI_ISL_423583'
 'EPI_ISL_433499' 'EPI_ISL_429571' 'EPI_ISL_435421' 'EPI_ISL_428359'
 'EPI_ISL_443301' 'EPI_ISL_421512' 'EPI_ISL_428352' 'EPI_ISL_432864'
 'EPI_ISL_419182' 'EPI_ISL_419185' 'EPI_ISL_419186' 'EPI_ISL_420063'
 'EPI_ISL_425899' 'EPI_ISL_419170' 'EPI_ISL_443310' 'EPI_ISL_417526'
 'EPI_ISL_420044' 'EPI_ISL_418423' 'EPI_ISL_418427' 'EPI_ISL_421750'
 'EPI_ISL_418422' 'EPI_ISL_418424' 'EPI_ISL_447136' 'EPI_ISL_417437'
 'EPI_ISL_420038' 'EPI_ISL_420046' 'EPI_ISL_420055' 'EPI_ISL_421738'
 'EPI_ISL_421752' 'EPI_ISL_421753' 'EPI_ISL_418417' 'EPI_ISL_418240'
 'EPI_ISL_420040' 'EPI_ISL_419587' 'EPI_ISL_416499' 'EPI_ISL_417339'
 'EPI_ISL_419578' 'EPI_ISL_417337' 'EPI_ISL_416754' 'EPI_ISL_416756'
 'EPI_ISL_415651' 'EPI_ISL_415652' 'EPI_ISL_416751' 'EPI_ISL_417334'
 'EPI_ISL_416747' 'EPI_ISL_416749' 'EPI_ISL_416752' 'MT451041.1'
 'MT451177.1' 'MT451179.1' 'MT451194.1' 'EPI_ISL_445282' 'EPI_ISL_445311'
 'EPI_ISL_452223' 'EPI_ISL_429115' 'EPI_ISL_415704' 'EPI_ISL_429212'
 'EPI_ISL_415706' 'EPI_ISL_429208' 'EPI_ISL_429196' 'EPI_ISL_415705'
 'EPI_ISL_429211' 'EPI_ISL_415707' 'EPI_ISL_421453']",1,0.001327564262805766
3037(SNP:C->T);14408(SNP:C->T);15324(SNP:C->T);23403(SNP:A->G);26450(SNP:G->T),2020-05-25,['LR824369.1'],B.1,Switzerland,"['EPI_ISL_416493' 'EPI_ISL_417946' 'EPI_ISL_417947' 'EPI_ISL_418024'
 'EPI_ISL_418230' 'EPI_ISL_418231' 'EPI_ISL_418234' 'EPI_ISL_418628'
 'EPI_ISL_418632' 'EPI_ISL_418634' 'EPI_ISL_418635' 'EPI_ISL_418648'
 'EPI_ISL_418657' 'EPI_ISL_418659' 'EPI_ISL_418795' 'EPI_ISL_419593'
 'EPI_ISL_420035' 'EPI_ISL_420039' 'EPI_ISL_420083' 'EPI_ISL_420365'
 'EPI_ISL_420368' 'EPI_ISL_420373' 'EPI_ISL_420380' 'EPI_ISL_420382'
 'EPI_ISL_420384' 'EPI_ISL_420389' 'EPI_ISL_420390' 'EPI_ISL_420395'
 'EPI_ISL_420396' 'EPI_ISL_420397' 'EPI_ISL_420427' 'EPI_ISL_420432'
 'EPI_ISL_420434' 'EPI_ISL_420440' 'EPI_ISL_420452' 'EPI_ISL_421508'
 'EPI_ISL_421745' 'EPI_ISL_421746' 'MT320538.2' 'EPI_ISL_427394'
 'EPI_ISL_428890' 'EPI_ISL_429724' 'EPI_ISL_429766' 'EPI_ISL_429782'
 'EPI_ISL_434621' 'EPI_ISL_434622' 'EPI_ISL_434623' 'EPI_ISL_434624'
 'EPI_ISL_434625' 'EPI_ISL_434631' 'EPI_ISL_434632' 'EPI_ISL_434633'
 'EPI_ISL_434634' 'EPI_ISL_435032' 'EPI_ISL_433646' 'EPI_ISL_437348'
 'EPI_ISL_437350' 'FR994049.1' 'EPI_ISL_443291' 'EPI_ISL_444969'
 'EPI_ISL_445069' 'MT358643.1' 'MT470101.1' 'MT470102.1' 'MT470106.1'
 'MT470110.1' 'MT470113.1' 'MT470114.1' 'MT470118.1' 'MT470124.1'
 'MT470133.1' 'MT470136.1' 'MT470138.1' 'MT470140.1' 'MT470143.1'
 'MT470148.1' 'MT470155.1' 'MT470162.1' 'MT470164.1' 'MT470165.1'
 'MT470167.1' 'MT470173.1' 'MT470176.1' 'EPI_ISL_445216' 'EPI_ISL_445272'
 'EPI_ISL_450519' 'LR824235.1' 'LR824247.1' 'LR824250.1' 'LR824268.1'
 'LR824263.1' 'LR824266.1' 'LR824283.1' 'LR824301.1' 'LR824326.1'
 'LR824321.1' 'LR824318.1' 'LR824325.1' 'LR824342.1' 'LR824371.1'
 'LR824381.1' 'LR824400.1' 'LR824409.1' 'LR824413.1' 'LR824414.1'
 'EPI_ISL_451935' 'EPI_ISL_452148' 'EPI_ISL_452151' 'EPI_ISL_452152'
 'EPI_ISL_453982' 'EPI_ISL_457974' 'NMDC60013159' 'NMDC60013162'
 'NMDC60013163' 'NMDC60013164' 'NMDC60013165' 'NMDC60013166'
 'NMDC60013167' 'NMDC60013168' 'NMDC60013169' 'NMDC60013170'
 'NMDC60013171' 'NMDC60013172' 'NMDC60013173' 'NMDC60013174'
 'NMDC60013175' 'NMDC60013176' 'NMDC60013177' 'NMDC60013184'
 'NMDC60013186' 'NMDC60013188' 'NMDC60013189' 'NMDC60013190'
 'NMDC60013191' 'NMDC60013192' 'NMDC60013193' 'NMDC60013194'
 'NMDC60013195' 'NMDC60013196' 'NMDC60013197' 'NMDC60013198'
 'NMDC60013199' 'NMDC60013239' 'NMDC60013240' 'NMDC60013242' 'LR794385.1'
 'LR794405.1' 'LR794433.1' 'LR794462.1' 'LR794514.1' 'LR794519.1'
 'LR794530.1' 'LR794549.1' 'LR794564.1' 'LR794619.1' 'LR794620.1'
 'LR794650.1' 'EPI_ISL_421932' 'EPI_ISL_420624' 'EPI_ISL_420620'
 'EPI_ISL_420609' 'EPI_ISL_420611' 'EPI_ISL_420619' 'EPI_ISL_420598'
 'EPI_ISL_420605' 'EPI_ISL_451091' 'EPI_ISL_434889' 'EPI_ISL_451087'
 'EPI_ISL_451084' 'EPI_ISL_455978' 'EPI_ISL_439246' 'EPI_ISL_453745'
 'EPI_ISL_453760' 'EPI_ISL_439159' 'EPI_ISL_432762' 'EPI_ISL_434503'
 'EPI_ISL_434493' 'EPI_ISL_442479' 'EPI_ISL_427379' 'EPI_ISL_427385'
 'EPI_ISL_432478' 'EPI_ISL_424658' 'EPI_ISL_424652' 'EPI_ISL_424655'
 'EPI_ISL_424644' 'EPI_ISL_424642' 'EPI_ISL_424650' 'EPI_ISL_424633'
 'EPI_ISL_424640' 'EPI_ISL_428944' 'EPI_ISL_421204' 'EPI_ISL_423583'
 'EPI_ISL_433499' 'EPI_ISL_429571' 'EPI_ISL_435421' 'EPI_ISL_428359'
 'EPI_ISL_443301' 'EPI_ISL_421512' 'EPI_ISL_428352' 'EPI_ISL_432864'
 'EPI_ISL_419182' 'EPI_ISL_419185' 'EPI_ISL_419186' 'EPI_ISL_420063'
 'EPI_ISL_425899' 'EPI_ISL_419170' 'EPI_ISL_443310' 'EPI_ISL_417526'
 'EPI_ISL_420044' 'EPI_ISL_418423' 'EPI_ISL_418427' 'EPI_ISL_421750'
 'EPI_ISL_418422' 'EPI_ISL_418424' 'EPI_ISL_447136' 'EPI_ISL_417437'
 'EPI_ISL_420038' 'EPI_ISL_420046' 'EPI_ISL_420055' 'EPI_ISL_421738'
 'EPI_ISL_421752' 'EPI_ISL_421753' 'EPI_ISL_418417' 'EPI_ISL_418240'
 'EPI_ISL_420040' 'EPI_ISL_419587' 'EPI_ISL_416499' 'EPI_ISL_417339'
 'EPI_ISL_419578' 'EPI_ISL_417337' 'EPI_ISL_416754' 'EPI_ISL_416756'
 'EPI_ISL_415651' 'EPI_ISL_415652' 'EPI_ISL_416751' 'EPI_ISL_417334'
 'EPI_ISL_416747' 'EPI_ISL_416749' 'EPI_ISL_416752' 'MT451041.1'
 'MT451177.1' 'MT451179.1' 'MT451194.1' 'EPI_ISL_445282' 'EPI_ISL_445311'
 'EPI_ISL_452223' 'EPI_ISL_429115' 'EPI_ISL_415704' 'EPI_ISL_429212'
 'EPI_ISL_415706' 'EPI_ISL_429208' 'EPI_ISL_429196' 'EPI_ISL_415705'
 'EPI_ISL_429211' 'EPI_ISL_415707' 'EPI_ISL_421453']",1,0.001327564262805766
3037(SNP:C->T);14408(SNP:C->T);15324(SNP:C->T);23403(SNP:A->G);28373(SNP:G->T),2020-05-25,['LR824248.1'],B.1,Switzerland,"['EPI_ISL_416493' 'EPI_ISL_417946' 'EPI_ISL_417947' 'EPI_ISL_418024'
 'EPI_ISL_418230' 'EPI_ISL_418231' 'EPI_ISL_418234' 'EPI_ISL_418628'
 'EPI_ISL_418632' 'EPI_ISL_418634' 'EPI_ISL_418635' 'EPI_ISL_418648'
 'EPI_ISL_418657' 'EPI_ISL_418659' 'EPI_ISL_418795' 'EPI_ISL_419593'
 'EPI_ISL_420035' 'EPI_ISL_420039' 'EPI_ISL_420083' 'EPI_ISL_420365'
 'EPI_ISL_420368' 'EPI_ISL_420373' 'EPI_ISL_420380' 'EPI_ISL_420382'
 'EPI_ISL_420384' 'EPI_ISL_420389' 'EPI_ISL_420390' 'EPI_ISL_420395'
 'EPI_ISL_420396' 'EPI_ISL_420397' 'EPI_ISL_420427' 'EPI_ISL_420432'
 'EPI_ISL_420434' 'EPI_ISL_420440' 'EPI_ISL_420452' 'EPI_ISL_421508'
 'EPI_ISL_421745' 'EPI_ISL_421746' 'MT320538.2' 'EPI_ISL_427394'
 'EPI_ISL_428890' 'EPI_ISL_429724' 'EPI_ISL_429766' 'EPI_ISL_429782'
 'EPI_ISL_434621' 'EPI_ISL_434622' 'EPI_ISL_434623' 'EPI_ISL_434624'
 'EPI_ISL_434625' 'EPI_ISL_434631' 'EPI_ISL_434632' 'EPI_ISL_434633'
 'EPI_ISL_434634' 'EPI_ISL_435032' 'EPI_ISL_433646' 'EPI_ISL_437348'
 'EPI_ISL_437350' 'FR994049.1' 'EPI_ISL_443291' 'EPI_ISL_444969'
 'EPI_ISL_445069' 'MT358643.1' 'MT470101.1' 'MT470102.1' 'MT470106.1'
 'MT470110.1' 'MT470113.1' 'MT470114.1' 'MT470118.1' 'MT470124.1'
 'MT470133.1' 'MT470136.1' 'MT470138.1' 'MT470140.1' 'MT470143.1'
 'MT470148.1' 'MT470155.1' 'MT470162.1' 'MT470164.1' 'MT470165.1'
 'MT470167.1' 'MT470173.1' 'MT470176.1' 'EPI_ISL_445216' 'EPI_ISL_445272'
 'EPI_ISL_450519' 'LR824235.1' 'LR824247.1' 'LR824250.1' 'LR824268.1'
 'LR824263.1' 'LR824266.1' 'LR824283.1' 'LR824301.1' 'LR824326.1'
 'LR824321.1' 'LR824318.1' 'LR824325.1' 'LR824342.1' 'LR824371.1'
 'LR824381.1' 'LR824400.1' 'LR824409.1' 'LR824413.1' 'LR824414.1'
 'EPI_ISL_451935' 'EPI_ISL_452148' 'EPI_ISL_452151' 'EPI_ISL_452152'
 'EPI_ISL_453982' 'EPI_ISL_457974' 'NMDC60013159' 'NMDC60013162'
 'NMDC60013163' 'NMDC60013164' 'NMDC60013165' 'NMDC60013166'
 'NMDC60013167' 'NMDC60013168' 'NMDC60013169' 'NMDC60013170'
 'NMDC60013171' 'NMDC60013172' 'NMDC60013173' 'NMDC60013174'
 'NMDC60013175' 'NMDC60013176' 'NMDC60013177' 'NMDC60013184'
 'NMDC60013186' 'NMDC60013188' 'NMDC60013189' 'NMDC60013190'
 'NMDC60013191' 'NMDC60013192' 'NMDC60013193' 'NMDC60013194'
 'NMDC60013195' 'NMDC60013196' 'NMDC60013197' 'NMDC60013198'
 'NMDC60013199' 'NMDC60013239' 'NMDC60013240' 'NMDC60013242' 'LR794385.1'
 'LR794405.1' 'LR794433.1' 'LR794462.1' 'LR794514.1' 'LR794519.1'
 'LR794530.1' 'LR794549.1' 'LR794564.1' 'LR794619.1' 'LR794620.1'
 'LR794650.1' 'EPI_ISL_421932' 'EPI_ISL_420624' 'EPI_ISL_420620'
 'EPI_ISL_420609' 'EPI_ISL_420611' 'EPI_ISL_420619' 'EPI_ISL_420598'
 'EPI_ISL_420605' 'EPI_ISL_451091' 'EPI_ISL_434889' 'EPI_ISL_451087'
 'EPI_ISL_451084' 'EPI_ISL_455978' 'EPI_ISL_439246' 'EPI_ISL_453745'
 'EPI_ISL_453760' 'EPI_ISL_439159' 'EPI_ISL_432762' 'EPI_ISL_434503'
 'EPI_ISL_434493' 'EPI_ISL_442479' 'EPI_ISL_427379' 'EPI_ISL_427385'
 'EPI_ISL_432478' 'EPI_ISL_424658' 'EPI_ISL_424652' 'EPI_ISL_424655'
 'EPI_ISL_424644' 'EPI_ISL_424642' 'EPI_ISL_424650' 'EPI_ISL_424633'
 'EPI_ISL_424640' 'EPI_ISL_428944' 'EPI_ISL_421204' 'EPI_ISL_423583'
 'EPI_ISL_433499' 'EPI_ISL_429571' 'EPI_ISL_435421' 'EPI_ISL_428359'
 'EPI_ISL_443301' 'EPI_ISL_421512' 'EPI_ISL_428352' 'EPI_ISL_432864'
 'EPI_ISL_419182' 'EPI_ISL_419185' 'EPI_ISL_419186' 'EPI_ISL_420063'
 'EPI_ISL_425899' 'EPI_ISL_419170' 'EPI_ISL_443310' 'EPI_ISL_417526'
 'EPI_ISL_420044' 'EPI_ISL_418423' 'EPI_ISL_418427' 'EPI_ISL_421750'
 'EPI_ISL_418422' 'EPI_ISL_418424' 'EPI_ISL_447136' 'EPI_ISL_417437'
 'EPI_ISL_420038' 'EPI_ISL_420046' 'EPI_ISL_420055' 'EPI_ISL_421738'
 'EPI_ISL_421752' 'EPI_ISL_421753' 'EPI_ISL_418417' 'EPI_ISL_418240'
 'EPI_ISL_420040' 'EPI_ISL_419587' 'EPI_ISL_416499' 'EPI_ISL_417339'
 'EPI_ISL_419578' 'EPI_ISL_417337' 'EPI_ISL_416754' 'EPI_ISL_416756'
 'EPI_ISL_415651' 'EPI_ISL_415652' 'EPI_ISL_416751' 'EPI_ISL_417334'
 'EPI_ISL_416747' 'EPI_ISL_416749' 'EPI_ISL_416752' 'MT451041.1'
 'MT451177.1' 'MT451179.1' 'MT451194.1' 'EPI_ISL_445282' 'EPI_ISL_445311'
 'EPI_ISL_452223' 'EPI_ISL_429115' 'EPI_ISL_415704' 'EPI_ISL_429212'
 'EPI_ISL_415706' 'EPI_ISL_429208' 'EPI_ISL_429196' 'EPI_ISL_415705'
 'EPI_ISL_429211' 'EPI_ISL_415707' 'EPI_ISL_421453']",1,0.001327564262805766
3037(SNP:C->T);14408(SNP:C->T);15324(SNP:C->T);23403(SNP:A->G);28887(SNP:C->T),2020-05-25,['LR824291.1'],B.1,Switzerland,"['EPI_ISL_416493' 'EPI_ISL_417946' 'EPI_ISL_417947' 'EPI_ISL_418024'
 'EPI_ISL_418230' 'EPI_ISL_418231' 'EPI_ISL_418234' 'EPI_ISL_418628'
 'EPI_ISL_418632' 'EPI_ISL_418634' 'EPI_ISL_418635' 'EPI_ISL_418648'
 'EPI_ISL_418657' 'EPI_ISL_418659' 'EPI_ISL_418795' 'EPI_ISL_419593'
 'EPI_ISL_420035' 'EPI_ISL_420039' 'EPI_ISL_420083' 'EPI_ISL_420365'
 'EPI_ISL_420368' 'EPI_ISL_420373' 'EPI_ISL_420380' 'EPI_ISL_420382'
 'EPI_ISL_420384' 'EPI_ISL_420389' 'EPI_ISL_420390' 'EPI_ISL_420395'
 'EPI_ISL_420396' 'EPI_ISL_420397' 'EPI_ISL_420427' 'EPI_ISL_420432'
 'EPI_ISL_420434' 'EPI_ISL_420440' 'EPI_ISL_420452' 'EPI_ISL_421508'
 'EPI_ISL_421745' 'EPI_ISL_421746' 'MT320538.2' 'EPI_ISL_427394'
 'EPI_ISL_428890' 'EPI_ISL_429724' 'EPI_ISL_429766' 'EPI_ISL_429782'
 'EPI_ISL_434621' 'EPI_ISL_434622' 'EPI_ISL_434623' 'EPI_ISL_434624'
 'EPI_ISL_434625' 'EPI_ISL_434631' 'EPI_ISL_434632' 'EPI_ISL_434633'
 'EPI_ISL_434634' 'EPI_ISL_435032' 'EPI_ISL_433646' 'EPI_ISL_437348'
 'EPI_ISL_437350' 'FR994049.1' 'EPI_ISL_443291' 'EPI_ISL_444969'
 'EPI_ISL_445069' 'MT358643.1' 'MT470101.1' 'MT470102.1' 'MT470106.1'
 'MT470110.1' 'MT470113.1' 'MT470114.1' 'MT470118.1' 'MT470124.1'
 'MT470133.1' 'MT470136.1' 'MT470138.1' 'MT470140.1' 'MT470143.1'
 'MT470148.1' 'MT470155.1' 'MT470162.1' 'MT470164.1' 'MT470165.1'
 'MT470167.1' 'MT470173.1' 'MT470176.1' 'EPI_ISL_445216' 'EPI_ISL_445272'
 'EPI_ISL_450519' 'LR824235.1' 'LR824247.1' 'LR824250.1' 'LR824268.1'
 'LR824263.1' 'LR824266.1' 'LR824283.1' 'LR824301.1' 'LR824326.1'
 'LR824321.1' 'LR824318.1' 'LR824325.1' 'LR824342.1' 'LR824371.1'
 'LR824381.1' 'LR824400.1' 'LR824409.1' 'LR824413.1' 'LR824414.1'
 'EPI_ISL_451935' 'EPI_ISL_452148' 'EPI_ISL_452151' 'EPI_ISL_452152'
 'EPI_ISL_453982' 'EPI_ISL_457974' 'NMDC60013159' 'NMDC60013162'
 'NMDC60013163' 'NMDC60013164' 'NMDC60013165' 'NMDC60013166'
 'NMDC60013167' 'NMDC60013168' 'NMDC60013169' 'NMDC60013170'
 'NMDC60013171' 'NMDC60013172' 'NMDC60013173' 'NMDC60013174'
 'NMDC60013175' 'NMDC60013176' 'NMDC60013177' 'NMDC60013184'
 'NMDC60013186' 'NMDC60013188' 'NMDC60013189' 'NMDC60013190'
 'NMDC60013191' 'NMDC60013192' 'NMDC60013193' 'NMDC60013194'
 'NMDC60013195' 'NMDC60013196' 'NMDC60013197' 'NMDC60013198'
 'NMDC60013199' 'NMDC60013239' 'NMDC60013240' 'NMDC60013242' 'LR794385.1'
 'LR794405.1' 'LR794433.1' 'LR794462.1' 'LR794514.1' 'LR794519.1'
 'LR794530.1' 'LR794549.1' 'LR794564.1' 'LR794619.1' 'LR794620.1'
 'LR794650.1' 'EPI_ISL_421932' 'EPI_ISL_420624' 'EPI_ISL_420620'
 'EPI_ISL_420609' 'EPI_ISL_420611' 'EPI_ISL_420619' 'EPI_ISL_420598'
 'EPI_ISL_420605' 'EPI_ISL_451091' 'EPI_ISL_434889' 'EPI_ISL_451087'
 'EPI_ISL_451084' 'EPI_ISL_455978' 'EPI_ISL_439246' 'EPI_ISL_453745'
 'EPI_ISL_453760' 'EPI_ISL_439159' 'EPI_ISL_432762' 'EPI_ISL_434503'
 'EPI_ISL_434493' 'EPI_ISL_442479' 'EPI_ISL_427379' 'EPI_ISL_427385'
 'EPI_ISL_432478' 'EPI_ISL_424658' 'EPI_ISL_424652' 'EPI_ISL_424655'
 'EPI_ISL_424644' 'EPI_ISL_424642' 'EPI_ISL_424650' 'EPI_ISL_424633'
 'EPI_ISL_424640' 'EPI_ISL_428944' 'EPI_ISL_421204' 'EPI_ISL_423583'
 'EPI_ISL_433499' 'EPI_ISL_429571' 'EPI_ISL_435421' 'EPI_ISL_428359'
 'EPI_ISL_443301' 'EPI_ISL_421512' 'EPI_ISL_428352' 'EPI_ISL_432864'
 'EPI_ISL_419182' 'EPI_ISL_419185' 'EPI_ISL_419186' 'EPI_ISL_420063'
 'EPI_ISL_425899' 'EPI_ISL_419170' 'EPI_ISL_443310' 'EPI_ISL_417526'
 'EPI_ISL_420044' 'EPI_ISL_418423' 'EPI_ISL_418427' 'EPI_ISL_421750'
 'EPI_ISL_418422' 'EPI_ISL_418424' 'EPI_ISL_447136' 'EPI_ISL_417437'
 'EPI_ISL_420038' 'EPI_ISL_420046' 'EPI_ISL_420055' 'EPI_ISL_421738'
 'EPI_ISL_421752' 'EPI_ISL_421753' 'EPI_ISL_418417' 'EPI_ISL_418240'
 'EPI_ISL_420040' 'EPI_ISL_419587' 'EPI_ISL_416499' 'EPI_ISL_417339'
 'EPI_ISL_419578' 'EPI_ISL_417337' 'EPI_ISL_416754' 'EPI_ISL_416756'
 'EPI_ISL_415651' 'EPI_ISL_415652' 'EPI_ISL_416751' 'EPI_ISL_417334'
 'EPI_ISL_416747' 'EPI_ISL_416749' 'EPI_ISL_416752' 'MT451041.1'
 'MT451177.1' 'MT451179.1' 'MT451194.1' 'EPI_ISL_445282' 'EPI_ISL_445311'
 'EPI_ISL_452223' 'EPI_ISL_429115' 'EPI_ISL_415704' 'EPI_ISL_429212'
 'EPI_ISL_415706' 'EPI_ISL_429208' 'EPI_ISL_429196' 'EPI_ISL_415705'
 'EPI_ISL_429211' 'EPI_ISL_415707' 'EPI_ISL_421453']",1,0.001327564262805766
3037(SNP:C->T);14408(SNP:C->T);15324(SNP:C->T);23403(SNP:A->G);29509(SNP:C->T),2020-05-25,['LR824383.1'],B.1,Switzerland,"['EPI_ISL_416493' 'EPI_ISL_417946' 'EPI_ISL_417947' 'EPI_ISL_418024'
 'EPI_ISL_418230' 'EPI_ISL_418231' 'EPI_ISL_418234' 'EPI_ISL_418628'
 'EPI_ISL_418632' 'EPI_ISL_418634' 'EPI_ISL_418635' 'EPI_ISL_418648'
 'EPI_ISL_418657' 'EPI_ISL_418659' 'EPI_ISL_418795' 'EPI_ISL_419593'
 'EPI_ISL_420035' 'EPI_ISL_420039' 'EPI_ISL_420083' 'EPI_ISL_420365'
 'EPI_ISL_420368' 'EPI_ISL_420373' 'EPI_ISL_420380' 'EPI_ISL_420382'
 'EPI_ISL_420384' 'EPI_ISL_420389' 'EPI_ISL_420390' 'EPI_ISL_420395'
 'EPI_ISL_420396' 'EPI_ISL_420397' 'EPI_ISL_420427' 'EPI_ISL_420432'
 'EPI_ISL_420434' 'EPI_ISL_420440' 'EPI_ISL_420452' 'EPI_ISL_421508'
 'EPI_ISL_421745' 'EPI_ISL_421746' 'MT320538.2' 'EPI_ISL_427394'
 'EPI_ISL_428890' 'EPI_ISL_429724' 'EPI_ISL_429766' 'EPI_ISL_429782'
 'EPI_ISL_434621' 'EPI_ISL_434622' 'EPI_ISL_434623' 'EPI_ISL_434624'
 'EPI_ISL_434625' 'EPI_ISL_434631' 'EPI_ISL_434632' 'EPI_ISL_434633'
 'EPI_ISL_434634' 'EPI_ISL_435032' 'EPI_ISL_433646' 'EPI_ISL_437348'
 'EPI_ISL_437350' 'FR994049.1' 'EPI_ISL_443291' 'EPI_ISL_444969'
 'EPI_ISL_445069' 'MT358643.1' 'MT470101.1' 'MT470102.1' 'MT470106.1'
 'MT470110.1' 'MT470113.1' 'MT470114.1' 'MT470118.1' 'MT470124.1'
 'MT470133.1' 'MT470136.1' 'MT470138.1' 'MT470140.1' 'MT470143.1'
 'MT470148.1' 'MT470155.1' 'MT470162.1' 'MT470164.1' 'MT470165.1'
 'MT470167.1' 'MT470173.1' 'MT470176.1' 'EPI_ISL_445216' 'EPI_ISL_445272'
 'EPI_ISL_450519' 'LR824235.1' 'LR824247.1' 'LR824250.1' 'LR824268.1'
 'LR824263.1' 'LR824266.1' 'LR824283.1' 'LR824301.1' 'LR824326.1'
 'LR824321.1' 'LR824318.1' 'LR824325.1' 'LR824342.1' 'LR824371.1'
 'LR824381.1' 'LR824400.1' 'LR824409.1' 'LR824413.1' 'LR824414.1'
 'EPI_ISL_451935' 'EPI_ISL_452148' 'EPI_ISL_452151' 'EPI_ISL_452152'
 'EPI_ISL_453982' 'EPI_ISL_457974' 'NMDC60013159' 'NMDC60013162'
 'NMDC60013163' 'NMDC60013164' 'NMDC60013165' 'NMDC60013166'
 'NMDC60013167' 'NMDC60013168' 'NMDC60013169' 'NMDC60013170'
 'NMDC60013171' 'NMDC60013172' 'NMDC60013173' 'NMDC60013174'
 'NMDC60013175' 'NMDC60013176' 'NMDC60013177' 'NMDC60013184'
 'NMDC60013186' 'NMDC60013188' 'NMDC60013189' 'NMDC60013190'
 'NMDC60013191' 'NMDC60013192' 'NMDC60013193' 'NMDC60013194'
 'NMDC60013195' 'NMDC60013196' 'NMDC60013197' 'NMDC60013198'
 'NMDC60013199' 'NMDC60013239' 'NMDC60013240' 'NMDC60013242' 'LR794385.1'
 'LR794405.1' 'LR794433.1' 'LR794462.1' 'LR794514.1' 'LR794519.1'
 'LR794530.1' 'LR794549.1' 'LR794564.1' 'LR794619.1' 'LR794620.1'
 'LR794650.1' 'EPI_ISL_421932' 'EPI_ISL_420624' 'EPI_ISL_420620'
 'EPI_ISL_420609' 'EPI_ISL_420611' 'EPI_ISL_420619' 'EPI_ISL_420598'
 'EPI_ISL_420605' 'EPI_ISL_451091' 'EPI_ISL_434889' 'EPI_ISL_451087'
 'EPI_ISL_451084' 'EPI_ISL_455978' 'EPI_ISL_439246' 'EPI_ISL_453745'
 'EPI_ISL_453760' 'EPI_ISL_439159' 'EPI_ISL_432762' 'EPI_ISL_434503'
 'EPI_ISL_434493' 'EPI_ISL_442479' 'EPI_ISL_427379' 'EPI_ISL_427385'
 'EPI_ISL_432478' 'EPI_ISL_424658' 'EPI_ISL_424652' 'EPI_ISL_424655'
 'EPI_ISL_424644' 'EPI_ISL_424642' 'EPI_ISL_424650' 'EPI_ISL_424633'
 'EPI_ISL_424640' 'EPI_ISL_428944' 'EPI_ISL_421204' 'EPI_ISL_423583'
 'EPI_ISL_433499' 'EPI_ISL_429571' 'EPI_ISL_435421' 'EPI_ISL_428359'
 'EPI_ISL_443301' 'EPI_ISL_421512' 'EPI_ISL_428352' 'EPI_ISL_432864'
 'EPI_ISL_419182' 'EPI_ISL_419185' 'EPI_ISL_419186' 'EPI_ISL_420063'
 'EPI_ISL_425899' 'EPI_ISL_419170' 'EPI_ISL_443310' 'EPI_ISL_417526'
 'EPI_ISL_420044' 'EPI_ISL_418423' 'EPI_ISL_418427' 'EPI_ISL_421750'
 'EPI_ISL_418422' 'EPI_ISL_418424' 'EPI_ISL_447136' 'EPI_ISL_417437'
 'EPI_ISL_420038' 'EPI_ISL_420046' 'EPI_ISL_420055' 'EPI_ISL_421738'
 'EPI_ISL_421752' 'EPI_ISL_421753' 'EPI_ISL_418417' 'EPI_ISL_418240'
 'EPI_ISL_420040' 'EPI_ISL_419587' 'EPI_ISL_416499' 'EPI_ISL_417339'
 'EPI_ISL_419578' 'EPI_ISL_417337' 'EPI_ISL_416754' 'EPI_ISL_416756'
 'EPI_ISL_415651' 'EPI_ISL_415652' 'EPI_ISL_416751' 'EPI_ISL_417334'
 'EPI_ISL_416747' 'EPI_ISL_416749' 'EPI_ISL_416752' 'MT451041.1'
 'MT451177.1' 'MT451179.1' 'MT451194.1' 'EPI_ISL_445282' 'EPI_ISL_445311'
 'EPI_ISL_452223' 'EPI_ISL_429115' 'EPI_ISL_415704' 'EPI_ISL_429212'
 'EPI_ISL_415706' 'EPI_ISL_429208' 'EPI_ISL_429196' 'EPI_ISL_415705'
 'EPI_ISL_429211' 'EPI_ISL_415707' 'EPI_ISL_421453']",1,0.001327564262805766
3037(SNP:C->T);9967(SNP:C->T);14408(SNP:C->T);15324(SNP:C->T);23403(SNP:A->G),2020-05-25,['LR824392.1'],B.1,Switzerland,"['EPI_ISL_416493' 'EPI_ISL_417946' 'EPI_ISL_417947' 'EPI_ISL_418024'
 'EPI_ISL_418230' 'EPI_ISL_418231' 'EPI_ISL_418234' 'EPI_ISL_418628'
 'EPI_ISL_418632' 'EPI_ISL_418634' 'EPI_ISL_418635' 'EPI_ISL_418648'
 'EPI_ISL_418657' 'EPI_ISL_418659' 'EPI_ISL_418795' 'EPI_ISL_419593'
 'EPI_ISL_420035' 'EPI_ISL_420039' 'EPI_ISL_420083' 'EPI_ISL_420365'
 'EPI_ISL_420368' 'EPI_ISL_420373' 'EPI_ISL_420380' 'EPI_ISL_420382'
 'EPI_ISL_420384' 'EPI_ISL_420389' 'EPI_ISL_420390' 'EPI_ISL_420395'
 'EPI_ISL_420396' 'EPI_ISL_420397' 'EPI_ISL_420427' 'EPI_ISL_420432'
 'EPI_ISL_420434' 'EPI_ISL_420440' 'EPI_ISL_420452' 'EPI_ISL_421508'
 'EPI_ISL_421745' 'EPI_ISL_421746' 'MT320538.2' 'EPI_ISL_427394'
 'EPI_ISL_428890' 'EPI_ISL_429724' 'EPI_ISL_429766' 'EPI_ISL_429782'
 'EPI_ISL_434621' 'EPI_ISL_434622' 'EPI_ISL_434623' 'EPI_ISL_434624'
 'EPI_ISL_434625' 'EPI_ISL_434631' 'EPI_ISL_434632' 'EPI_ISL_434633'
 'EPI_ISL_434634' 'EPI_ISL_435032' 'EPI_ISL_433646' 'EPI_ISL_437348'
 'EPI_ISL_437350' 'FR994049.1' 'EPI_ISL_443291' 'EPI_ISL_444969'
 'EPI_ISL_445069' 'MT358643.1' 'MT470101.1' 'MT470102.1' 'MT470106.1'
 'MT470110.1' 'MT470113.1' 'MT470114.1' 'MT470118.1' 'MT470124.1'
 'MT470133.1' 'MT470136.1' 'MT470138.1' 'MT470140.1' 'MT470143.1'
 'MT470148.1' 'MT470155.1' 'MT470162.1' 'MT470164.1' 'MT470165.1'
 'MT470167.1' 'MT470173.1' 'MT470176.1' 'EPI_ISL_445216' 'EPI_ISL_445272'
 'EPI_ISL_450519' 'LR824235.1' 'LR824247.1' 'LR824250.1' 'LR824268.1'
 'LR824263.1' 'LR824266.1' 'LR824283.1' 'LR824301.1' 'LR824326.1'
 'LR824321.1' 'LR824318.1' 'LR824325.1' 'LR824342.1' 'LR824371.1'
 'LR824381.1' 'LR824400.1' 'LR824409.1' 'LR824413.1' 'LR824414.1'
 'EPI_ISL_451935' 'EPI_ISL_452148' 'EPI_ISL_452151' 'EPI_ISL_452152'
 'EPI_ISL_453982' 'EPI_ISL_457974' 'NMDC60013159' 'NMDC60013162'
 'NMDC60013163' 'NMDC60013164' 'NMDC60013165' 'NMDC60013166'
 'NMDC60013167' 'NMDC60013168' 'NMDC60013169' 'NMDC60013170'
 'NMDC60013171' 'NMDC60013172' 'NMDC60013173' 'NMDC60013174'
 'NMDC60013175' 'NMDC60013176' 'NMDC60013177' 'NMDC60013184'
 'NMDC60013186' 'NMDC60013188' 'NMDC60013189' 'NMDC60013190'
 'NMDC60013191' 'NMDC60013192' 'NMDC60013193' 'NMDC60013194'
 'NMDC60013195' 'NMDC60013196' 'NMDC60013197' 'NMDC60013198'
 'NMDC60013199' 'NMDC60013239' 'NMDC60013240' 'NMDC60013242' 'LR794385.1'
 'LR794405.1' 'LR794433.1' 'LR794462.1' 'LR794514.1' 'LR794519.1'
 'LR794530.1' 'LR794549.1' 'LR794564.1' 'LR794619.1' 'LR794620.1'
 'LR794650.1' 'EPI_ISL_421932' 'EPI_ISL_420624' 'EPI_ISL_420620'
 'EPI_ISL_420609' 'EPI_ISL_420611' 'EPI_ISL_420619' 'EPI_ISL_420598'
 'EPI_ISL_420605' 'EPI_ISL_451091' 'EPI_ISL_434889' 'EPI_ISL_451087'
 'EPI_ISL_451084' 'EPI_ISL_455978' 'EPI_ISL_439246' 'EPI_ISL_453745'
 'EPI_ISL_453760' 'EPI_ISL_439159' 'EPI_ISL_432762' 'EPI_ISL_434503'
 'EPI_ISL_434493' 'EPI_ISL_442479' 'EPI_ISL_427379' 'EPI_ISL_427385'
 'EPI_ISL_432478' 'EPI_ISL_424658' 'EPI_ISL_424652' 'EPI_ISL_424655'
 'EPI_ISL_424644' 'EPI_ISL_424642' 'EPI_ISL_424650' 'EPI_ISL_424633'
 'EPI_ISL_424640' 'EPI_ISL_428944' 'EPI_ISL_421204' 'EPI_ISL_423583'
 'EPI_ISL_433499' 'EPI_ISL_429571' 'EPI_ISL_435421' 'EPI_ISL_428359'
 'EPI_ISL_443301' 'EPI_ISL_421512' 'EPI_ISL_428352' 'EPI_ISL_432864'
 'EPI_ISL_419182' 'EPI_ISL_419185' 'EPI_ISL_419186' 'EPI_ISL_420063'
 'EPI_ISL_425899' 'EPI_ISL_419170' 'EPI_ISL_443310' 'EPI_ISL_417526'
 'EPI_ISL_420044' 'EPI_ISL_418423' 'EPI_ISL_418427' 'EPI_ISL_421750'
 'EPI_ISL_418422' 'EPI_ISL_418424' 'EPI_ISL_447136' 'EPI_ISL_417437'
 'EPI_ISL_420038' 'EPI_ISL_420046' 'EPI_ISL_420055' 'EPI_ISL_421738'
 'EPI_ISL_421752' 'EPI_ISL_421753' 'EPI_ISL_418417' 'EPI_ISL_418240'
 'EPI_ISL_420040' 'EPI_ISL_419587' 'EPI_ISL_416499' 'EPI_ISL_417339'
 'EPI_ISL_419578' 'EPI_ISL_417337' 'EPI_ISL_416754' 'EPI_ISL_416756'
 'EPI_ISL_415651' 'EPI_ISL_415652' 'EPI_ISL_416751' 'EPI_ISL_417334'
 'EPI_ISL_416747' 'EPI_ISL_416749' 'EPI_ISL_416752' 'MT451041.1'
 'MT451177.1' 'MT451179.1' 'MT451194.1' 'EPI_ISL_445282' 'EPI_ISL_445311'
 'EPI_ISL_452223' 'EPI_ISL_429115' 'EPI_ISL_415704' 'EPI_ISL_429212'
 'EPI_ISL_415706' 'EPI_ISL_429208' 'EPI_ISL_429196' 'EPI_ISL_415705'
 'EPI_ISL_429211' 'EPI_ISL_415707' 'EPI_ISL_421453']",1,0.001327564262805766
3037(SNP:C->T);14408(SNP:C->T);15324(SNP:C->T);23403(SNP:A->G);28975(SNP:G->T),2020-05-28,['EPI_ISL_453891'],B.1,Portugal,"['EPI_ISL_416493' 'EPI_ISL_417946' 'EPI_ISL_417947' 'EPI_ISL_418024'
 'EPI_ISL_418230' 'EPI_ISL_418231' 'EPI_ISL_418234' 'EPI_ISL_418628'
 'EPI_ISL_418632' 'EPI_ISL_418634' 'EPI_ISL_418635' 'EPI_ISL_418648'
 'EPI_ISL_418657' 'EPI_ISL_418659' 'EPI_ISL_418795' 'EPI_ISL_419593'
 'EPI_ISL_420035' 'EPI_ISL_420039' 'EPI_ISL_420083' 'EPI_ISL_420365'
 'EPI_ISL_420368' 'EPI_ISL_420373' 'EPI_ISL_420380' 'EPI_ISL_420382'
 'EPI_ISL_420384' 'EPI_ISL_420389' 'EPI_ISL_420390' 'EPI_ISL_420395'
 'EPI_ISL_420396' 'EPI_ISL_420397' 'EPI_ISL_420427' 'EPI_ISL_420432'
 'EPI_ISL_420434' 'EPI_ISL_420440' 'EPI_ISL_420452' 'EPI_ISL_421508'
 'EPI_ISL_421745' 'EPI_ISL_421746' 'MT320538.2' 'EPI_ISL_427394'
 'EPI_ISL_428890' 'EPI_ISL_429724' 'EPI_ISL_429766' 'EPI_ISL_429782'
 'EPI_ISL_434621' 'EPI_ISL_434622' 'EPI_ISL_434623' 'EPI_ISL_434624'
 'EPI_ISL_434625' 'EPI_ISL_434631' 'EPI_ISL_434632' 'EPI_ISL_434633'
 'EPI_ISL_434634' 'EPI_ISL_435032' 'EPI_ISL_433646' 'EPI_ISL_437348'
 'EPI_ISL_437350' 'FR994049.1' 'EPI_ISL_443291' 'EPI_ISL_444969'
 'EPI_ISL_445069' 'MT358643.1' 'MT470101.1' 'MT470102.1' 'MT470106.1'
 'MT470110.1' 'MT470113.1' 'MT470114.1' 'MT470118.1' 'MT470124.1'
 'MT470133.1' 'MT470136.1' 'MT470138.1' 'MT470140.1' 'MT470143.1'
 'MT470148.1' 'MT470155.1' 'MT470162.1' 'MT470164.1' 'MT470165.1'
 'MT470167.1' 'MT470173.1' 'MT470176.1' 'EPI_ISL_445216' 'EPI_ISL_445272'
 'EPI_ISL_450519' 'LR824235.1' 'LR824247.1' 'LR824250.1' 'LR824268.1'
 'LR824263.1' 'LR824266.1' 'LR824283.1' 'LR824301.1' 'LR824326.1'
 'LR824321.1' 'LR824318.1' 'LR824325.1' 'LR824342.1' 'LR824371.1'
 'LR824381.1' 'LR824400.1' 'LR824409.1' 'LR824413.1' 'LR824414.1'
 'EPI_ISL_451935' 'EPI_ISL_452148' 'EPI_ISL_452151' 'EPI_ISL_452152'
 'EPI_ISL_453982' 'EPI_ISL_457974' 'NMDC60013159' 'NMDC60013162'
 'NMDC60013163' 'NMDC60013164' 'NMDC60013165' 'NMDC60013166'
 'NMDC60013167' 'NMDC60013168' 'NMDC60013169' 'NMDC60013170'
 'NMDC60013171' 'NMDC60013172' 'NMDC60013173' 'NMDC60013174'
 'NMDC60013175' 'NMDC60013176' 'NMDC60013177' 'NMDC60013184'
 'NMDC60013186' 'NMDC60013188' 'NMDC60013189' 'NMDC60013190'
 'NMDC60013191' 'NMDC60013192' 'NMDC60013193' 'NMDC60013194'
 'NMDC60013195' 'NMDC60013196' 'NMDC60013197' 'NMDC60013198'
 'NMDC60013199' 'NMDC60013239' 'NMDC60013240' 'NMDC60013242' 'LR794385.1'
 'LR794405.1' 'LR794433.1' 'LR794462.1' 'LR794514.1' 'LR794519.1'
 'LR794530.1' 'LR794549.1' 'LR794564.1' 'LR794619.1' 'LR794620.1'
 'LR794650.1' 'EPI_ISL_421932' 'EPI_ISL_420624' 'EPI_ISL_420620'
 'EPI_ISL_420609' 'EPI_ISL_420611' 'EPI_ISL_420619' 'EPI_ISL_420598'
 'EPI_ISL_420605' 'EPI_ISL_451091' 'EPI_ISL_434889' 'EPI_ISL_451087'
 'EPI_ISL_451084' 'EPI_ISL_455978' 'EPI_ISL_439246' 'EPI_ISL_453745'
 'EPI_ISL_453760' 'EPI_ISL_439159' 'EPI_ISL_432762' 'EPI_ISL_434503'
 'EPI_ISL_434493' 'EPI_ISL_442479' 'EPI_ISL_427379' 'EPI_ISL_427385'
 'EPI_ISL_432478' 'EPI_ISL_424658' 'EPI_ISL_424652' 'EPI_ISL_424655'
 'EPI_ISL_424644' 'EPI_ISL_424642' 'EPI_ISL_424650' 'EPI_ISL_424633'
 'EPI_ISL_424640' 'EPI_ISL_428944' 'EPI_ISL_421204' 'EPI_ISL_423583'
 'EPI_ISL_433499' 'EPI_ISL_429571' 'EPI_ISL_435421' 'EPI_ISL_428359'
 'EPI_ISL_443301' 'EPI_ISL_421512' 'EPI_ISL_428352' 'EPI_ISL_432864'
 'EPI_ISL_419182' 'EPI_ISL_419185' 'EPI_ISL_419186' 'EPI_ISL_420063'
 'EPI_ISL_425899' 'EPI_ISL_419170' 'EPI_ISL_443310' 'EPI_ISL_417526'
 'EPI_ISL_420044' 'EPI_ISL_418423' 'EPI_ISL_418427' 'EPI_ISL_421750'
 'EPI_ISL_418422' 'EPI_ISL_418424' 'EPI_ISL_447136' 'EPI_ISL_417437'
 'EPI_ISL_420038' 'EPI_ISL_420046' 'EPI_ISL_420055' 'EPI_ISL_421738'
 'EPI_ISL_421752' 'EPI_ISL_421753' 'EPI_ISL_418417' 'EPI_ISL_418240'
 'EPI_ISL_420040' 'EPI_ISL_419587' 'EPI_ISL_416499' 'EPI_ISL_417339'
 'EPI_ISL_419578' 'EPI_ISL_417337' 'EPI_ISL_416754' 'EPI_ISL_416756'
 'EPI_ISL_415651' 'EPI_ISL_415652' 'EPI_ISL_416751' 'EPI_ISL_417334'
 'EPI_ISL_416747' 'EPI_ISL_416749' 'EPI_ISL_416752' 'MT451041.1'
 'MT451177.1' 'MT451179.1' 'MT451194.1' 'EPI_ISL_445282' 'EPI_ISL_445311'
 'EPI_ISL_452223' 'EPI_ISL_429115' 'EPI_ISL_415704' 'EPI_ISL_429212'
 'EPI_ISL_415706' 'EPI_ISL_429208' 'EPI_ISL_429196' 'EPI_ISL_415705'
 'EPI_ISL_429211' 'EPI_ISL_415707' 'EPI_ISL_421453']",1,0.001327564262805766
3037(SNP:C->T);14408(SNP:C->T);15324(SNP:C->T);15654(SNP:C->T);23403(SNP:A->G),2020-06-01,['NMDC60013157'],B.1,China,"['EPI_ISL_416493' 'EPI_ISL_417946' 'EPI_ISL_417947' 'EPI_ISL_418024'
 'EPI_ISL_418230' 'EPI_ISL_418231' 'EPI_ISL_418234' 'EPI_ISL_418628'
 'EPI_ISL_418632' 'EPI_ISL_418634' 'EPI_ISL_418635' 'EPI_ISL_418648'
 'EPI_ISL_418657' 'EPI_ISL_418659' 'EPI_ISL_418795' 'EPI_ISL_419593'
 'EPI_ISL_420035' 'EPI_ISL_420039' 'EPI_ISL_420083' 'EPI_ISL_420365'
 'EPI_ISL_420368' 'EPI_ISL_420373' 'EPI_ISL_420380' 'EPI_ISL_420382'
 'EPI_ISL_420384' 'EPI_ISL_420389' 'EPI_ISL_420390' 'EPI_ISL_420395'
 'EPI_ISL_420396' 'EPI_ISL_420397' 'EPI_ISL_420427' 'EPI_ISL_420432'
 'EPI_ISL_420434' 'EPI_ISL_420440' 'EPI_ISL_420452' 'EPI_ISL_421508'
 'EPI_ISL_421745' 'EPI_ISL_421746' 'MT320538.2' 'EPI_ISL_427394'
 'EPI_ISL_428890' 'EPI_ISL_429724' 'EPI_ISL_429766' 'EPI_ISL_429782'
 'EPI_ISL_434621' 'EPI_ISL_434622' 'EPI_ISL_434623' 'EPI_ISL_434624'
 'EPI_ISL_434625' 'EPI_ISL_434631' 'EPI_ISL_434632' 'EPI_ISL_434633'
 'EPI_ISL_434634' 'EPI_ISL_435032' 'EPI_ISL_433646' 'EPI_ISL_437348'
 'EPI_ISL_437350' 'FR994049.1' 'EPI_ISL_443291' 'EPI_ISL_444969'
 'EPI_ISL_445069' 'MT358643.1' 'MT470101.1' 'MT470102.1' 'MT470106.1'
 'MT470110.1' 'MT470113.1' 'MT470114.1' 'MT470118.1' 'MT470124.1'
 'MT470133.1' 'MT470136.1' 'MT470138.1' 'MT470140.1' 'MT470143.1'
 'MT470148.1' 'MT470155.1' 'MT470162.1' 'MT470164.1' 'MT470165.1'
 'MT470167.1' 'MT470173.1' 'MT470176.1' 'EPI_ISL_445216' 'EPI_ISL_445272'
 'EPI_ISL_450519' 'LR824235.1' 'LR824247.1' 'LR824250.1' 'LR824268.1'
 'LR824263.1' 'LR824266.1' 'LR824283.1' 'LR824301.1' 'LR824326.1'
 'LR824321.1' 'LR824318.1' 'LR824325.1' 'LR824342.1' 'LR824371.1'
 'LR824381.1' 'LR824400.1' 'LR824409.1' 'LR824413.1' 'LR824414.1'
 'EPI_ISL_451935' 'EPI_ISL_452148' 'EPI_ISL_452151' 'EPI_ISL_452152'
 'EPI_ISL_453982' 'EPI_ISL_457974' 'NMDC60013159' 'NMDC60013162'
 'NMDC60013163' 'NMDC60013164' 'NMDC60013165' 'NMDC60013166'
 'NMDC60013167' 'NMDC60013168' 'NMDC60013169' 'NMDC60013170'
 'NMDC60013171' 'NMDC60013172' 'NMDC60013173' 'NMDC60013174'
 'NMDC60013175' 'NMDC60013176' 'NMDC60013177' 'NMDC60013184'
 'NMDC60013186' 'NMDC60013188' 'NMDC60013189' 'NMDC60013190'
 'NMDC60013191' 'NMDC60013192' 'NMDC60013193' 'NMDC60013194'
 'NMDC60013195' 'NMDC60013196' 'NMDC60013197' 'NMDC60013198'
 'NMDC60013199' 'NMDC60013239' 'NMDC60013240' 'NMDC60013242' 'LR794385.1'
 'LR794405.1' 'LR794433.1' 'LR794462.1' 'LR794514.1' 'LR794519.1'
 'LR794530.1' 'LR794549.1' 'LR794564.1' 'LR794619.1' 'LR794620.1'
 'LR794650.1' 'EPI_ISL_421932' 'EPI_ISL_420624' 'EPI_ISL_420620'
 'EPI_ISL_420609' 'EPI_ISL_420611' 'EPI_ISL_420619' 'EPI_ISL_420598'
 'EPI_ISL_420605' 'EPI_ISL_451091' 'EPI_ISL_434889' 'EPI_ISL_451087'
 'EPI_ISL_451084' 'EPI_ISL_455978' 'EPI_ISL_439246' 'EPI_ISL_453745'
 'EPI_ISL_453760' 'EPI_ISL_439159' 'EPI_ISL_432762' 'EPI_ISL_434503'
 'EPI_ISL_434493' 'EPI_ISL_442479' 'EPI_ISL_427379' 'EPI_ISL_427385'
 'EPI_ISL_432478' 'EPI_ISL_424658' 'EPI_ISL_424652' 'EPI_ISL_424655'
 'EPI_ISL_424644' 'EPI_ISL_424642' 'EPI_ISL_424650' 'EPI_ISL_424633'
 'EPI_ISL_424640' 'EPI_ISL_428944' 'EPI_ISL_421204' 'EPI_ISL_423583'
 'EPI_ISL_433499' 'EPI_ISL_429571' 'EPI_ISL_435421' 'EPI_ISL_428359'
 'EPI_ISL_443301' 'EPI_ISL_421512' 'EPI_ISL_428352' 'EPI_ISL_432864'
 'EPI_ISL_419182' 'EPI_ISL_419185' 'EPI_ISL_419186' 'EPI_ISL_420063'
 'EPI_ISL_425899' 'EPI_ISL_419170' 'EPI_ISL_443310' 'EPI_ISL_417526'
 'EPI_ISL_420044' 'EPI_ISL_418423' 'EPI_ISL_418427' 'EPI_ISL_421750'
 'EPI_ISL_418422' 'EPI_ISL_418424' 'EPI_ISL_447136' 'EPI_ISL_417437'
 'EPI_ISL_420038' 'EPI_ISL_420046' 'EPI_ISL_420055' 'EPI_ISL_421738'
 'EPI_ISL_421752' 'EPI_ISL_421753' 'EPI_ISL_418417' 'EPI_ISL_418240'
 'EPI_ISL_420040' 'EPI_ISL_419587' 'EPI_ISL_416499' 'EPI_ISL_417339'
 'EPI_ISL_419578' 'EPI_ISL_417337' 'EPI_ISL_416754' 'EPI_ISL_416756'
 'EPI_ISL_415651' 'EPI_ISL_415652' 'EPI_ISL_416751' 'EPI_ISL_417334'
 'EPI_ISL_416747' 'EPI_ISL_416749' 'EPI_ISL_416752' 'MT451041.1'
 'MT451177.1' 'MT451179.1' 'MT451194.1' 'EPI_ISL_445282' 'EPI_ISL_445311'
 'EPI_ISL_452223' 'EPI_ISL_429115' 'EPI_ISL_415704' 'EPI_ISL_429212'
 'EPI_ISL_415706' 'EPI_ISL_429208' 'EPI_ISL_429196' 'EPI_ISL_415705'
 'EPI_ISL_429211' 'EPI_ISL_415707' 'EPI_ISL_421453']",1,0.001327564262805766
3037(SNP:C->T);14408(SNP:C->T);15324(SNP:C->T);21058(SNP:C->T);23403(SNP:A->G),2020-06-01,['NMDC60013241'],B.1,China,"['EPI_ISL_416493' 'EPI_ISL_417946' 'EPI_ISL_417947' 'EPI_ISL_418024'
 'EPI_ISL_418230' 'EPI_ISL_418231' 'EPI_ISL_418234' 'EPI_ISL_418628'
 'EPI_ISL_418632' 'EPI_ISL_418634' 'EPI_ISL_418635' 'EPI_ISL_418648'
 'EPI_ISL_418657' 'EPI_ISL_418659' 'EPI_ISL_418795' 'EPI_ISL_419593'
 'EPI_ISL_420035' 'EPI_ISL_420039' 'EPI_ISL_420083' 'EPI_ISL_420365'
 'EPI_ISL_420368' 'EPI_ISL_420373' 'EPI_ISL_420380' 'EPI_ISL_420382'
 'EPI_ISL_420384' 'EPI_ISL_420389' 'EPI_ISL_420390' 'EPI_ISL_420395'
 'EPI_ISL_420396' 'EPI_ISL_420397' 'EPI_ISL_420427' 'EPI_ISL_420432'
 'EPI_ISL_420434' 'EPI_ISL_420440' 'EPI_ISL_420452' 'EPI_ISL_421508'
 'EPI_ISL_421745' 'EPI_ISL_421746' 'MT320538.2' 'EPI_ISL_427394'
 'EPI_ISL_428890' 'EPI_ISL_429724' 'EPI_ISL_429766' 'EPI_ISL_429782'
 'EPI_ISL_434621' 'EPI_ISL_434622' 'EPI_ISL_434623' 'EPI_ISL_434624'
 'EPI_ISL_434625' 'EPI_ISL_434631' 'EPI_ISL_434632' 'EPI_ISL_434633'
 'EPI_ISL_434634' 'EPI_ISL_435032' 'EPI_ISL_433646' 'EPI_ISL_437348'
 'EPI_ISL_437350' 'FR994049.1' 'EPI_ISL_443291' 'EPI_ISL_444969'
 'EPI_ISL_445069' 'MT358643.1' 'MT470101.1' 'MT470102.1' 'MT470106.1'
 'MT470110.1' 'MT470113.1' 'MT470114.1' 'MT470118.1' 'MT470124.1'
 'MT470133.1' 'MT470136.1' 'MT470138.1' 'MT470140.1' 'MT470143.1'
 'MT470148.1' 'MT470155.1' 'MT470162.1' 'MT470164.1' 'MT470165.1'
 'MT470167.1' 'MT470173.1' 'MT470176.1' 'EPI_ISL_445216' 'EPI_ISL_445272'
 'EPI_ISL_450519' 'LR824235.1' 'LR824247.1' 'LR824250.1' 'LR824268.1'
 'LR824263.1' 'LR824266.1' 'LR824283.1' 'LR824301.1' 'LR824326.1'
 'LR824321.1' 'LR824318.1' 'LR824325.1' 'LR824342.1' 'LR824371.1'
 'LR824381.1' 'LR824400.1' 'LR824409.1' 'LR824413.1' 'LR824414.1'
 'EPI_ISL_451935' 'EPI_ISL_452148' 'EPI_ISL_452151' 'EPI_ISL_452152'
 'EPI_ISL_453982' 'EPI_ISL_457974' 'NMDC60013159' 'NMDC60013162'
 'NMDC60013163' 'NMDC60013164' 'NMDC60013165' 'NMDC60013166'
 'NMDC60013167' 'NMDC60013168' 'NMDC60013169' 'NMDC60013170'
 'NMDC60013171' 'NMDC60013172' 'NMDC60013173' 'NMDC60013174'
 'NMDC60013175' 'NMDC60013176' 'NMDC60013177' 'NMDC60013184'
 'NMDC60013186' 'NMDC60013188' 'NMDC60013189' 'NMDC60013190'
 'NMDC60013191' 'NMDC60013192' 'NMDC60013193' 'NMDC60013194'
 'NMDC60013195' 'NMDC60013196' 'NMDC60013197' 'NMDC60013198'
 'NMDC60013199' 'NMDC60013239' 'NMDC60013240' 'NMDC60013242' 'LR794385.1'
 'LR794405.1' 'LR794433.1' 'LR794462.1' 'LR794514.1' 'LR794519.1'
 'LR794530.1' 'LR794549.1' 'LR794564.1' 'LR794619.1' 'LR794620.1'
 'LR794650.1' 'EPI_ISL_421932' 'EPI_ISL_420624' 'EPI_ISL_420620'
 'EPI_ISL_420609' 'EPI_ISL_420611' 'EPI_ISL_420619' 'EPI_ISL_420598'
 'EPI_ISL_420605' 'EPI_ISL_451091' 'EPI_ISL_434889' 'EPI_ISL_451087'
 'EPI_ISL_451084' 'EPI_ISL_455978' 'EPI_ISL_439246' 'EPI_ISL_453745'
 'EPI_ISL_453760' 'EPI_ISL_439159' 'EPI_ISL_432762' 'EPI_ISL_434503'
 'EPI_ISL_434493' 'EPI_ISL_442479' 'EPI_ISL_427379' 'EPI_ISL_427385'
 'EPI_ISL_432478' 'EPI_ISL_424658' 'EPI_ISL_424652' 'EPI_ISL_424655'
 'EPI_ISL_424644' 'EPI_ISL_424642' 'EPI_ISL_424650' 'EPI_ISL_424633'
 'EPI_ISL_424640' 'EPI_ISL_428944' 'EPI_ISL_421204' 'EPI_ISL_423583'
 'EPI_ISL_433499' 'EPI_ISL_429571' 'EPI_ISL_435421' 'EPI_ISL_428359'
 'EPI_ISL_443301' 'EPI_ISL_421512' 'EPI_ISL_428352' 'EPI_ISL_432864'
 'EPI_ISL_419182' 'EPI_ISL_419185' 'EPI_ISL_419186' 'EPI_ISL_420063'
 'EPI_ISL_425899' 'EPI_ISL_419170' 'EPI_ISL_443310' 'EPI_ISL_417526'
 'EPI_ISL_420044' 'EPI_ISL_418423' 'EPI_ISL_418427' 'EPI_ISL_421750'
 'EPI_ISL_418422' 'EPI_ISL_418424' 'EPI_ISL_447136' 'EPI_ISL_417437'
 'EPI_ISL_420038' 'EPI_ISL_420046' 'EPI_ISL_420055' 'EPI_ISL_421738'
 'EPI_ISL_421752' 'EPI_ISL_421753' 'EPI_ISL_418417' 'EPI_ISL_418240'
 'EPI_ISL_420040' 'EPI_ISL_419587' 'EPI_ISL_416499' 'EPI_ISL_417339'
 'EPI_ISL_419578' 'EPI_ISL_417337' 'EPI_ISL_416754' 'EPI_ISL_416756'
 'EPI_ISL_415651' 'EPI_ISL_415652' 'EPI_ISL_416751' 'EPI_ISL_417334'
 'EPI_ISL_416747' 'EPI_ISL_416749' 'EPI_ISL_416752' 'MT451041.1'
 'MT451177.1' 'MT451179.1' 'MT451194.1' 'EPI_ISL_445282' 'EPI_ISL_445311'
 'EPI_ISL_452223' 'EPI_ISL_429115' 'EPI_ISL_415704' 'EPI_ISL_429212'
 'EPI_ISL_415706' 'EPI_ISL_429208' 'EPI_ISL_429196' 'EPI_ISL_415705'
 'EPI_ISL_429211' 'EPI_ISL_415707' 'EPI_ISL_421453']",1,0.001327564262805766
3037(SNP:C->T);6101(SNP:G->A);14408(SNP:C->T);15324(SNP:C->T);23403(SNP:A->G),2020-06-01,['NMDC60013161'],B.1,China,"['EPI_ISL_416493' 'EPI_ISL_417946' 'EPI_ISL_417947' 'EPI_ISL_418024'
 'EPI_ISL_418230' 'EPI_ISL_418231' 'EPI_ISL_418234' 'EPI_ISL_418628'
 'EPI_ISL_418632' 'EPI_ISL_418634' 'EPI_ISL_418635' 'EPI_ISL_418648'
 'EPI_ISL_418657' 'EPI_ISL_418659' 'EPI_ISL_418795' 'EPI_ISL_419593'
 'EPI_ISL_420035' 'EPI_ISL_420039' 'EPI_ISL_420083' 'EPI_ISL_420365'
 'EPI_ISL_420368' 'EPI_ISL_420373' 'EPI_ISL_420380' 'EPI_ISL_420382'
 'EPI_ISL_420384' 'EPI_ISL_420389' 'EPI_ISL_420390' 'EPI_ISL_420395'
 'EPI_ISL_420396' 'EPI_ISL_420397' 'EPI_ISL_420427' 'EPI_ISL_420432'
 'EPI_ISL_420434' 'EPI_ISL_420440' 'EPI_ISL_420452' 'EPI_ISL_421508'
 'EPI_ISL_421745' 'EPI_ISL_421746' 'MT320538.2' 'EPI_ISL_427394'
 'EPI_ISL_428890' 'EPI_ISL_429724' 'EPI_ISL_429766' 'EPI_ISL_429782'
 'EPI_ISL_434621' 'EPI_ISL_434622' 'EPI_ISL_434623' 'EPI_ISL_434624'
 'EPI_ISL_434625' 'EPI_ISL_434631' 'EPI_ISL_434632' 'EPI_ISL_434633'
 'EPI_ISL_434634' 'EPI_ISL_435032' 'EPI_ISL_433646' 'EPI_ISL_437348'
 'EPI_ISL_437350' 'FR994049.1' 'EPI_ISL_443291' 'EPI_ISL_444969'
 'EPI_ISL_445069' 'MT358643.1' 'MT470101.1' 'MT470102.1' 'MT470106.1'
 'MT470110.1' 'MT470113.1' 'MT470114.1' 'MT470118.1' 'MT470124.1'
 'MT470133.1' 'MT470136.1' 'MT470138.1' 'MT470140.1' 'MT470143.1'
 'MT470148.1' 'MT470155.1' 'MT470162.1' 'MT470164.1' 'MT470165.1'
 'MT470167.1' 'MT470173.1' 'MT470176.1' 'EPI_ISL_445216' 'EPI_ISL_445272'
 'EPI_ISL_450519' 'LR824235.1' 'LR824247.1' 'LR824250.1' 'LR824268.1'
 'LR824263.1' 'LR824266.1' 'LR824283.1' 'LR824301.1' 'LR824326.1'
 'LR824321.1' 'LR824318.1' 'LR824325.1' 'LR824342.1' 'LR824371.1'
 'LR824381.1' 'LR824400.1' 'LR824409.1' 'LR824413.1' 'LR824414.1'
 'EPI_ISL_451935' 'EPI_ISL_452148' 'EPI_ISL_452151' 'EPI_ISL_452152'
 'EPI_ISL_453982' 'EPI_ISL_457974' 'NMDC60013159' 'NMDC60013162'
 'NMDC60013163' 'NMDC60013164' 'NMDC60013165' 'NMDC60013166'
 'NMDC60013167' 'NMDC60013168' 'NMDC60013169' 'NMDC60013170'
 'NMDC60013171' 'NMDC60013172' 'NMDC60013173' 'NMDC60013174'
 'NMDC60013175' 'NMDC60013176' 'NMDC60013177' 'NMDC60013184'
 'NMDC60013186' 'NMDC60013188' 'NMDC60013189' 'NMDC60013190'
 'NMDC60013191' 'NMDC60013192' 'NMDC60013193' 'NMDC60013194'
 'NMDC60013195' 'NMDC60013196' 'NMDC60013197' 'NMDC60013198'
 'NMDC60013199' 'NMDC60013239' 'NMDC60013240' 'NMDC60013242' 'LR794385.1'
 'LR794405.1' 'LR794433.1' 'LR794462.1' 'LR794514.1' 'LR794519.1'
 'LR794530.1' 'LR794549.1' 'LR794564.1' 'LR794619.1' 'LR794620.1'
 'LR794650.1' 'EPI_ISL_421932' 'EPI_ISL_420624' 'EPI_ISL_420620'
 'EPI_ISL_420609' 'EPI_ISL_420611' 'EPI_ISL_420619' 'EPI_ISL_420598'
 'EPI_ISL_420605' 'EPI_ISL_451091' 'EPI_ISL_434889' 'EPI_ISL_451087'
 'EPI_ISL_451084' 'EPI_ISL_455978' 'EPI_ISL_439246' 'EPI_ISL_453745'
 'EPI_ISL_453760' 'EPI_ISL_439159' 'EPI_ISL_432762' 'EPI_ISL_434503'
 'EPI_ISL_434493' 'EPI_ISL_442479' 'EPI_ISL_427379' 'EPI_ISL_427385'
 'EPI_ISL_432478' 'EPI_ISL_424658' 'EPI_ISL_424652' 'EPI_ISL_424655'
 'EPI_ISL_424644' 'EPI_ISL_424642' 'EPI_ISL_424650' 'EPI_ISL_424633'
 'EPI_ISL_424640' 'EPI_ISL_428944' 'EPI_ISL_421204' 'EPI_ISL_423583'
 'EPI_ISL_433499' 'EPI_ISL_429571' 'EPI_ISL_435421' 'EPI_ISL_428359'
 'EPI_ISL_443301' 'EPI_ISL_421512' 'EPI_ISL_428352' 'EPI_ISL_432864'
 'EPI_ISL_419182' 'EPI_ISL_419185' 'EPI_ISL_419186' 'EPI_ISL_420063'
 'EPI_ISL_425899' 'EPI_ISL_419170' 'EPI_ISL_443310' 'EPI_ISL_417526'
 'EPI_ISL_420044' 'EPI_ISL_418423' 'EPI_ISL_418427' 'EPI_ISL_421750'
 'EPI_ISL_418422' 'EPI_ISL_418424' 'EPI_ISL_447136' 'EPI_ISL_417437'
 'EPI_ISL_420038' 'EPI_ISL_420046' 'EPI_ISL_420055' 'EPI_ISL_421738'
 'EPI_ISL_421752' 'EPI_ISL_421753' 'EPI_ISL_418417' 'EPI_ISL_418240'
 'EPI_ISL_420040' 'EPI_ISL_419587' 'EPI_ISL_416499' 'EPI_ISL_417339'
 'EPI_ISL_419578' 'EPI_ISL_417337' 'EPI_ISL_416754' 'EPI_ISL_416756'
 'EPI_ISL_415651' 'EPI_ISL_415652' 'EPI_ISL_416751' 'EPI_ISL_417334'
 'EPI_ISL_416747' 'EPI_ISL_416749' 'EPI_ISL_416752' 'MT451041.1'
 'MT451177.1' 'MT451179.1' 'MT451194.1' 'EPI_ISL_445282' 'EPI_ISL_445311'
 'EPI_ISL_452223' 'EPI_ISL_429115' 'EPI_ISL_415704' 'EPI_ISL_429212'
 'EPI_ISL_415706' 'EPI_ISL_429208' 'EPI_ISL_429196' 'EPI_ISL_415705'
 'EPI_ISL_429211' 'EPI_ISL_415707' 'EPI_ISL_421453']",1,0.001327564262805766
507(Deletion:ATGGTCATGTTATGGT->A);3037(SNP:C->T);14408(SNP:C->T);15324(SNP:C->T);23403(SNP:A->G),2020-06-01,['NMDC60013187'],B.1,China,"['EPI_ISL_416493' 'EPI_ISL_417946' 'EPI_ISL_417947' 'EPI_ISL_418024'
 'EPI_ISL_418230' 'EPI_ISL_418231' 'EPI_ISL_418234' 'EPI_ISL_418628'
 'EPI_ISL_418632' 'EPI_ISL_418634' 'EPI_ISL_418635' 'EPI_ISL_418648'
 'EPI_ISL_418657' 'EPI_ISL_418659' 'EPI_ISL_418795' 'EPI_ISL_419593'
 'EPI_ISL_420035' 'EPI_ISL_420039' 'EPI_ISL_420083' 'EPI_ISL_420365'
 'EPI_ISL_420368' 'EPI_ISL_420373' 'EPI_ISL_420380' 'EPI_ISL_420382'
 'EPI_ISL_420384' 'EPI_ISL_420389' 'EPI_ISL_420390' 'EPI_ISL_420395'
 'EPI_ISL_420396' 'EPI_ISL_420397' 'EPI_ISL_420427' 'EPI_ISL_420432'
 'EPI_ISL_420434' 'EPI_ISL_420440' 'EPI_ISL_420452' 'EPI_ISL_421508'
 'EPI_ISL_421745' 'EPI_ISL_421746' 'MT320538.2' 'EPI_ISL_427394'
 'EPI_ISL_428890' 'EPI_ISL_429724' 'EPI_ISL_429766' 'EPI_ISL_429782'
 'EPI_ISL_434621' 'EPI_ISL_434622' 'EPI_ISL_434623' 'EPI_ISL_434624'
 'EPI_ISL_434625' 'EPI_ISL_434631' 'EPI_ISL_434632' 'EPI_ISL_434633'
 'EPI_ISL_434634' 'EPI_ISL_435032' 'EPI_ISL_433646' 'EPI_ISL_437348'
 'EPI_ISL_437350' 'FR994049.1' 'EPI_ISL_443291' 'EPI_ISL_444969'
 'EPI_ISL_445069' 'MT358643.1' 'MT470101.1' 'MT470102.1' 'MT470106.1'
 'MT470110.1' 'MT470113.1' 'MT470114.1' 'MT470118.1' 'MT470124.1'
 'MT470133.1' 'MT470136.1' 'MT470138.1' 'MT470140.1' 'MT470143.1'
 'MT470148.1' 'MT470155.1' 'MT470162.1' 'MT470164.1' 'MT470165.1'
 'MT470167.1' 'MT470173.1' 'MT470176.1' 'EPI_ISL_445216' 'EPI_ISL_445272'
 'EPI_ISL_450519' 'LR824235.1' 'LR824247.1' 'LR824250.1' 'LR824268.1'
 'LR824263.1' 'LR824266.1' 'LR824283.1' 'LR824301.1' 'LR824326.1'
 'LR824321.1' 'LR824318.1' 'LR824325.1' 'LR824342.1' 'LR824371.1'
 'LR824381.1' 'LR824400.1' 'LR824409.1' 'LR824413.1' 'LR824414.1'
 'EPI_ISL_451935' 'EPI_ISL_452148' 'EPI_ISL_452151' 'EPI_ISL_452152'
 'EPI_ISL_453982' 'EPI_ISL_457974' 'NMDC60013159' 'NMDC60013162'
 'NMDC60013163' 'NMDC60013164' 'NMDC60013165' 'NMDC60013166'
 'NMDC60013167' 'NMDC60013168' 'NMDC60013169' 'NMDC60013170'
 'NMDC60013171' 'NMDC60013172' 'NMDC60013173' 'NMDC60013174'
 'NMDC60013175' 'NMDC60013176' 'NMDC60013177' 'NMDC60013184'
 'NMDC60013186' 'NMDC60013188' 'NMDC60013189' 'NMDC60013190'
 'NMDC60013191' 'NMDC60013192' 'NMDC60013193' 'NMDC60013194'
 'NMDC60013195' 'NMDC60013196' 'NMDC60013197' 'NMDC60013198'
 'NMDC60013199' 'NMDC60013239' 'NMDC60013240' 'NMDC60013242' 'LR794385.1'
 'LR794405.1' 'LR794433.1' 'LR794462.1' 'LR794514.1' 'LR794519.1'
 'LR794530.1' 'LR794549.1' 'LR794564.1' 'LR794619.1' 'LR794620.1'
 'LR794650.1' 'EPI_ISL_421932' 'EPI_ISL_420624' 'EPI_ISL_420620'
 'EPI_ISL_420609' 'EPI_ISL_420611' 'EPI_ISL_420619' 'EPI_ISL_420598'
 'EPI_ISL_420605' 'EPI_ISL_451091' 'EPI_ISL_434889' 'EPI_ISL_451087'
 'EPI_ISL_451084' 'EPI_ISL_455978' 'EPI_ISL_439246' 'EPI_ISL_453745'
 'EPI_ISL_453760' 'EPI_ISL_439159' 'EPI_ISL_432762' 'EPI_ISL_434503'
 'EPI_ISL_434493' 'EPI_ISL_442479' 'EPI_ISL_427379' 'EPI_ISL_427385'
 'EPI_ISL_432478' 'EPI_ISL_424658' 'EPI_ISL_424652' 'EPI_ISL_424655'
 'EPI_ISL_424644' 'EPI_ISL_424642' 'EPI_ISL_424650' 'EPI_ISL_424633'
 'EPI_ISL_424640' 'EPI_ISL_428944' 'EPI_ISL_421204' 'EPI_ISL_423583'
 'EPI_ISL_433499' 'EPI_ISL_429571' 'EPI_ISL_435421' 'EPI_ISL_428359'
 'EPI_ISL_443301' 'EPI_ISL_421512' 'EPI_ISL_428352' 'EPI_ISL_432864'
 'EPI_ISL_419182' 'EPI_ISL_419185' 'EPI_ISL_419186' 'EPI_ISL_420063'
 'EPI_ISL_425899' 'EPI_ISL_419170' 'EPI_ISL_443310' 'EPI_ISL_417526'
 'EPI_ISL_420044' 'EPI_ISL_418423' 'EPI_ISL_418427' 'EPI_ISL_421750'
 'EPI_ISL_418422' 'EPI_ISL_418424' 'EPI_ISL_447136' 'EPI_ISL_417437'
 'EPI_ISL_420038' 'EPI_ISL_420046' 'EPI_ISL_420055' 'EPI_ISL_421738'
 'EPI_ISL_421752' 'EPI_ISL_421753' 'EPI_ISL_418417' 'EPI_ISL_418240'
 'EPI_ISL_420040' 'EPI_ISL_419587' 'EPI_ISL_416499' 'EPI_ISL_417339'
 'EPI_ISL_419578' 'EPI_ISL_417337' 'EPI_ISL_416754' 'EPI_ISL_416756'
 'EPI_ISL_415651' 'EPI_ISL_415652' 'EPI_ISL_416751' 'EPI_ISL_417334'
 'EPI_ISL_416747' 'EPI_ISL_416749' 'EPI_ISL_416752' 'MT451041.1'
 'MT451177.1' 'MT451179.1' 'MT451194.1' 'EPI_ISL_445282' 'EPI_ISL_445311'
 'EPI_ISL_452223' 'EPI_ISL_429115' 'EPI_ISL_415704' 'EPI_ISL_429212'
 'EPI_ISL_415706' 'EPI_ISL_429208' 'EPI_ISL_429196' 'EPI_ISL_415705'
 'EPI_ISL_429211' 'EPI_ISL_415707' 'EPI_ISL_421453']",1,0.001327564262805766
3037(SNP:C->T);14408(SNP:C->T);15324(SNP:C->T);23403(SNP:A->G),2020-03-18,"['EPI_ISL_416493' 'EPI_ISL_417946' 'EPI_ISL_417947' 'EPI_ISL_418024'
 'EPI_ISL_418230' 'EPI_ISL_418231' 'EPI_ISL_418234' 'EPI_ISL_418628'
 'EPI_ISL_418632' 'EPI_ISL_418634' 'EPI_ISL_418635' 'EPI_ISL_418648'
 'EPI_ISL_418657' 'EPI_ISL_418659' 'EPI_ISL_418795' 'EPI_ISL_419593'
 'EPI_ISL_420035' 'EPI_ISL_420039' 'EPI_ISL_420083' 'EPI_ISL_420365'
 'EPI_ISL_420368' 'EPI_ISL_420373' 'EPI_ISL_420380' 'EPI_ISL_420382'
 'EPI_ISL_420384' 'EPI_ISL_420389' 'EPI_ISL_420390' 'EPI_ISL_420395'
 'EPI_ISL_420396' 'EPI_ISL_420397' 'EPI_ISL_420427' 'EPI_ISL_420432'
 'EPI_ISL_420434' 'EPI_ISL_420440' 'EPI_ISL_420452' 'EPI_ISL_421508'
 'EPI_ISL_421745' 'EPI_ISL_421746' 'MT320538.2' 'EPI_ISL_427394'
 'EPI_ISL_428890' 'EPI_ISL_429724' 'EPI_ISL_429766' 'EPI_ISL_429782'
 'EPI_ISL_434621' 'EPI_ISL_434622' 'EPI_ISL_434623' 'EPI_ISL_434624'
 'EPI_ISL_434625' 'EPI_ISL_434631' 'EPI_ISL_434632' 'EPI_ISL_434633'
 'EPI_ISL_434634' 'EPI_ISL_435032' 'EPI_ISL_433646' 'EPI_ISL_437348'
 'EPI_ISL_437350' 'FR994049.1' 'EPI_ISL_443291' 'EPI_ISL_444969'
 'EPI_ISL_445069' 'MT358643.1' 'MT470101.1' 'MT470102.1' 'MT470106.1'
 'MT470110.1' 'MT470113.1' 'MT470114.1' 'MT470118.1' 'MT470124.1'
 'MT470133.1' 'MT470136.1' 'MT470138.1' 'MT470140.1' 'MT470143.1'
 'MT470148.1' 'MT470155.1' 'MT470162.1' 'MT470164.1' 'MT470165.1'
 'MT470167.1' 'MT470173.1' 'MT470176.1' 'EPI_ISL_445216' 'EPI_ISL_445272'
 'EPI_ISL_450519' 'LR824235.1' 'LR824247.1' 'LR824250.1' 'LR824268.1'
 'LR824263.1' 'LR824266.1' 'LR824283.1' 'LR824301.1' 'LR824326.1'
 'LR824321.1' 'LR824318.1' 'LR824325.1' 'LR824342.1' 'LR824371.1'
 'LR824381.1' 'LR824400.1' 'LR824409.1' 'LR824413.1' 'LR824414.1'
 'EPI_ISL_451935' 'EPI_ISL_452148' 'EPI_ISL_452151' 'EPI_ISL_452152'
 'EPI_ISL_453982' 'EPI_ISL_457974' 'NMDC60013159' 'NMDC60013162'
 'NMDC60013163' 'NMDC60013164' 'NMDC60013165' 'NMDC60013166'
 'NMDC60013167' 'NMDC60013168' 'NMDC60013169' 'NMDC60013170'
 'NMDC60013171' 'NMDC60013172' 'NMDC60013173' 'NMDC60013174'
 'NMDC60013175' 'NMDC60013176' 'NMDC60013177' 'NMDC60013184'
 'NMDC60013186' 'NMDC60013188' 'NMDC60013189' 'NMDC60013190'
 'NMDC60013191' 'NMDC60013192' 'NMDC60013193' 'NMDC60013194'
 'NMDC60013195' 'NMDC60013196' 'NMDC60013197' 'NMDC60013198'
 'NMDC60013199' 'NMDC60013239' 'NMDC60013240' 'NMDC60013242' 'LR794385.1'
 'LR794405.1' 'LR794433.1' 'LR794462.1' 'LR794514.1' 'LR794519.1'
 'LR794530.1' 'LR794549.1' 'LR794564.1' 'LR794619.1' 'LR794620.1'
 'LR794650.1' 'EPI_ISL_421932' 'EPI_ISL_420624' 'EPI_ISL_420620'
 'EPI_ISL_420609' 'EPI_ISL_420611' 'EPI_ISL_420619' 'EPI_ISL_420598'
 'EPI_ISL_420605' 'EPI_ISL_451091' 'EPI_ISL_434889' 'EPI_ISL_451087'
 'EPI_ISL_451084' 'EPI_ISL_455978' 'EPI_ISL_439246' 'EPI_ISL_453745'
 'EPI_ISL_453760' 'EPI_ISL_439159' 'EPI_ISL_432762' 'EPI_ISL_434503'
 'EPI_ISL_434493' 'EPI_ISL_442479' 'EPI_ISL_427379' 'EPI_ISL_427385'
 'EPI_ISL_432478' 'EPI_ISL_424658' 'EPI_ISL_424652' 'EPI_ISL_424655'
 'EPI_ISL_424644' 'EPI_ISL_424642' 'EPI_ISL_424650' 'EPI_ISL_424633'
 'EPI_ISL_424640' 'EPI_ISL_428944' 'EPI_ISL_421204' 'EPI_ISL_423583'
 'EPI_ISL_433499' 'EPI_ISL_429571' 'EPI_ISL_435421' 'EPI_ISL_428359'
 'EPI_ISL_443301' 'EPI_ISL_421512' 'EPI_ISL_428352' 'EPI_ISL_432864'
 'EPI_ISL_419182' 'EPI_ISL_419185' 'EPI_ISL_419186' 'EPI_ISL_420063'
 'EPI_ISL_425899' 'EPI_ISL_419170' 'EPI_ISL_443310' 'EPI_ISL_417526'
 'EPI_ISL_420044' 'EPI_ISL_418423' 'EPI_ISL_418427' 'EPI_ISL_421750'
 'EPI_ISL_418422' 'EPI_ISL_418424' 'EPI_ISL_447136' 'EPI_ISL_417437'
 'EPI_ISL_420038' 'EPI_ISL_420046' 'EPI_ISL_420055' 'EPI_ISL_421738'
 'EPI_ISL_421752' 'EPI_ISL_421753' 'EPI_ISL_418417' 'EPI_ISL_418240'
 'EPI_ISL_420040' 'EPI_ISL_419587' 'EPI_ISL_416499' 'EPI_ISL_417339'
 'EPI_ISL_419578' 'EPI_ISL_417337' 'EPI_ISL_416754' 'EPI_ISL_416756'
 'EPI_ISL_415651' 'EPI_ISL_415652' 'EPI_ISL_416751' 'EPI_ISL_417334'
 'EPI_ISL_416747' 'EPI_ISL_416749' 'EPI_ISL_416752' 'MT451041.1'
 'MT451177.1' 'MT451179.1' 'MT451194.1' 'EPI_ISL_445282' 'EPI_ISL_445311'
 'EPI_ISL_452223' 'EPI_ISL_429115' 'EPI_ISL_415704' 'EPI_ISL_429212'
 'EPI_ISL_415706' 'EPI_ISL_429208' 'EPI_ISL_429196' 'EPI_ISL_415705'
 'EPI_ISL_429211' 'EPI_ISL_415707' 'EPI_ISL_421453']",B.1,France,"['EPI_ISL_412973' 'EPI_ISL_413555' 'LR878232.1' 'EPI_ISL_414015'
 'EPI_ISL_414016' 'LR878259.1' 'EPI_ISL_414586' 'EPI_ISL_414587'
 'EPI_ISL_414045' 'EPI_ISL_415154' 'EPI_ISL_415156' 'MT252792.1'
 'EPI_ISL_415642' 'EPI_ISL_415655' 'EPI_ISL_416031' 'MT252784.1'
 'EPI_ISL_416742' 'EPI_ISL_417032' 'EPI_ISL_417430' 'EPI_ISL_417447'
 'MT911541.1' 'MT911542.1' 'MT911552.1' 'MT911553.1' 'EPI_ISL_417530'
 'MT525950.1' 'MT334546.1' 'EPI_ISL_417987' 'EPI_ISL_417988'
 'EPI_ISL_417996' 'EPI_ISL_418010' 'EPI_ISL_418012' 'EPI_ISL_418017'
 'EPI_ISL_417445' 'EPI_ISL_418354' 'EPI_ISL_418355' 'EPI_ISL_418629'
 'EPI_ISL_418792' 'EPI_ISL_418793' 'EPI_ISL_418796' 'EPI_ISL_418806'
 'EPI_ISL_418981' 'EPI_ISL_418989' 'MT263438.1' 'MT527184.1'
 'EPI_ISL_419582' 'EPI_ISL_419588' 'EPI_ISL_419693' 'EPI_ISL_420080'
 'EPI_ISL_420125' 'EPI_ISL_420128' 'EPI_ISL_420327' 'EPI_ISL_420345'
 'EPI_ISL_420350' 'EPI_ISL_420364' 'EPI_ISL_420366' 'EPI_ISL_420367'
 'EPI_ISL_420370' 'EPI_ISL_420391' 'MT370835.1' 'EPI_ISL_421689'
 'EPI_ISL_421737' 'LR878169.1' 'MT325576.1' 'MT325579.1' 'MT325594.1'
 'MT325615.1' 'MT325617.1' 'MT325618.1' 'MT325619.1' 'MT325620.1'
 'MT325621.1' 'EPI_ISL_425188' 'EPI_ISL_425201' 'EPI_ISL_425210'
 'EPI_ISL_425212' 'EPI_ISL_425650' 'EPI_ISL_425652' 'EPI_ISL_425653'
 'EPI_ISL_425654' 'EPI_ISL_425663' 'EPI_ISL_425670' 'EPI_ISL_425671'
 'EPI_ISL_425674' 'EPI_ISL_425720' 'EPI_ISL_425724' 'EPI_ISL_425749'
 'EPI_ISL_425763' 'EPI_ISL_425780' 'EPI_ISL_425783' 'EPI_ISL_425788'
 'EPI_ISL_425790' 'EPI_ISL_425797' 'EPI_ISL_425808' 'MT517430.1'
 'MT517432.1' 'MT358664.1' 'EPI_ISL_427528' 'EPI_ISL_428201' 'MT371049.1'
 'EPI_ISL_428828' 'EPI_ISL_428853' 'EPI_ISL_428854' 'EPI_ISL_428885'
 'EPI_ISL_428899' 'EPI_ISL_428901' 'EPI_ISL_428921' 'EPI_ISL_428925'
 'EPI_ISL_428926' 'EPI_ISL_429148' 'EPI_ISL_429150' 'EPI_ISL_429151'
 'EPI_ISL_429153' 'EPI_ISL_429154' 'EPI_ISL_429156' 'EPI_ISL_429158'
 'EPI_ISL_429160' 'MT375459.1' 'EPI_ISL_429695' 'EPI_ISL_429716'
 'EPI_ISL_430469' 'EPI_ISL_430860' 'EPI_ISL_430861' 'MT429187.1'
 'EPI_ISL_434645' 'EPI_ISL_434649' 'EPI_ISL_434654' 'EPI_ISL_434655'
 'MT415321.1' 'EPI_ISL_435136' 'EPI_ISL_435140' 'EPI_ISL_431102'
 'EPI_ISL_436454' 'EPI_ISL_436455' 'EPI_ISL_436457' 'EPI_ISL_436460'
 'EPI_ISL_436461' 'MT439253.1' 'MT439279.1' 'MT439296.1' 'EPI_ISL_437335'
 'EPI_ISL_437754' 'MT461653.1' 'MT461655.1' 'MT459896.1' 'MT459925.1'
 'EPI_ISL_438913' 'EPI_ISL_439063' 'EPI_ISL_439080' 'FR994746.1'
 'FR994405.1' 'FR994445.1' 'MT466583.1' 'MT470177.1' 'EPI_ISL_445221'
 'EPI_ISL_445222' 'EPI_ISL_445226' 'EPI_ISL_445229' 'EPI_ISL_445287'
 'MT472625.1' 'MT472626.1' 'MT472627.1' 'MT477835.1' 'MT477837.1'
 'MT477839.1' 'MT477846.1' 'MT477849.1' 'MT477850.1' 'MT477859.1'
 'EPI_ISL_448540' 'MT535488.1' 'EPI_ISL_450041' 'EPI_ISL_450048'
 'EPI_ISL_450108' 'EPI_ISL_450125' 'EPI_ISL_450530' 'EPI_ISL_450808'
 'EPI_ISL_450836' 'EPI_ISL_450843' 'MT506905.1' 'EPI_ISL_451198'
 'EPI_ISL_451201' 'EPI_ISL_451202' 'EPI_ISL_451306' 'EPI_ISL_451308'
 'EPI_ISL_451309' 'LR824402.1' 'EPI_ISL_451961' 'MT511067.1' 'MT511071.1'
 'MT511073.1' 'MT511074.1' 'MT512442.1' 'EPI_ISL_452195' 'EPI_ISL_452196'
 'EPI_ISL_452230' 'EPI_ISL_452238' 'MT510999.1' 'EPI_ISL_453839'
 'EPI_ISL_453981' 'EPI_ISL_454000' 'EPI_ISL_454021' 'EPI_ISL_454127'
 'EPI_ISL_454132' 'EPI_ISL_454134' 'EPI_ISL_454163' 'EPI_ISL_454233'
 'EPI_ISL_454450' 'EPI_ISL_454456' 'EPI_ISL_454457' 'EPI_ISL_454464'
 'EPI_ISL_454465' 'EPI_ISL_454466' 'EPI_ISL_454475' 'EPI_ISL_454478'
 'EPI_ISL_454484' 'EPI_ISL_454487' 'EPI_ISL_454488' 'EPI_ISL_454489'
 'EPI_ISL_454491' 'EPI_ISL_454492' 'EPI_ISL_454494' 'EPI_ISL_454496'
 'EPI_ISL_454583' 'MT536971.1' 'MT533234.1' 'EPI_ISL_454782'
 'EPI_ISL_454874' 'EPI_ISL_454875' 'EPI_ISL_454880' 'EPI_ISL_454886'
 'EPI_ISL_454896' 'EPI_ISL_455327' 'EPI_ISL_455353' 'EPI_ISL_455444'
 'EPI_ISL_455841' 'EPI_ISL_455847' 'EPI_ISL_455855' 'EPI_ISL_455858'
 'EPI_ISL_455861' 'EPI_ISL_455863' 'EPI_ISL_455868' 'EPI_ISL_455869'
 'EPI_ISL_455870' 'EPI_ISL_455872' 'EPI_ISL_455873' 'EPI_ISL_455876'
 'EPI_ISL_455877' 'EPI_ISL_455878' 'EPI_ISL_455881' 'EPI_ISL_455882'
 'LR822004.1' 'EPI_ISL_457699' 'EPI_ISL_457700' 'EPI_ISL_457722'
 'EPI_ISL_457727' 'EPI_ISL_457985' 'MT520212.1' 'MT520340.1' 'MT520400.1'
 'MT520479.1' 'MT520546.1' 'MT510694.1' 'MT510698.1' 'MT510703.1'
 'MT511083.1' 'EPI_ISL_412964' 'EPI_ISL_421839' 'EPI_ISL_427337'
 'EPI_ISL_451197' 'EPI_ISL_455727' 'EPI_ISL_420636' 'EPI_ISL_420985'
 'EPI_ISL_420586' 'EPI_ISL_420563' 'EPI_ISL_420585' 'EPI_ISL_420901'
 'EPI_ISL_419681' 'EPI_ISL_455631' 'EPI_ISL_452191' 'EPI_ISL_435028'
 'EPI_ISL_452190' 'EPI_ISL_435020' 'EPI_ISL_435017' 'EPI_ISL_434999'
 'EPI_ISL_434970' 'EPI_ISL_434979' 'EPI_ISL_434985' 'EPI_ISL_434994'
 'EPI_ISL_434963' 'EPI_ISL_434957' 'EPI_ISL_434951' 'EPI_ISL_434959'
 'EPI_ISL_434947' 'EPI_ISL_434914' 'EPI_ISL_452185' 'EPI_ISL_434894'
 'EPI_ISL_434539' 'EPI_ISL_422438' 'EPI_ISL_434876' 'EPI_ISL_452184'
 'EPI_ISL_434878' 'EPI_ISL_434960' 'EPI_ISL_434868' 'EPI_ISL_434858'
 'EPI_ISL_434859' 'EPI_ISL_452181' 'EPI_ISL_434822' 'EPI_ISL_434808'
 'EPI_ISL_434805' 'EPI_ISL_418797' 'EPI_ISL_417418' 'EPI_ISL_417421'
 'EPI_ISL_417419' 'EPI_ISL_417423' 'EPI_ISL_454816' 'EPI_ISL_455965'
 'EPI_ISL_455966' 'EPI_ISL_455755' 'EPI_ISL_448111' 'EPI_ISL_455786'
 'EPI_ISL_455787' 'EPI_ISL_455662' 'EPI_ISL_455663' 'EPI_ISL_441872'
 'EPI_ISL_448410' 'EPI_ISL_441864' 'EPI_ISL_436727' 'EPI_ISL_436730'
 'EPI_ISL_438747' 'EPI_ISL_453586' 'EPI_ISL_450288' 'EPI_ISL_438663'
 'EPI_ISL_453601' 'EPI_ISL_438984' 'EPI_ISL_447453' 'EPI_ISL_455652'
 'EPI_ISL_455654' 'EPI_ISL_444432' 'EPI_ISL_455650' 'EPI_ISL_456932'
 'EPI_ISL_456934' 'EPI_ISL_444253' 'EPI_ISL_455647' 'EPI_ISL_433193'
 'EPI_ISL_449724' 'EPI_ISL_449698' 'EPI_ISL_450243' 'EPI_ISL_433137'
 'EPI_ISL_433490' 'EPI_ISL_434051' 'EPI_ISL_436462' 'EPI_ISL_441465'
 'EPI_ISL_444214' 'EPI_ISL_447467' 'EPI_ISL_449676' 'EPI_ISL_452058'
 'EPI_ISL_453106' 'EPI_ISL_430105' 'EPI_ISL_433112' 'EPI_ISL_433123'
 'EPI_ISL_444209' 'EPI_ISL_446027' 'EPI_ISL_453105' 'EPI_ISL_437209'
 'EPI_ISL_439277' 'EPI_ISL_444155' 'EPI_ISL_433088' 'EPI_ISL_433464'
 'EPI_ISL_448168' 'EPI_ISL_433068' 'EPI_ISL_433935' 'EPI_ISL_433940'
 'EPI_ISL_433967' 'EPI_ISL_437208' 'EPI_ISL_445702' 'EPI_ISL_445724'
 'EPI_ISL_445856' 'EPI_ISL_433899' 'EPI_ISL_433905' 'EPI_ISL_437216'
 'EPI_ISL_448142' 'EPI_ISL_433885' 'EPI_ISL_437215' 'EPI_ISL_449126'
 'EPI_ISL_445649' 'EPI_ISL_449143' 'EPI_ISL_432304' 'EPI_ISL_430071'
 'EPI_ISL_432271' 'EPI_ISL_434505' 'EPI_ISL_445625' 'EPI_ISL_445631'
 'EPI_ISL_445672' 'EPI_ISL_448463' 'EPI_ISL_448797' 'EPI_ISL_427366'
 'EPI_ISL_433846' 'EPI_ISL_437291' 'EPI_ISL_441016' 'EPI_ISL_444097'
 'EPI_ISL_445681' 'EPI_ISL_445682' 'EPI_ISL_432875' 'EPI_ISL_433383'
 'EPI_ISL_433406' 'EPI_ISL_445572' 'EPI_ISL_445677' 'EPI_ISL_445698'
 'EPI_ISL_451170' 'EPI_ISL_428954' 'EPI_ISL_432279' 'EPI_ISL_433721'
 'EPI_ISL_433730' 'EPI_ISL_433731' 'EPI_ISL_441036' 'EPI_ISL_441045'
 'EPI_ISL_432194' 'EPI_ISL_432204' 'EPI_ISL_432243' 'EPI_ISL_432252'
 'EPI_ISL_432267' 'EPI_ISL_433248' 'EPI_ISL_437287' 'EPI_ISL_455646'
 'EPI_ISL_433249' 'EPI_ISL_433668' 'EPI_ISL_433674' 'EPI_ISL_456908'
 'EPI_ISL_433683' 'EPI_ISL_437278' 'EPI_ISL_437279' 'EPI_ISL_450732'
 'EPI_ISL_425435' 'EPI_ISL_433688' 'EPI_ISL_440987' 'EPI_ISL_440989'
 'EPI_ISL_425434' 'EPI_ISL_425437' 'EPI_ISL_421193' 'EPI_ISL_422105'
 'EPI_ISL_432208' 'EPI_ISL_432238' 'EPI_ISL_432282' 'EPI_ISL_432307'
 'EPI_ISL_425309' 'EPI_ISL_437276' 'EPI_ISL_444656' 'EPI_ISL_455643'
 'EPI_ISL_456898' 'EPI_ISL_456956' 'EPI_ISL_457009' 'EPI_ISL_425236'
 'EPI_ISL_422061' 'EPI_ISL_422120' 'EPI_ISL_432481' 'EPI_ISL_432777'
 'EPI_ISL_423368' 'EPI_ISL_450728' 'EPI_ISL_457156' 'EPI_ISL_425312'
 'EPI_ISL_422043' 'EPI_ISL_422054' 'EPI_ISL_422140' 'EPI_ISL_423401'
 'EPI_ISL_429755' 'EPI_ISL_444879' 'EPI_ISL_450727' 'EPI_ISL_425313'
 'EPI_ISL_422018' 'EPI_ISL_422057' 'EPI_ISL_422096' 'EPI_ISL_423375'
 'EPI_ISL_423387' 'EPI_ISL_425310' 'EPI_ISL_438116' 'EPI_ISL_438118'
 'EPI_ISL_455640' 'EPI_ISL_456044' 'EPI_ISL_425311' 'EPI_ISL_420179'
 'EPI_ISL_420192' 'EPI_ISL_420210' 'EPI_ISL_422020' 'EPI_ISL_422027'
 'EPI_ISL_422037' 'EPI_ISL_422070' 'EPI_ISL_422112' 'EPI_ISL_438113'
 'EPI_ISL_425314' 'EPI_ISL_422038' 'EPI_ISL_429579' 'EPI_ISL_433535'
 'EPI_ISL_434372' 'EPI_ISL_429550' 'EPI_ISL_422110' 'EPI_ISL_456039'
 'EPI_ISL_420243' 'EPI_ISL_423119' 'EPI_ISL_425064' 'EPI_ISL_429537'
 'EPI_ISL_437950' 'EPI_ISL_438102' 'EPI_ISL_447299' 'EPI_ISL_425315'
 'EPI_ISL_422067' 'EPI_ISL_423809' 'EPI_ISL_425063' 'EPI_ISL_438094'
 'EPI_ISL_447305' 'EPI_ISL_425570' 'EPI_ISL_432207' 'EPI_ISL_433433'
 'EPI_ISL_419187' 'EPI_ISL_453484' 'EPI_ISL_429778' 'EPI_ISL_438081'
 'EPI_ISL_447123' 'EPI_ISL_457641' 'EPI_ISL_436723' 'EPI_ISL_437258'
 'EPI_ISL_444595' 'EPI_ISL_425287' 'EPI_ISL_420074' 'EPI_ISL_423181'
 'EPI_ISL_424010' 'EPI_ISL_429735' 'EPI_ISL_452031' 'EPI_ISL_434800'
 'EPI_ISL_423053' 'EPI_ISL_425862' 'EPI_ISL_421760' 'EPI_ISL_421759'
 'EPI_ISL_421757' 'EPI_ISL_417569' 'EPI_ISL_417572' 'EPI_ISL_429226'
 'EPI_ISL_418673' 'EPI_ISL_417831' 'EPI_ISL_437234' 'EPI_ISL_437977'
 'EPI_ISL_425826' 'EPI_ISL_437992' 'EPI_ISL_418671' 'EPI_ISL_418849'
 'EPI_ISL_418857' 'EPI_ISL_417803' 'EPI_ISL_425827' 'EPI_ISL_437211'
 'EPI_ISL_437940' 'EPI_ISL_418846' 'EPI_ISL_425785' 'EPI_ISL_425828'
 'EPI_ISL_425830' 'EPI_ISL_435060' 'EPI_ISL_437941' 'EPI_ISL_437982'
 'EPI_ISL_437983' 'EPI_ISL_438028' 'EPI_ISL_418842' 'EPI_ISL_452001'
 'EPI_ISL_416524' 'EPI_ISL_416525' 'EPI_ISL_417691' 'EPI_ISL_418211'
 'EPI_ISL_418212' 'EPI_ISL_418839' 'EPI_ISL_418210' 'EPI_ISL_429405'
 'EPI_ISL_451991' 'EPI_ISL_429399' 'EPI_ISL_418667' 'EPI_ISL_429340'
 'EPI_ISL_429346' 'EPI_ISL_437660' 'EPI_ISL_438009' 'EPI_ISL_437929'
 'EPI_ISL_417266' 'EPI_ISL_414631' 'EPI_ISL_415629' 'EPI_ISL_416494'
 'EPI_ISL_417222' 'EPI_ISL_438001' 'EPI_ISL_438002' 'EPI_ISL_417227'
 'EPI_ISL_414525' 'EPI_ISL_413648' 'EPI_ISL_414624' 'EPI_ISL_417972'
 'EPI_ISL_422694' 'EPI_ISL_425139' 'EPI_ISL_435049' 'EPI_ISL_435050'
 'EPI_ISL_435054' 'EPI_ISL_437448' 'EPI_ISL_444460' 'EPI_ISL_444468'
 'EPI_ISL_444473' 'EPI_ISL_444481' 'EPI_ISL_445244' 'EPI_ISL_447031'
 'EPI_ISL_447047' 'EPI_ISL_447549' 'EPI_ISL_447550' 'EPI_ISL_447551'
 'EPI_ISL_447554' 'EPI_ISL_450788' 'EPI_ISL_451964' 'MT385474.1'
 'MT451002.1' 'MT451040.1' 'MT451077.1' 'MT451118.1' 'MT451124.1'
 'MT451160.1' 'MT451162.1' 'MT451166.1' 'MT451167.1' 'MT451170.1'
 'MT451178.1' 'MT451597.1' 'MT451884.1' 'MT467244.1' 'MT467250.1'
 'MT467257.1' 'MT481902.1' 'MT481903.1' 'MT481904.1' 'MT481907.1'
 'MT496973.1' 'MT496977.1' 'MT496990.1' 'MT509504.1' 'MT535495.1'
 'MT535497.1' 'EPI_ISL_429110' 'EPI_ISL_457714' 'EPI_ISL_458135'
 'EPI_ISL_426590' 'EPI_ISL_426497' 'EPI_ISL_426490' 'EPI_ISL_450323'
 'EPI_ISL_458064' 'EPI_ISL_458065' 'EPI_ISL_436271' 'EPI_ISL_436240'
 'EPI_ISL_436201' 'EPI_ISL_436203' 'EPI_ISL_436207' 'EPI_ISL_436295'
 'EPI_ISL_436397' 'EPI_ISL_445246' 'EPI_ISL_445254' 'EPI_ISL_416143'
 'EPI_ISL_416144' 'EPI_ISL_416153' 'EPI_ISL_416141' 'EPI_ISL_452794'
 'EPI_ISL_429123' 'EPI_ISL_429144' 'EPI_ISL_429207' 'EPI_ISL_420303'
 'EPI_ISL_420304' 'EPI_ISL_431013' 'EPI_ISL_431015' 'EPI_ISL_431018'
 'EPI_ISL_424347' 'EPI_ISL_427619' 'EPI_ISL_435443' 'EPI_ISL_421281'
 'EPI_ISL_416832' 'EPI_ISL_436468' 'EPI_ISL_436500' 'EPI_ISL_17332714']",1,0.6279123157191039
